
  .   ____          _            __ _ _
 /\\ / ___'_ __ _ _(_)_ __  __ _ \ \ \ \
( ( )\___ | '_ | '_| | '_ \/ _` | \ \ \ \
 \\/  ___)| |_)| | | | | || (_| |  ) ) ) )
  '  |____| .__|_| |_|_| |_\__, | / / / /
 =========|_|==============|___/=/_/_/_/

 :: Spring Boot ::                (v4.1.1)

2026-09-26T14:41:17.882+07:00  INFO 12540 --- [library_management] [           main] c.g.l.LibraryManagementApplication       : Starting LibraryManagementApplication v0.0.1-SNAPSHOT using Java 24.0.2 with PID 12540 (D:\learn_android_programming\project_mobile_group2\PROJECT-ANDROID-PROGRAMMING\code_api\library_management\target\library_management-0.0.1-SNAPSHOT.jar started by hai in D:\learn_android_programming\project_mobile_group2\PROJECT-ANDROID-PROGRAMMING\code_api\library_management)
2026-09-26T14:41:17.890+07:00  INFO 12540 --- [library_management] [           main] c.g.l.LibraryManagementApplication       : No active profile set, falling back to 1 default profile: "default"
2026-09-26T14:41:17.891+07:00 DEBUG 12540 --- [library_management] [           main] o.s.boot.SpringApplication               : Loading source class com.group_7.library_management.LibraryManagementApplication
2026-09-26T14:41:17.976+07:00 DEBUG 12540 --- [library_management] [           main] ConfigServletWebServerApplicationContext : Refreshing org.springframework.boot.web.server.servlet.context.AnnotationConfigServletWebServerApplicationContext@6ce86ce1
2026-09-26T14:41:19.250+07:00  INFO 12540 --- [library_management] [           main] .s.d.r.c.RepositoryConfigurationDelegate : Bootstrapping Spring Data JPA repositories in DEFAULT mode.
2026-09-26T14:41:19.279+07:00 DEBUG 12540 --- [library_management] [           main] o.s.b.a.AutoConfigurationPackages        : @EnableAutoConfiguration was declared on a class in the package 'com.group_7.library_management'. Automatic @Repository and @Entity scanning is enabled.
2026-09-26T14:41:19.358+07:00  INFO 12540 --- [library_management] [           main] .s.d.r.c.RepositoryConfigurationDelegate : Finished Spring Data repository scanning in 97 ms. Found 17 JPA repository interfaces.
2026-09-26T14:41:28.176+07:00 DEBUG 12540 --- [library_management] [           main] o.s.b.t.s.TomcatServletWebServerFactory  : Code archive: D:\learn_android_programming\project_mobile_group2\PROJECT-ANDROID-PROGRAMMING\code_api\library_management\target\library_management-0.0.1-SNAPSHOT.jar
2026-09-26T14:41:28.178+07:00 DEBUG 12540 --- [library_management] [           main] o.s.b.t.s.TomcatServletWebServerFactory  : Code archive: D:\learn_android_programming\project_mobile_group2\PROJECT-ANDROID-PROGRAMMING\code_api\library_management\target\library_management-0.0.1-SNAPSHOT.jar
2026-09-26T14:41:28.179+07:00 DEBUG 12540 --- [library_management] [           main] o.s.b.t.s.TomcatServletWebServerFactory  : None of the document roots [src/main/webapp, public, static] point to a directory and will be ignored.
2026-09-26T14:41:28.207+07:00  INFO 12540 --- [library_management] [           main] o.s.boot.tomcat.TomcatWebServer          : Tomcat initialized with port 8386 (http)
2026-09-26T14:41:28.225+07:00  INFO 12540 --- [library_management] [           main] o.apache.catalina.core.StandardService   : Starting service [Tomcat]
2026-09-26T14:41:28.226+07:00  INFO 12540 --- [library_management] [           main] o.apache.catalina.core.StandardEngine    : Starting Servlet engine: [Apache Tomcat/11.0.24]
2026-09-26T14:41:28.259+07:00 DEBUG 12540 --- [library_management] [           main] b.w.c.s.WebApplicationContextInitializer : Published root WebApplicationContext as ServletContext attribute with name [org.springframework.web.context.WebApplicationContext.ROOT]
2026-09-26T14:41:28.259+07:00  INFO 12540 --- [library_management] [           main] b.w.c.s.WebApplicationContextInitializer : Root WebApplicationContext: initialization completed in 10283 ms
2026-09-26T14:41:28.489+07:00  INFO 12540 --- [library_management] [           main] org.hibernate.orm.jpa                    : HHH008540: Processing PersistenceUnitInfo [name: default]
2026-09-26T14:41:28.589+07:00  INFO 12540 --- [library_management] [           main] org.hibernate.orm.core                   : HHH000001: Hibernate ORM core version 7.4.5.Final
2026-09-26T14:41:29.312+07:00  INFO 12540 --- [library_management] [           main] o.s.o.j.p.SpringPersistenceUnitInfo      : No LoadTimeWeaver setup: ignoring JPA class transformer
2026-09-26T14:41:29.345+07:00  INFO 12540 --- [library_management] [           main] com.zaxxer.hikari.HikariDataSource       : HikariPool-1 - Starting...
2026-09-26T14:41:29.592+07:00  INFO 12540 --- [library_management] [           main] com.zaxxer.hikari.pool.HikariPool        : HikariPool-1 - Added connection com.mysql.cj.jdbc.ConnectionImpl@32513dea
2026-09-26T14:41:29.594+07:00  INFO 12540 --- [library_management] [           main] com.zaxxer.hikari.HikariDataSource       : HikariPool-1 - Start completed.
2026-09-26T14:41:29.675+07:00  INFO 12540 --- [library_management] [           main] org.hibernate.orm.connections.pooling    : HHH10001005: Database info:
	Database JDBC URL [jdbc:mysql://localhost:3306/library_management?useSSL=false&allowPublicKeyRetrieval=true&serverTimezone=Asia/Ho_Chi_Minh]
	Database driver: MySQL Connector/J
	Database dialect: MySQLDialect
	Database version: 9.3
	Default catalog/schema: library_management/undefined
	Autocommit mode: undefined/unknown
	Isolation level: REPEATABLE_READ [default REPEATABLE_READ]
	JDBC fetch size: none
	Pool: DataSourceConnectionProvider
	Minimum pool size: undefined/unknown
	Maximum pool size: undefined/unknown
2026-09-26T14:41:31.284+07:00  INFO 12540 --- [library_management] [           main] org.hibernate.orm.core                   : HHH000489: No JTA platform available (set 'hibernate.transaction.jta.platform' to enable JTA platform integration)
2026-09-26T14:41:31.369+07:00 DEBUG 12540 --- [library_management] [           main] org.hibernate.SQL                        : alter table book_copies modify column status enum ('AVAILABLE','BORROWED','DAMAGED','LOST','MAINTENANCE','RESERVED') not null
2026-09-26T14:41:31.393+07:00 DEBUG 12540 --- [library_management] [           main] org.hibernate.SQL                        : alter table borrow_records modify column payment_method enum ('CASH','SEPAY')
2026-09-26T14:41:31.410+07:00 DEBUG 12540 --- [library_management] [           main] org.hibernate.SQL                        : alter table borrow_records modify column status enum ('BORROWED','CANCELLED','OVERDUE','PENDING_PAYMENT','REQUESTED','RETURNED') not null
2026-09-26T14:41:31.432+07:00 DEBUG 12540 --- [library_management] [           main] org.hibernate.SQL                        : alter table notifications modify column action_type enum ('BOOK_DETAIL','BOOK_REVIEWS','BORROW_LIST','BORROW_ORDER_DETAIL','BORROW_PAYMENT','FAVORITE_LIST','NONE','PROFILE','SUPPORT')
2026-09-26T14:41:31.442+07:00 DEBUG 12540 --- [library_management] [           main] org.hibernate.SQL                        : alter table notifications modify column type enum ('BOOK','ERROR','INFO','SUCCESS','WARNING') not null
2026-09-26T14:41:31.450+07:00 DEBUG 12540 --- [library_management] [           main] org.hibernate.SQL                        : alter table password_reset_verifications modify column verification_channel enum ('EMAIL','SMS') not null
2026-09-26T14:41:31.460+07:00 DEBUG 12540 --- [library_management] [           main] org.hibernate.SQL                        : alter table registration_verifications modify column verification_channel enum ('EMAIL','SMS')
2026-09-26T14:41:31.468+07:00 DEBUG 12540 --- [library_management] [           main] org.hibernate.SQL                        : alter table support_requests modify column status enum ('CLOSED','IN_PROGRESS','OPEN','RESOLVED') not null
2026-09-26T14:41:31.478+07:00 DEBUG 12540 --- [library_management] [           main] org.hibernate.SQL                        : alter table users modify column role enum ('ADMIN','USER') not null
2026-09-26T14:41:31.554+07:00  INFO 12540 --- [library_management] [           main] j.LocalContainerEntityManagerFactoryBean : Initialized JPA EntityManagerFactory for persistence unit 'default'
2026-09-26T14:41:31.638+07:00  INFO 12540 --- [library_management] [           main] o.s.d.j.r.query.QueryEnhancerFactories   : Hibernate is in classpath; If applicable, HQL parser will be used.
2026-09-26T14:41:31.973+07:00 DEBUG 12540 --- [library_management] [           main] o.s.b.w.s.ServletContextInitializerBeans : Mapping filters: springSecurityFilterChain urls=[/*] order=-100, characterEncodingFilter urls=[/*] order=-2147483648, formContentFilter urls=[/*] order=-9900, requestContextFilter urls=[/*] order=-105, bearerTokenAuthenticationFilter urls=[/*] order=2147483647
2026-09-26T14:41:31.974+07:00 DEBUG 12540 --- [library_management] [           main] o.s.b.w.s.ServletContextInitializerBeans : Mapping servlets: dispatcherServlet urls=[/]
2026-09-26T14:41:32.009+07:00 DEBUG 12540 --- [library_management] [           main] o.s.b.s.f.OrderedRequestContextFilter    : Filter 'requestContextFilter' configured for use
2026-09-26T14:41:32.010+07:00 DEBUG 12540 --- [library_management] [           main] o.s.b.s.f.OrderedCharacterEncodingFilter : Filter 'characterEncodingFilter' configured for use
2026-09-26T14:41:32.011+07:00 DEBUG 12540 --- [library_management] [           main] .DelegatingFilterProxyRegistrationBean$1 : Filter 'springSecurityFilterChain' configured for use
2026-09-26T14:41:32.012+07:00 DEBUG 12540 --- [library_management] [           main] o.s.b.s.filter.OrderedFormContentFilter  : Filter 'formContentFilter' configured for use
2026-09-26T14:41:35.178+07:00  WARN 12540 --- [library_management] [           main] .s.a.UserDetailsServiceAutoConfiguration : 

Using generated security password: ddd19403-1952-4bef-ab95-9f0d7d9bcded

This generated password is for development use only. Your security configuration must be updated before running your application in production.

2026-09-26T14:41:35.195+07:00  INFO 12540 --- [library_management] [           main] r$InitializeUserDetailsManagerConfigurer : Global AuthenticationManager configured with UserDetailsService bean with name inMemoryUserDetailsManager
2026-09-26T14:41:35.652+07:00 DEBUG 12540 --- [library_management] [           main] s.w.s.m.m.a.RequestMappingHandlerMapping : 85 mappings in 'requestMappingHandlerMapping'
2026-09-26T14:41:35.693+07:00 DEBUG 12540 --- [library_management] [           main] o.s.w.s.handler.SimpleUrlHandlerMapping  : Patterns [/webjars/**, /**, /uploads/book-covers/**] in 'resourceHandlerMapping'
2026-09-26T14:41:35.747+07:00 DEBUG 12540 --- [library_management] [           main] s.w.s.m.m.a.RequestMappingHandlerAdapter : ControllerAdvice beans: 0 @ModelAttribute, 0 @InitBinder, 2 RequestBodyAdvice, 1 ResponseBodyAdvice
2026-09-26T14:41:35.847+07:00 DEBUG 12540 --- [library_management] [           main] .m.m.a.ExceptionHandlerExceptionResolver : ControllerAdvice beans: 1 @ExceptionHandler, 1 ResponseBodyAdvice
2026-09-26T14:41:36.047+07:00  INFO 12540 --- [library_management] [           main] o.s.boot.tomcat.TomcatWebServer          : Tomcat started on port 8386 (http) with context path '/'
2026-09-26T14:41:36.062+07:00 DEBUG 12540 --- [library_management] [           main] .s.b.a.l.ConditionEvaluationReportLogger : 


============================
CONDITIONS EVALUATION REPORT
============================


Positive matches:
-----------------

   AopAutoConfiguration matched:
      - @ConditionalOnBooleanProperty (spring.aop.auto=true) matched (OnPropertyCondition)

   AopAutoConfiguration.AspectJAutoProxyingConfiguration matched:
      - @ConditionalOnClass found required class 'org.aspectj.weaver.Advice' (OnClassCondition)

   AopAutoConfiguration.AspectJAutoProxyingConfiguration.CglibAutoProxyConfiguration matched:
      - @ConditionalOnBooleanProperty (spring.aop.proxy-target-class=true) matched (OnPropertyCondition)

   ApplicationAvailabilityAutoConfiguration#applicationAvailability matched:
      - @ConditionalOnMissingBean (types: org.springframework.boot.availability.ApplicationAvailability; SearchStrategy: all) did not find any beans (OnBeanCondition)

   DataJpaRepositoriesAutoConfiguration matched:
      - @ConditionalOnClass found required class 'org.springframework.data.jpa.repository.JpaRepository' (OnClassCondition)
      - @ConditionalOnBooleanProperty (spring.data.jpa.repositories.enabled=true) matched (OnPropertyCondition)
      - @ConditionalOnBean (types: javax.sql.DataSource; SearchStrategy: all) found bean 'dataSource'; @ConditionalOnMissingBean (types: org.springframework.data.jpa.repository.support.JpaRepositoryFactoryBean,org.springframework.data.jpa.repository.config.JpaRepositoryConfigExtension; SearchStrategy: all) did not find any beans (OnBeanCondition)

   DataSourceAutoConfiguration matched:
      - @ConditionalOnClass found required classes 'javax.sql.DataSource', 'org.springframework.jdbc.datasource.embedded.EmbeddedDatabaseType' (OnClassCondition)
      - @ConditionalOnMissingBean (types: io.r2dbc.spi.ConnectionFactory; SearchStrategy: all) did not find any beans (OnBeanCondition)

   DataSourceAutoConfiguration.PooledDataSourceConfiguration matched:
      - AnyNestedCondition 1 matched 1 did not; NestedCondition on DataSourceAutoConfiguration.PooledDataSourceCondition.PooledDataSourceAvailable PooledDataSource found supported DataSource; NestedCondition on DataSourceAutoConfiguration.PooledDataSourceCondition.ExplicitType @ConditionalOnProperty (spring.datasource.type) did not find property 'spring.datasource.type' (DataSourceAutoConfiguration.PooledDataSourceCondition)
      - @ConditionalOnMissingBean (types: javax.sql.DataSource,javax.sql.XADataSource; SearchStrategy: all) did not find any beans (OnBeanCondition)

   DataSourceAutoConfiguration.PooledDataSourceConfiguration#jdbcConnectionDetails matched:
      - @ConditionalOnMissingBean (types: org.springframework.boot.jdbc.autoconfigure.JdbcConnectionDetails; SearchStrategy: all) did not find any beans (OnBeanCondition)

   DataSourceConfiguration.Hikari matched:
      - @ConditionalOnClass found required class 'com.zaxxer.hikari.HikariDataSource' (OnClassCondition)
      - @ConditionalOnProperty (spring.datasource.type=com.zaxxer.hikari.HikariDataSource) matched (OnPropertyCondition)
      - @ConditionalOnMissingBean (types: javax.sql.DataSource; SearchStrategy: all) did not find any beans (OnBeanCondition)

   DataSourceInitializationAutoConfiguration matched:
      - @ConditionalOnClass found required class 'org.springframework.jdbc.datasource.init.DatabasePopulator' (OnClassCondition)
      - SQL InitializationDatabase Initialization default value is EMBEDDED (OnSqlInitializationCondition)
      - @ConditionalOnSingleCandidate (types: javax.sql.DataSource; SearchStrategy: all) found a single bean 'dataSource'; @ConditionalOnMissingBean (types: org.springframework.boot.sql.autoconfigure.init.ApplicationScriptDatabaseInitializer; SearchStrategy: all) did not find any beans (OnBeanCondition)

   DataSourcePoolMetadataProvidersConfiguration.HikariPoolDataSourceMetadataProviderConfiguration matched:
      - @ConditionalOnClass found required class 'com.zaxxer.hikari.HikariDataSource' (OnClassCondition)

   DataSourceTransactionManagerAutoConfiguration matched:
      - @ConditionalOnClass found required classes 'javax.sql.DataSource', 'org.springframework.jdbc.core.JdbcTemplate', 'org.springframework.transaction.TransactionManager' (OnClassCondition)

   DataSourceTransactionManagerAutoConfiguration.JdbcTransactionManagerConfiguration matched:
      - @ConditionalOnSingleCandidate (types: javax.sql.DataSource; SearchStrategy: all) found a single bean 'dataSource' (OnBeanCondition)

   DataWebAutoConfiguration matched:
      - @ConditionalOnClass found required classes 'org.springframework.data.web.PageableHandlerMethodArgumentResolver', 'org.springframework.web.servlet.config.annotation.WebMvcConfigurer' (OnClassCondition)
      - found 'session' scope (OnWebApplicationCondition)
      - @ConditionalOnMissingBean (types: org.springframework.data.web.PageableHandlerMethodArgumentResolver; SearchStrategy: all) did not find any beans (OnBeanCondition)

   DataWebAutoConfiguration#pageableCustomizer matched:
      - @ConditionalOnMissingBean (types: org.springframework.data.web.config.PageableHandlerMethodArgumentResolverCustomizer; SearchStrategy: all) did not find any beans (OnBeanCondition)

   DataWebAutoConfiguration#sortCustomizer matched:
      - @ConditionalOnMissingBean (types: org.springframework.data.web.config.SortHandlerMethodArgumentResolverCustomizer; SearchStrategy: all) did not find any beans (OnBeanCondition)

   DataWebAutoConfiguration#springDataWebSettings matched:
      - @ConditionalOnMissingBean (types: org.springframework.data.web.config.SpringDataWebSettings; SearchStrategy: all) did not find any beans (OnBeanCondition)

   DefaultTaskSchedulerConfiguration matched:
      - @ConditionalOnMissingBean (names: taskScheduler; SearchStrategy: all) did not find any beans (OnBeanCondition)

   DefaultTaskSchedulerConfiguration#taskScheduler matched:
      - @ConditionalOnBean (types: org.springframework.boot.task.ThreadPoolTaskSchedulerBuilder; SearchStrategy: all) found bean 'threadPoolTaskSchedulerBuilder' (OnBeanCondition)
      - @ConditionalOnThreading found PLATFORM (OnThreadingCondition)

   DispatcherServletAutoConfiguration matched:
      - @ConditionalOnClass found required class 'org.springframework.web.servlet.DispatcherServlet' (OnClassCondition)
      - found 'session' scope (OnWebApplicationCondition)

   DispatcherServletAutoConfiguration.DispatcherServletConfiguration matched:
      - @ConditionalOnClass found required class 'jakarta.servlet.ServletRegistration' (OnClassCondition)
      - Default DispatcherServlet did not find dispatcher servlet beans (DispatcherServletAutoConfiguration.DefaultDispatcherServletCondition)

   DispatcherServletAutoConfiguration.DispatcherServletRegistrationConfiguration matched:
      - @ConditionalOnClass found required class 'jakarta.servlet.ServletRegistration' (OnClassCondition)
      - DispatcherServlet Registration did not find servlet registration bean (DispatcherServletAutoConfiguration.DispatcherServletRegistrationCondition)

   DispatcherServletAutoConfiguration.DispatcherServletRegistrationConfiguration#dispatcherServletRegistration matched:
      - @ConditionalOnBean (names: dispatcherServlet types: org.springframework.web.servlet.DispatcherServlet; SearchStrategy: all) found bean 'dispatcherServlet' (OnBeanCondition)

   ErrorMvcAutoConfiguration matched:
      - @ConditionalOnClass found required classes 'jakarta.servlet.Servlet', 'org.springframework.web.servlet.DispatcherServlet' (OnClassCondition)
      - found 'session' scope (OnWebApplicationCondition)

   ErrorMvcAutoConfiguration#basicErrorController matched:
      - @ConditionalOnMissingBean (types: org.springframework.boot.webmvc.error.ErrorController; SearchStrategy: current) did not find any beans (OnBeanCondition)

   ErrorMvcAutoConfiguration#errorAttributes matched:
      - @ConditionalOnMissingBean (types: org.springframework.boot.webmvc.error.ErrorAttributes; SearchStrategy: current) did not find any beans (OnBeanCondition)

   ErrorMvcAutoConfiguration.DefaultErrorViewResolverConfiguration#conventionErrorViewResolver matched:
      - @ConditionalOnBean (types: org.springframework.web.servlet.DispatcherServlet; SearchStrategy: all) found bean 'dispatcherServlet'; @ConditionalOnMissingBean (types: org.springframework.boot.webmvc.autoconfigure.error.ErrorViewResolver; SearchStrategy: all) did not find any beans (OnBeanCondition)

   ErrorMvcAutoConfiguration.WhitelabelErrorViewConfiguration matched:
      - @ConditionalOnBooleanProperty (spring.web.error.whitelabel.enabled=true) matched (OnPropertyCondition)
      - ErrorTemplate Missing did not find error template view (ErrorMvcAutoConfiguration.ErrorTemplateMissingCondition)

   ErrorMvcAutoConfiguration.WhitelabelErrorViewConfiguration#beanNameViewResolver matched:
      - @ConditionalOnMissingBean (types: org.springframework.web.servlet.view.BeanNameViewResolver; SearchStrategy: all) did not find any beans (OnBeanCondition)

   ErrorMvcAutoConfiguration.WhitelabelErrorViewConfiguration#defaultErrorView matched:
      - @ConditionalOnMissingBean (names: error; SearchStrategy: all) did not find any beans (OnBeanCondition)

   HibernateJpaAutoConfiguration matched:
      - @ConditionalOnClass found required classes 'org.springframework.orm.jpa.LocalContainerEntityManagerFactoryBean', 'jakarta.persistence.EntityManager', 'org.hibernate.engine.spi.SessionImplementor' (OnClassCondition)

   HibernateJpaConfiguration matched:
      - @ConditionalOnSingleCandidate (types: javax.sql.DataSource; SearchStrategy: all) found a single bean 'dataSource' (OnBeanCondition)

   HttpEncodingAutoConfiguration matched:
      - @ConditionalOnClass found required class 'org.springframework.web.filter.CharacterEncodingFilter' (OnClassCondition)
      - found 'session' scope (OnWebApplicationCondition)
      - @ConditionalOnBooleanProperty (spring.servlet.encoding.enabled=true) matched (OnPropertyCondition)

   HttpEncodingAutoConfiguration#characterEncodingFilter matched:
      - @ConditionalOnMissingBean (types: org.springframework.web.filter.CharacterEncodingFilter; SearchStrategy: all) did not find any beans (OnBeanCondition)

   HttpMessageConvertersAutoConfiguration matched:
      - @ConditionalOnClass found required class 'org.springframework.http.converter.HttpMessageConverter' (OnClassCondition)
      - NoneNestedConditions 0 matched 1 did not; NestedCondition on HttpMessageConvertersAutoConfiguration.NotReactiveWebApplicationCondition.ReactiveWebApplication did not find reactive web application classes (HttpMessageConvertersAutoConfiguration.NotReactiveWebApplicationCondition)

   HttpMessageConvertersAutoConfiguration.StringHttpMessageConverterConfiguration#stringHttpMessageConvertersCustomizer matched:
      - @ConditionalOnMissingBean (types: org.springframework.http.converter.StringHttpMessageConverter; SearchStrategy: all) did not find any beans (OnBeanCondition)

   JacksonAutoConfiguration matched:
      - @ConditionalOnClass found required class 'tools.jackson.databind.json.JsonMapper' (OnClassCondition)

   JacksonAutoConfiguration#jacksonJsonMapper matched:
      - @ConditionalOnMissingBean (types: tools.jackson.databind.json.JsonMapper; SearchStrategy: all) did not find any beans (OnBeanCondition)

   JacksonAutoConfiguration#jsonFactory matched:
      - @ConditionalOnMissingBean (types: tools.jackson.core.json.JsonFactory; SearchStrategy: all) did not find any beans (OnBeanCondition)

   JacksonAutoConfiguration#jsonMapperBuilder matched:
      - @ConditionalOnMissingBean (types: tools.jackson.databind.json.JsonMapper$Builder; SearchStrategy: all) did not find any beans (OnBeanCondition)

   JacksonAutoConfiguration.JsonProblemDetailsConfiguration matched:
      - @ConditionalOnClass found required class 'org.springframework.http.ProblemDetail' (OnClassCondition)

   JacksonHttpMessageConvertersConfiguration.JacksonJsonHttpMessageConverterConfiguration matched:
      - @ConditionalOnClass found required class 'tools.jackson.databind.json.JsonMapper' (OnClassCondition)
      - @ConditionalOnProperty (spring.http.converters.preferred-json-mapper=jackson) matched (OnPropertyCondition)
      - @ConditionalOnBean (types: tools.jackson.databind.json.JsonMapper; SearchStrategy: all) found bean 'jacksonJsonMapper' (OnBeanCondition)

   JacksonHttpMessageConvertersConfiguration.JacksonJsonHttpMessageConverterConfiguration#jacksonJsonHttpMessageConvertersCustomizer matched:
      - @ConditionalOnMissingBean (types: org.springframework.http.converter.json.JacksonJsonHttpMessageConverter ignored: org.springframework.hateoas.server.mvc.TypeConstrainedJacksonJsonHttpMessageConverter,org.springframework.data.rest.webmvc.alps.AlpsJacksonJsonHttpMessageConverter; SearchStrategy: all) did not find any beans (OnBeanCondition)

   JdbcClientAutoConfiguration matched:
      - @ConditionalOnSingleCandidate (types: org.springframework.jdbc.core.namedparam.NamedParameterJdbcTemplate; SearchStrategy: all) found a single bean 'namedParameterJdbcTemplate'; @ConditionalOnMissingBean (types: org.springframework.jdbc.core.simple.JdbcClient; SearchStrategy: all) did not find any beans (OnBeanCondition)

   JdbcTemplateAutoConfiguration matched:
      - @ConditionalOnClass found required classes 'javax.sql.DataSource', 'org.springframework.jdbc.core.JdbcTemplate' (OnClassCondition)
      - @ConditionalOnSingleCandidate (types: javax.sql.DataSource; SearchStrategy: all) found a single bean 'dataSource' (OnBeanCondition)

   JdbcTemplateConfiguration matched:
      - @ConditionalOnMissingBean (types: org.springframework.jdbc.core.JdbcOperations; SearchStrategy: all) did not find any beans (OnBeanCondition)

   JpaBaseConfiguration#entityManagerFactory matched:
      - @ConditionalOnMissingBean (types: org.springframework.orm.jpa.LocalContainerEntityManagerFactoryBean,jakarta.persistence.EntityManagerFactory; SearchStrategy: all) did not find any beans (OnBeanCondition)

   JpaBaseConfiguration#entityManagerFactoryBuilder matched:
      - @ConditionalOnMissingBean (types: org.springframework.boot.jpa.EntityManagerFactoryBuilder; SearchStrategy: all) did not find any beans (OnBeanCondition)

   JpaBaseConfiguration#jpaVendorAdapter matched:
      - @ConditionalOnMissingBean (types: org.springframework.orm.jpa.JpaVendorAdapter; SearchStrategy: all) did not find any beans (OnBeanCondition)

   JpaBaseConfiguration#transactionManager matched:
      - @ConditionalOnMissingBean (types: org.springframework.transaction.TransactionManager; SearchStrategy: all) did not find any beans (OnBeanCondition)

   JpaBaseConfiguration.PersistenceManagedTypesConfiguration matched:
      - @ConditionalOnMissingBean (types: org.springframework.orm.jpa.LocalContainerEntityManagerFactoryBean,jakarta.persistence.EntityManagerFactory; SearchStrategy: all) did not find any beans (OnBeanCondition)

   JpaBaseConfiguration.PersistenceManagedTypesConfiguration#persistenceManagedTypes matched:
      - @ConditionalOnMissingBean (types: org.springframework.orm.jpa.persistenceunit.PersistenceManagedTypes; SearchStrategy: all) did not find any beans (OnBeanCondition)

   JtaAutoConfiguration matched:
      - @ConditionalOnClass found required class 'jakarta.transaction.Transaction' (OnClassCondition)
      - @ConditionalOnBooleanProperty (spring.jta.enabled=true) matched (OnPropertyCondition)

   LifecycleAutoConfiguration#defaultLifecycleProcessor matched:
      - @ConditionalOnMissingBean (names: lifecycleProcessor; SearchStrategy: current) did not find any beans (OnBeanCondition)

   MailSenderAutoConfiguration matched:
      - @ConditionalOnClass found required classes 'jakarta.mail.internet.MimeMessage', 'jakarta.activation.MimeType', 'org.springframework.mail.MailSender' (OnClassCondition)
      - AnyNestedCondition 1 matched 1 did not; NestedCondition on MailSenderAutoConfiguration.MailSenderCondition.JndiNameProperty @ConditionalOnProperty (spring.mail.jndi-name) did not find property 'spring.mail.jndi-name'; NestedCondition on MailSenderAutoConfiguration.MailSenderCondition.HostProperty @ConditionalOnProperty (spring.mail.host) matched (MailSenderAutoConfiguration.MailSenderCondition)
      - @ConditionalOnMissingBean (types: org.springframework.mail.MailSender; SearchStrategy: all) did not find any beans (OnBeanCondition)

   MailSenderPropertiesConfiguration matched:
      - @ConditionalOnProperty (spring.mail.host) matched (OnPropertyCondition)

   MailSenderPropertiesConfiguration#mailSender matched:
      - @ConditionalOnMissingBean (types: org.springframework.mail.javamail.JavaMailSender; SearchStrategy: all) did not find any beans (OnBeanCondition)

   MultipartAutoConfiguration matched:
      - @ConditionalOnClass found required classes 'jakarta.servlet.Servlet', 'org.springframework.web.multipart.support.StandardServletMultipartResolver', 'jakarta.servlet.MultipartConfigElement' (OnClassCondition)
      - found 'session' scope (OnWebApplicationCondition)
      - @ConditionalOnBooleanProperty (spring.servlet.multipart.enabled=true) matched (OnPropertyCondition)

   MultipartAutoConfiguration#multipartConfigElement matched:
      - @ConditionalOnMissingBean (types: jakarta.servlet.MultipartConfigElement; SearchStrategy: all) did not find any beans (OnBeanCondition)

   MultipartAutoConfiguration#multipartResolver matched:
      - @ConditionalOnMissingBean (types: org.springframework.web.multipart.MultipartResolver; SearchStrategy: all) did not find any beans (OnBeanCondition)

   NamedParameterJdbcTemplateConfiguration matched:
      - @ConditionalOnSingleCandidate (types: org.springframework.jdbc.core.JdbcTemplate; SearchStrategy: all) found a single bean 'jdbcTemplate'; @ConditionalOnMissingBean (types: org.springframework.jdbc.core.namedparam.NamedParameterJdbcOperations; SearchStrategy: all) did not find any beans (OnBeanCondition)

   PersistenceExceptionTranslationAutoConfiguration matched:
      - @ConditionalOnClass found required class 'org.springframework.dao.annotation.PersistenceExceptionTranslationPostProcessor' (OnClassCondition)

   PersistenceExceptionTranslationAutoConfiguration#persistenceExceptionTranslationPostProcessor matched:
      - @ConditionalOnBooleanProperty (spring.persistence.exceptiontranslation.enabled=true) matched (OnPropertyCondition)
      - @ConditionalOnMissingBean (types: org.springframework.dao.annotation.PersistenceExceptionTranslationPostProcessor; SearchStrategy: all) did not find any beans (OnBeanCondition)

   PropertyPlaceholderAutoConfiguration#propertySourcesPlaceholderConfigurer matched:
      - @ConditionalOnMissingBean (types: org.springframework.context.support.PropertySourcesPlaceholderConfigurer; SearchStrategy: current) did not find any beans (OnBeanCondition)

   SecurityAutoConfiguration matched:
      - @ConditionalOnClass found required class 'org.springframework.security.authentication.DefaultAuthenticationEventPublisher' (OnClassCondition)

   SecurityAutoConfiguration#authenticationEventPublisher matched:
      - @ConditionalOnMissingBean (types: org.springframework.security.authentication.AuthenticationEventPublisher; SearchStrategy: all) did not find any beans (OnBeanCondition)

   SecurityFilterAutoConfiguration matched:
      - @ConditionalOnClass found required classes 'org.springframework.security.web.context.AbstractSecurityWebApplicationInitializer', 'org.springframework.security.config.http.SessionCreationPolicy' (OnClassCondition)
      - found 'session' scope (OnWebApplicationCondition)

   SecurityFilterAutoConfiguration#securityFilterChainRegistration matched:
      - @ConditionalOnBean (names: springSecurityFilterChain; SearchStrategy: all) found bean 'springSecurityFilterChain' (OnBeanCondition)

   ServletWebSecurityAutoConfiguration matched:
      - @ConditionalOnClass found required class 'org.springframework.security.config.annotation.web.configuration.EnableWebSecurity' (OnClassCondition)
      - found 'session' scope (OnWebApplicationCondition)

   ServletWebSecurityAutoConfiguration.EnableWebSecurityConfiguration matched:
      - @ConditionalOnClass found required class 'org.springframework.security.config.annotation.web.configuration.EnableWebSecurity' (OnClassCondition)
      - @ConditionalOnMissingBean (names: springSecurityFilterChain; SearchStrategy: all) did not find any beans (OnBeanCondition)

   ServletWebSecurityAutoConfiguration.PathPatternRequestMatcherBuilderConfiguration matched:
      - @ConditionalOnClass found required class 'org.springframework.boot.webmvc.autoconfigure.DispatcherServletPath' (OnClassCondition)
      - @ConditionalOnBean (types: org.springframework.boot.webmvc.autoconfigure.DispatcherServletPath; SearchStrategy: all) found bean 'dispatcherServletRegistration' (OnBeanCondition)

   ServletWebSecurityAutoConfiguration.PathPatternRequestMatcherBuilderConfiguration#pathPatternRequestMatcherBuilder matched:
      - @ConditionalOnMissingBean (types: org.springframework.security.web.servlet.util.matcher.PathPatternRequestMatcher$Builder; SearchStrategy: all) did not find any beans (OnBeanCondition)

   SslAutoConfiguration#sslBundleRegistry matched:
      - @ConditionalOnMissingBean (types: org.springframework.boot.ssl.SslBundleRegistry,org.springframework.boot.ssl.SslBundles; SearchStrategy: all) did not find any beans (OnBeanCondition)

   TaskExecutionAutoConfiguration matched:
      - @ConditionalOnClass found required class 'org.springframework.scheduling.concurrent.ThreadPoolTaskExecutor' (OnClassCondition)

   TaskExecutorConfigurations.AsyncConfigurerConfiguration matched:
      - @ConditionalOnMissingBean (types: org.springframework.scheduling.annotation.AsyncConfigurer; SearchStrategy: all) did not find any beans (OnBeanCondition)

   TaskExecutorConfigurations.SimpleAsyncTaskExecutorBuilderConfiguration#simpleAsyncTaskExecutorBuilder matched:
      - @ConditionalOnMissingBean (types: org.springframework.boot.task.SimpleAsyncTaskExecutorBuilder; SearchStrategy: all) did not find any beans (OnBeanCondition)
      - @ConditionalOnThreading found PLATFORM (OnThreadingCondition)

   TaskExecutorConfigurations.TaskExecutorConfiguration matched:
      - AnyNestedCondition 1 matched 1 did not; NestedCondition on TaskExecutorConfigurations.OnExecutorCondition.ModelCondition @ConditionalOnProperty (spring.task.execution.mode=force) did not find property 'spring.task.execution.mode'; NestedCondition on TaskExecutorConfigurations.OnExecutorCondition.ExecutorBeanCondition @ConditionalOnMissingBean (types: java.util.concurrent.Executor; SearchStrategy: all) did not find any beans (TaskExecutorConfigurations.OnExecutorCondition)

   TaskExecutorConfigurations.TaskExecutorConfiguration#applicationTaskExecutor matched:
      - @ConditionalOnThreading found PLATFORM (OnThreadingCondition)

   TaskExecutorConfigurations.ThreadPoolTaskExecutorBuilderConfiguration#threadPoolTaskExecutorBuilder matched:
      - @ConditionalOnMissingBean (types: org.springframework.boot.task.ThreadPoolTaskExecutorBuilder; SearchStrategy: all) did not find any beans (OnBeanCondition)

   TaskSchedulingAutoConfiguration matched:
      - @ConditionalOnClass found required class 'org.springframework.scheduling.concurrent.ThreadPoolTaskScheduler' (OnClassCondition)

   TaskSchedulingAutoConfiguration#scheduledBeanLazyInitializationExcludeFilter matched:
      - @ConditionalOnBean (names: org.springframework.scheduling.config.internalScheduledAnnotationProcessor; SearchStrategy: all) found bean 'org.springframework.scheduling.config.internalScheduledAnnotationProcessor' (OnBeanCondition)

   TaskSchedulingConfigurations.SimpleAsyncTaskSchedulerBuilderConfiguration#simpleAsyncTaskSchedulerBuilder matched:
      - @ConditionalOnMissingBean (types: org.springframework.boot.task.SimpleAsyncTaskSchedulerBuilder; SearchStrategy: all) did not find any beans (OnBeanCondition)
      - @ConditionalOnThreading found PLATFORM (OnThreadingCondition)

   TaskSchedulingConfigurations.TaskSchedulerConfiguration matched:
      - @ConditionalOnBean (names: org.springframework.scheduling.config.internalScheduledAnnotationProcessor; SearchStrategy: all) found bean 'org.springframework.scheduling.config.internalScheduledAnnotationProcessor'; @ConditionalOnMissingBean (types: org.springframework.scheduling.TaskScheduler,java.util.concurrent.ScheduledExecutorService; SearchStrategy: all) did not find any beans (OnBeanCondition)

   TaskSchedulingConfigurations.ThreadPoolTaskSchedulerBuilderConfiguration#threadPoolTaskSchedulerBuilder matched:
      - @ConditionalOnMissingBean (types: org.springframework.boot.task.ThreadPoolTaskSchedulerBuilder; SearchStrategy: all) did not find any beans (OnBeanCondition)

   TomcatServletWebServerAutoConfiguration matched:
      - @ConditionalOnClass found required classes 'jakarta.servlet.ServletRequest', 'org.apache.catalina.startup.Tomcat', 'org.apache.coyote.UpgradeProtocol', 'org.springframework.boot.tomcat.servlet.TomcatServletWebServerFactory' (OnClassCondition)
      - found 'session' scope (OnWebApplicationCondition)

   TomcatServletWebServerAutoConfiguration#tomcatServletWebServerFactory matched:
      - @ConditionalOnMissingBean (types: org.springframework.boot.web.server.servlet.ServletWebServerFactory; SearchStrategy: current) did not find any beans (OnBeanCondition)

   TomcatWebServerConfiguration matched:
      - @ConditionalOnWarDeployment the application is not deployed as a WAR file. (OnWarDeploymentCondition)

   TomcatWebServerConfiguration.TomcatWebSocketConfiguration matched:
      - @ConditionalOnClass found required class 'org.apache.tomcat.websocket.server.WsSci' (OnClassCondition)

   TransactionAutoConfiguration matched:
      - @ConditionalOnClass found required class 'org.springframework.transaction.PlatformTransactionManager' (OnClassCondition)

   TransactionAutoConfiguration.EnableTransactionManagementConfiguration matched:
      - @ConditionalOnBean (types: org.springframework.transaction.TransactionManager; SearchStrategy: all) found bean 'transactionManager'; @ConditionalOnMissingBean (types: org.springframework.transaction.annotation.AbstractTransactionManagementConfiguration; SearchStrategy: all) did not find any beans (OnBeanCondition)

   TransactionAutoConfiguration.EnableTransactionManagementConfiguration.CglibAutoProxyConfiguration matched:
      - @ConditionalOnBooleanProperty (spring.aop.proxy-target-class=true) matched (OnPropertyCondition)

   TransactionAutoConfiguration.TransactionTemplateConfiguration matched:
      - @ConditionalOnSingleCandidate (types: org.springframework.transaction.PlatformTransactionManager; SearchStrategy: all) found a single bean 'transactionManager' (OnBeanCondition)

   TransactionAutoConfiguration.TransactionTemplateConfiguration#transactionTemplate matched:
      - @ConditionalOnMissingBean (types: org.springframework.transaction.support.TransactionOperations; SearchStrategy: all) did not find any beans (OnBeanCondition)

   TransactionManagerCustomizationAutoConfiguration matched:
      - @ConditionalOnClass found required class 'org.springframework.transaction.PlatformTransactionManager' (OnClassCondition)

   TransactionManagerCustomizationAutoConfiguration#platformTransactionManagerCustomizers matched:
      - @ConditionalOnMissingBean (types: org.springframework.boot.transaction.autoconfigure.TransactionManagerCustomizers; SearchStrategy: all) did not find any beans (OnBeanCondition)

   UserDetailsServiceAutoConfiguration matched:
      - @ConditionalOnClass found required class 'org.springframework.security.authentication.AuthenticationManager' (OnClassCondition)
      - found 'session' scope (OnWebApplicationCondition)
      - AnyNestedCondition 1 matched 2 did not; NestedCondition on MissingAlternativeUserDetailsManagerOrUserPropertiesConfigured.PasswordConfigured @ConditionalOnProperty (spring.security.user.password) did not find property 'spring.security.user.password'; NestedCondition on MissingAlternativeUserDetailsManagerOrUserPropertiesConfigured.NameConfigured @ConditionalOnProperty (spring.security.user.name) did not find property 'spring.security.user.name'; NestedCondition on MissingAlternativeUserDetailsManagerOrUserPropertiesConfigured.MissingAlternative @ConditionalOnMissingClass did not find unwanted classes 'org.springframework.security.oauth2.client.registration.ClientRegistrationRepository', 'org.springframework.security.oauth2.server.resource.introspection.OpaqueTokenIntrospector', 'org.springframework.security.saml2.provider.service.registration.RelyingPartyRegistrationRepository' (MissingAlternativeUserDetailsManagerOrUserPropertiesConfigured)
      - @ConditionalOnMissingBean (types: org.springframework.security.authentication.AuthenticationManager,org.springframework.security.authentication.AuthenticationProvider,org.springframework.security.core.userdetails.UserDetailsService,org.springframework.security.authentication.AuthenticationManagerResolver,org.springframework.security.oauth2.jwt.JwtDecoder; SearchStrategy: all) did not find any beans (OnBeanCondition)

   ValidationAutoConfiguration matched:
      - @ConditionalOnClass found required class 'jakarta.validation.executable.ExecutableValidator' (OnClassCondition)
      - @ConditionalOnResource found location classpath:META-INF/services/jakarta.validation.spi.ValidationProvider (OnResourceCondition)

   ValidationAutoConfiguration#defaultValidator matched:
      - @ConditionalOnMissingBean (types: jakarta.validation.Validator; SearchStrategy: all) did not find any beans (OnBeanCondition)

   ValidationAutoConfiguration#methodValidationPostProcessor matched:
      - @ConditionalOnMissingBean (types: org.springframework.validation.beanvalidation.MethodValidationPostProcessor; SearchStrategy: current) did not find any beans (OnBeanCondition)

   WebMvcAutoConfiguration matched:
      - @ConditionalOnClass found required classes 'jakarta.servlet.Servlet', 'org.springframework.web.servlet.DispatcherServlet', 'org.springframework.web.servlet.config.annotation.WebMvcConfigurer' (OnClassCondition)
      - found 'session' scope (OnWebApplicationCondition)
      - @ConditionalOnMissingBean (types: org.springframework.web.servlet.config.annotation.WebMvcConfigurationSupport; SearchStrategy: all) did not find any beans (OnBeanCondition)

   WebMvcAutoConfiguration#formContentFilter matched:
      - @ConditionalOnBooleanProperty (spring.mvc.formcontent.filter.enabled=true) matched (OnPropertyCondition)
      - @ConditionalOnMissingBean (types: org.springframework.web.filter.FormContentFilter; SearchStrategy: all) did not find any beans (OnBeanCondition)

   WebMvcAutoConfiguration.EnableWebMvcConfiguration#flashMapManager matched:
      - @ConditionalOnMissingBean (names: flashMapManager; SearchStrategy: all) did not find any beans (OnBeanCondition)

   WebMvcAutoConfiguration.EnableWebMvcConfiguration#localeResolver matched:
      - @ConditionalOnMissingBean (names: localeResolver; SearchStrategy: all) did not find any beans (OnBeanCondition)

   WebMvcAutoConfiguration.EnableWebMvcConfiguration#viewNameTranslator matched:
      - @ConditionalOnMissingBean (names: viewNameTranslator; SearchStrategy: all) did not find any beans (OnBeanCondition)

   WebMvcAutoConfiguration.WebMvcAutoConfigurationAdapter#defaultViewResolver matched:
      - @ConditionalOnMissingBean (types: org.springframework.web.servlet.view.InternalResourceViewResolver; SearchStrategy: all) did not find any beans (OnBeanCondition)

   WebMvcAutoConfiguration.WebMvcAutoConfigurationAdapter#requestContextFilter matched:
      - @ConditionalOnMissingBean (types: org.springframework.web.context.request.RequestContextListener,org.springframework.web.filter.RequestContextFilter; SearchStrategy: all) did not find any beans (OnBeanCondition)

   WebMvcAutoConfiguration.WebMvcAutoConfigurationAdapter#viewResolver matched:
      - @ConditionalOnBean (types: org.springframework.web.servlet.ViewResolver; SearchStrategy: all) found beans 'defaultViewResolver', 'beanNameViewResolver', 'mvcViewResolver'; @ConditionalOnMissingBean (names: viewResolver types: org.springframework.web.servlet.view.ContentNegotiatingViewResolver; SearchStrategy: all) did not find any beans (OnBeanCondition)


Negative matches:
-----------------

   AopAutoConfiguration.AspectJAutoProxyingConfiguration.JdkDynamicAutoProxyConfiguration:
      Did not match:
         - @ConditionalOnBooleanProperty (spring.aop.proxy-target-class=false) did not find property 'spring.aop.proxy-target-class' (OnPropertyCondition)

   AopAutoConfiguration.ClassProxyingConfiguration:
      Did not match:
         - @ConditionalOnMissingClass found unwanted class 'org.aspectj.weaver.Advice' (OnClassCondition)

   DataJpaRepositoriesAutoConfiguration#entityManagerFactoryBootstrapExecutorCustomizer:
      Did not match:
         - @ConditionalOnProperty (spring.data.jpa.repositories.bootstrap-mode=deferred) did not find property 'spring.data.jpa.repositories.bootstrap-mode' (OnPropertyCondition)

   DataRepositoryMetricsAutoConfiguration:
      Did not match:
         - @ConditionalOnBean did not find required type 'io.micrometer.core.instrument.MeterRegistry' (OnBeanCondition)

   DataSourceAutoConfiguration.EmbeddedDatabaseConfiguration:
      Did not match:
         - EmbeddedDataSource spring.datasource.url is set (DataSourceAutoConfiguration.EmbeddedDatabaseCondition)

   DataSourceCheckpointRestoreConfiguration:
      Did not match:
         - @ConditionalOnClass did not find required class 'org.crac.Resource' (OnClassCondition)

   DataSourceConfiguration.Dbcp2:
      Did not match:
         - @ConditionalOnClass did not find required class 'org.apache.commons.dbcp2.BasicDataSource' (OnClassCondition)

   DataSourceConfiguration.Generic:
      Did not match:
         - @ConditionalOnProperty (spring.datasource.type) did not find property 'spring.datasource.type' (OnPropertyCondition)

   DataSourceConfiguration.OracleUcp:
      Did not match:
         - @ConditionalOnClass did not find required classes 'oracle.ucp.jdbc.PoolDataSourceImpl', 'oracle.jdbc.OracleConnection' (OnClassCondition)

   DataSourceConfiguration.Tomcat:
      Did not match:
         - @ConditionalOnClass did not find required class 'org.apache.tomcat.jdbc.pool.DataSource' (OnClassCondition)

   DataSourceHealthContributorAutoConfiguration:
      Did not match:
         - @ConditionalOnClass did not find required class 'org.springframework.boot.health.autoconfigure.contributor.ConditionalOnEnabledHealthIndicator' (OnClassCondition)

   DataSourceJmxConfiguration:
      Did not match:
         - @ConditionalOnBooleanProperty (spring.jmx.enabled=true) did not find property 'spring.jmx.enabled' (OnPropertyCondition)

   DataSourcePoolMetadataProvidersConfiguration.CommonsDbcp2PoolDataSourceMetadataProviderConfiguration:
      Did not match:
         - @ConditionalOnClass did not find required class 'org.apache.commons.dbcp2.BasicDataSource' (OnClassCondition)

   DataSourcePoolMetadataProvidersConfiguration.OracleUcpPoolDataSourceMetadataProviderConfiguration:
      Did not match:
         - @ConditionalOnClass did not find required classes 'oracle.ucp.jdbc.PoolDataSource', 'oracle.jdbc.OracleConnection' (OnClassCondition)

   DataSourcePoolMetadataProvidersConfiguration.TomcatDataSourcePoolMetadataProviderConfiguration:
      Did not match:
         - @ConditionalOnClass did not find required class 'org.apache.tomcat.jdbc.pool.DataSource' (OnClassCondition)

   DataSourcePoolMetricsAutoConfiguration:
      Did not match:
         - @ConditionalOnClass did not find required class 'io.micrometer.core.instrument.MeterRegistry' (OnClassCondition)

   DataSourceTransactionManagerAutoConfiguration.JdbcTransactionManagerConfiguration#transactionManager:
      Did not match:
         - @ConditionalOnMissingBean (types: org.springframework.transaction.TransactionManager; SearchStrategy: all) found beans of type 'org.springframework.transaction.TransactionManager' transactionManager (OnBeanCondition)

   DefaultTaskSchedulerConfiguration#taskSchedulerVirtualThreads:
      Did not match:
         - @ConditionalOnThreading did not find VIRTUAL (OnThreadingCondition)
      Matched:
         - @ConditionalOnBean (types: org.springframework.boot.task.SimpleAsyncTaskSchedulerBuilder; SearchStrategy: all) found bean 'simpleAsyncTaskSchedulerBuilder' (OnBeanCondition)

   DispatcherServletAutoConfiguration.DispatcherServletConfiguration#multipartResolver:
      Did not match:
         - @ConditionalOnBean (types: org.springframework.web.multipart.MultipartResolver; SearchStrategy: all) did not find any beans of type org.springframework.web.multipart.MultipartResolver (OnBeanCondition)

   GsonHttpMessageConvertersConfiguration:
      Did not match:
         - @ConditionalOnClass did not find required class 'com.google.gson.Gson' (OnClassCondition)

   HibernateMetricsAutoConfiguration:
      Did not match:
         - @ConditionalOnClass did not find required class 'io.micrometer.core.instrument.MeterRegistry' (OnClassCondition)

   Jackson2HttpMessageConvertersConfiguration.MappingJackson2HttpMessageConverterConfiguration:
      Did not match:
         - @ConditionalOnClass did not find required class 'com.fasterxml.jackson.databind.ObjectMapper' (OnClassCondition)

   Jackson2HttpMessageConvertersConfiguration.MappingJackson2XmlHttpMessageConverterConfiguration:
      Did not match:
         - @ConditionalOnClass did not find required class 'com.fasterxml.jackson.dataformat.xml.XmlMapper' (OnClassCondition)

   JacksonAutoConfiguration.CborConfiguration:
      Did not match:
         - @ConditionalOnClass did not find required class 'tools.jackson.dataformat.cbor.CBORMapper' (OnClassCondition)

   JacksonAutoConfiguration.XmlConfiguration:
      Did not match:
         - @ConditionalOnClass did not find required class 'tools.jackson.dataformat.xml.XmlMapper' (OnClassCondition)

   JacksonHttpMessageConvertersConfiguration.JacksonXmlHttpMessageConverterConfiguration:
      Did not match:
         - @ConditionalOnClass did not find required class 'tools.jackson.dataformat.xml.XmlMapper' (OnClassCondition)

   JmxAutoConfiguration:
      Did not match:
         - @ConditionalOnBooleanProperty (spring.jmx.enabled=true) did not find property 'spring.jmx.enabled' (OnPropertyCondition)
      Matched:
         - @ConditionalOnClass found required class 'org.springframework.jmx.export.MBeanExporter' (OnClassCondition)

   JndiDataSourceAutoConfiguration:
      Did not match:
         - @ConditionalOnProperty (spring.datasource.jndi-name) did not find property 'spring.datasource.jndi-name' (OnPropertyCondition)
      Matched:
         - @ConditionalOnClass found required classes 'javax.sql.DataSource', 'org.springframework.jdbc.datasource.embedded.EmbeddedDatabaseType' (OnClassCondition)

   JndiJtaConfiguration:
      Did not match:
         - @ConditionalOnJndi JNDI environment is not available (OnJndiCondition)
      Matched:
         - @ConditionalOnClass found required class 'org.springframework.transaction.jta.JtaTransactionManager' (OnClassCondition)

   JpaBaseConfiguration.JpaWebConfiguration:
      Did not match:
         - @ConditionalOnBooleanProperty (spring.jpa.open-in-view=true) found different value in property 'spring.jpa.open-in-view' (OnPropertyCondition)
      Matched:
         - @ConditionalOnClass found required class 'org.springframework.web.servlet.config.annotation.WebMvcConfigurer' (OnClassCondition)
         - found 'session' scope (OnWebApplicationCondition)

   JsonbHttpMessageConvertersConfiguration:
      Did not match:
         - @ConditionalOnClass did not find required class 'jakarta.json.bind.Jsonb' (OnClassCondition)

   KotlinSerializationHttpMessageConvertersConfiguration:
      Did not match:
         - @ConditionalOnClass did not find required classes 'kotlinx.serialization.Serializable', 'kotlinx.serialization.json.Json' (OnClassCondition)

   LazyConnectionDataSourceConfiguration:
      Did not match:
         - @ConditionalOnProperty (spring.datasource.connection-fetch=lazy) did not find property 'spring.datasource.connection-fetch' (OnPropertyCondition)

   MailHealthContributorAutoConfiguration:
      Did not match:
         - @ConditionalOnClass did not find required class 'org.springframework.boot.health.autoconfigure.contributor.ConditionalOnEnabledHealthIndicator' (OnClassCondition)

   MailSenderJndiConfiguration:
      Did not match:
         - @ConditionalOnProperty (spring.mail.jndi-name) did not find property 'spring.mail.jndi-name' (OnPropertyCondition)
      Matched:
         - @ConditionalOnClass found required class 'jakarta.mail.Session' (OnClassCondition)

   MailSenderValidatorAutoConfiguration:
      Did not match:
         - @ConditionalOnBooleanProperty (spring.mail.test-connection=true) did not find property 'spring.mail.test-connection' (OnPropertyCondition)

   ManagementWebSecurityAutoConfiguration:
      Did not match:
         - @ConditionalOnClass did not find required class 'org.springframework.boot.actuate.autoconfigure.endpoint.web.WebEndpointAutoConfiguration' (OnClassCondition)

   MessageSourceAutoConfiguration:
      Did not match:
         - ResourceBundle did not find bundle with basename messages (MessageSourceAutoConfiguration.ResourceBundleCondition)

   ProjectInfoAutoConfiguration#buildProperties:
      Did not match:
         - @ConditionalOnResource did not find resource '${spring.info.build.location:classpath:META-INF/build-info.properties}' (OnResourceCondition)

   ProjectInfoAutoConfiguration#gitProperties:
      Did not match:
         - GitResource did not find git info at classpath:git.properties (ProjectInfoAutoConfiguration.GitResourceAvailableCondition)

   RSocketSecurityAutoConfiguration:
      Did not match:
         - @ConditionalOnClass did not find required class 'org.springframework.boot.rsocket.server.RSocketServerCustomizer' (OnClassCondition)

   ReactiveManagementWebSecurityAutoConfiguration:
      Did not match:
         - @ConditionalOnClass did not find required class 'org.springframework.boot.actuate.autoconfigure.endpoint.web.WebEndpointAutoConfiguration' (OnClassCondition)

   ReactiveUserDetailsServiceAutoConfiguration:
      Did not match:
         - AnyNestedCondition 0 matched 2 did not; NestedCondition on ReactiveUserDetailsServiceAutoConfiguration.RSocketEnabledOrReactiveWebApplication.ReactiveWebApplicationCondition did not find reactive web application classes; NestedCondition on ReactiveUserDetailsServiceAutoConfiguration.RSocketEnabledOrReactiveWebApplication.RSocketSecurityEnabledCondition @ConditionalOnBean (types: org.springframework.messaging.rsocket.annotation.support.RSocketMessageHandler; SearchStrategy: all) did not find any beans of type org.springframework.messaging.rsocket.annotation.support.RSocketMessageHandler (ReactiveUserDetailsServiceAutoConfiguration.RSocketEnabledOrReactiveWebApplication)
      Matched:
         - @ConditionalOnClass found required class 'org.springframework.security.authentication.ReactiveAuthenticationManager' (OnClassCondition)
         - AnyNestedCondition 1 matched 2 did not; NestedCondition on MissingAlternativeUserDetailsManagerOrUserPropertiesConfigured.PasswordConfigured @ConditionalOnProperty (spring.security.user.password) did not find property 'spring.security.user.password'; NestedCondition on MissingAlternativeUserDetailsManagerOrUserPropertiesConfigured.NameConfigured @ConditionalOnProperty (spring.security.user.name) did not find property 'spring.security.user.name'; NestedCondition on MissingAlternativeUserDetailsManagerOrUserPropertiesConfigured.MissingAlternative @ConditionalOnMissingClass did not find unwanted classes 'org.springframework.security.oauth2.client.registration.ClientRegistrationRepository', 'org.springframework.security.oauth2.server.resource.introspection.OpaqueTokenIntrospector', 'org.springframework.security.saml2.provider.service.registration.RelyingPartyRegistrationRepository' (MissingAlternativeUserDetailsManagerOrUserPropertiesConfigured)

   ReactiveWebSecurityAutoConfiguration:
      Did not match:
         - @ConditionalOnClass did not find required class 'reactor.core.publisher.Flux' (OnClassCondition)

   SecurityAutoConfiguration.SecurityDataConfiguration:
      Did not match:
         - @ConditionalOnClass did not find required class 'org.springframework.security.data.repository.query.SecurityEvaluationContextExtension' (OnClassCondition)

   ServletHttpExchangesAutoConfiguration:
      Did not match:
         - @ConditionalOnBean did not find required type 'org.springframework.boot.actuate.web.exchanges.HttpExchangeRepository' (OnBeanCondition)

   ServletManagementContextAutoConfiguration:
      Did not match:
         - @ConditionalOnClass did not find required class 'org.springframework.boot.actuate.autoconfigure.endpoint.web.WebEndpointProperties' (OnClassCondition)

   ServletMappingsAutoConfiguration:
      Did not match:
         - @ConditionalOnClass did not find required class 'org.springframework.boot.actuate.autoconfigure.endpoint.condition.ConditionalOnAvailableEndpoint' (OnClassCondition)

   ServletWebSecurityAutoConfiguration.SecurityFilterChainConfiguration:
      Did not match:
         - AllNestedConditions 1 matched 1 did not; NestedCondition on DefaultWebSecurityCondition.Beans @ConditionalOnMissingBean (types: org.springframework.security.web.SecurityFilterChain; SearchStrategy: all) found beans of type 'org.springframework.security.web.SecurityFilterChain' securityFilterChain; NestedCondition on DefaultWebSecurityCondition.Classes @ConditionalOnClass found required classes 'org.springframework.security.web.SecurityFilterChain', 'org.springframework.security.config.annotation.web.builders.HttpSecurity' (DefaultWebSecurityCondition)

   ServletWebServerConfiguration#forwardedHeaderFilter:
      Did not match:
         - @ConditionalOnProperty (server.forward-headers-strategy=framework) did not find property 'server.forward-headers-strategy' (OnPropertyCondition)

   SpringApplicationAdminJmxAutoConfiguration:
      Did not match:
         - @ConditionalOnBooleanProperty (spring.application.admin.enabled=true) did not find property 'spring.application.admin.enabled' (OnPropertyCondition)

   TaskExecutorConfigurations.AsyncConfigurerWrapperConfiguration:
      Did not match:
         - @ConditionalOnBean (types: org.springframework.scheduling.annotation.AsyncConfigurer; SearchStrategy: all) did not find any beans of type org.springframework.scheduling.annotation.AsyncConfigurer (OnBeanCondition)

   TaskExecutorConfigurations.SimpleAsyncTaskExecutorBuilderConfiguration#simpleAsyncTaskExecutorBuilderVirtualThreads:
      Did not match:
         - @ConditionalOnMissingBean (types: org.springframework.boot.task.SimpleAsyncTaskExecutorBuilder; SearchStrategy: all) found beans of type 'org.springframework.boot.task.SimpleAsyncTaskExecutorBuilder' simpleAsyncTaskExecutorBuilder (OnBeanCondition)

   TaskExecutorConfigurations.TaskExecutorConfiguration#applicationTaskExecutorVirtualThreads:
      Did not match:
         - @ConditionalOnThreading did not find VIRTUAL (OnThreadingCondition)

   TaskExecutorConfigurations.TaskExecutorContextPropagationConfiguration:
      Did not match:
         - @ConditionalOnClass did not find required class 'io.micrometer.context.ContextSnapshot' (OnClassCondition)

   TaskSchedulingConfigurations.SimpleAsyncTaskSchedulerBuilderConfiguration#simpleAsyncTaskSchedulerBuilderVirtualThreads:
      Did not match:
         - @ConditionalOnMissingBean (types: org.springframework.boot.task.SimpleAsyncTaskSchedulerBuilder; SearchStrategy: all) found beans of type 'org.springframework.boot.task.SimpleAsyncTaskSchedulerBuilder' simpleAsyncTaskSchedulerBuilder (OnBeanCondition)

   TomcatMetricsAutoConfiguration:
      Did not match:
         - @ConditionalOnClass did not find required class 'io.micrometer.core.instrument.binder.tomcat.TomcatMetrics' (OnClassCondition)

   TomcatReactiveManagementContextAutoConfiguration:
      Did not match:
         - @ConditionalOnClass did not find required class 'org.springframework.boot.actuate.autoconfigure.web.server.ManagementContextFactory' (OnClassCondition)

   TomcatReactiveWebServerAutoConfiguration:
      Did not match:
         - @ConditionalOnWebApplication did not find reactive web application classes (OnWebApplicationCondition)

   TomcatServletManagementContextAutoConfiguration:
      Did not match:
         - @ConditionalOnClass did not find required class 'org.springframework.boot.actuate.autoconfigure.web.server.ManagementContextFactory' (OnClassCondition)

   TomcatServletWebServerAutoConfiguration#tomcatForwardedHeaderFilterCustomizer:
      Did not match:
         - @ConditionalOnProperty (server.forward-headers-strategy=framework) did not find property 'server.forward-headers-strategy' (OnPropertyCondition)

   TomcatWebServerConfiguration#tomcatVirtualThreadsProtocolHandlerCustomizer:
      Did not match:
         - @ConditionalOnThreading did not find VIRTUAL (OnThreadingCondition)

   TransactionAutoConfiguration#transactionalOperator:
      Did not match:
         - @ConditionalOnSingleCandidate (types: org.springframework.transaction.ReactiveTransactionManager; SearchStrategy: all) did not find any beans (OnBeanCondition)

   TransactionAutoConfiguration.AspectJTransactionManagementConfiguration:
      Did not match:
         - @ConditionalOnBean (types: org.springframework.transaction.aspectj.AbstractTransactionAspect; SearchStrategy: all) did not find any beans of type org.springframework.transaction.aspectj.AbstractTransactionAspect (OnBeanCondition)

   TransactionAutoConfiguration.EnableTransactionManagementConfiguration.JdkDynamicAutoProxyConfiguration:
      Did not match:
         - @ConditionalOnBooleanProperty (spring.aop.proxy-target-class=false) did not find property 'spring.aop.proxy-target-class' (OnPropertyCondition)

   WebMvcAutoConfiguration#hiddenHttpMethodFilter:
      Did not match:
         - @ConditionalOnBooleanProperty (spring.mvc.hiddenmethod.filter.enabled=true) did not find property 'spring.mvc.hiddenmethod.filter.enabled' (OnPropertyCondition)

   WebMvcAutoConfiguration.ProblemDetailsErrorHandlingConfiguration:
      Did not match:
         - @ConditionalOnBooleanProperty (spring.mvc.problemdetails.enabled=true) did not find property 'spring.mvc.problemdetails.enabled' (OnPropertyCondition)

   WebMvcAutoConfiguration.ResourceChainCustomizerConfiguration:
      Did not match:
         - @ConditionalOnEnabledResourceChain did not find class org.webjars.WebJarVersionLocator (OnEnabledResourceChainCondition)

   WebMvcAutoConfiguration.WebMvcAutoConfigurationAdapter#beanNameViewResolver:
      Did not match:
         - @ConditionalOnMissingBean (types: org.springframework.web.servlet.view.BeanNameViewResolver; SearchStrategy: all) found beans of type 'org.springframework.web.servlet.view.BeanNameViewResolver' beanNameViewResolver (OnBeanCondition)

   WebMvcHealthEndpointExtensionAutoConfiguration:
      Did not match:
         - @ConditionalOnClass did not find required class 'org.springframework.boot.health.actuate.endpoint.HealthEndpoint' (OnClassCondition)

   WebMvcMappingsAutoConfiguration:
      Did not match:
         - @ConditionalOnClass did not find required class 'org.springframework.boot.actuate.autoconfigure.endpoint.condition.ConditionalOnAvailableEndpoint' (OnClassCondition)

   WebMvcObservationAutoConfiguration:
      Did not match:
         - @ConditionalOnClass did not find required class 'org.springframework.boot.micrometer.observation.autoconfigure.ObservationProperties' (OnClassCondition)

   XADataSourceAutoConfiguration:
      Did not match:
         - @ConditionalOnBean (types: org.springframework.boot.jdbc.XADataSourceWrapper; SearchStrategy: all) did not find any beans of type org.springframework.boot.jdbc.XADataSourceWrapper (OnBeanCondition)
      Matched:
         - @ConditionalOnClass found required classes 'javax.sql.DataSource', 'jakarta.transaction.TransactionManager', 'org.springframework.jdbc.datasource.embedded.EmbeddedDatabaseType' (OnClassCondition)


Exclusions:
-----------

    None


Unconditional classes:
----------------------

    org.springframework.boot.autoconfigure.context.ConfigurationPropertiesAutoConfiguration

    org.springframework.boot.autoconfigure.ssl.SslAutoConfiguration

    org.springframework.boot.autoconfigure.context.LifecycleAutoConfiguration

    org.springframework.boot.autoconfigure.context.PropertyPlaceholderAutoConfiguration

    org.springframework.boot.autoconfigure.availability.ApplicationAvailabilityAutoConfiguration

    org.springframework.boot.autoconfigure.info.ProjectInfoAutoConfiguration



2026-09-26T14:41:36.082+07:00  INFO 12540 --- [library_management] [           main] c.g.l.LibraryManagementApplication       : Started LibraryManagementApplication in 18.936 seconds (process running for 19.57)
2026-09-26T14:41:36.085+07:00 DEBUG 12540 --- [library_management] [           main] o.s.b.a.ApplicationAvailabilityBean      : Application availability state LivenessState changed to CORRECT
2026-09-26T14:41:36.092+07:00 DEBUG 12540 --- [library_management] [           main] o.s.b.a.ApplicationAvailabilityBean      : Application availability state ReadinessState changed to ACCEPTING_TRAFFIC
2026-09-26T14:41:36.221+07:00 DEBUG 12540 --- [library_management] [   scheduling-1] org.hibernate.SQL                        : select bas1_0.id,bas1_0.book_id,bas1_0.created_at,bas1_0.last_available_quantity,bas1_0.user_id from book_availability_subscriptions bas1_0
2026-09-26T14:41:36.283+07:00 DEBUG 12540 --- [library_management] [   scheduling-1] org.hibernate.SQL                        : select b1_0.id,b1_0.active,b1_0.average_rating,b1_0.borrow_fee,b1_0.category_id,b1_0.cover_image_url,b1_0.created_at,b1_0.description,b1_0.isbn,b1_0.publish_year,b1_0.publisher_id,b1_0.rating_count,b1_0.title,b1_0.updated_at,b1_0.version from books b1_0 where b1_0.id=?
2026-09-26T14:41:36.325+07:00 DEBUG 12540 --- [library_management] [   scheduling-1] org.hibernate.SQL                        : select u1_0.id,u1_0.active,u1_0.created_at,u1_0.email,u1_0.full_name,u1_0.password_hash,u1_0.phone,u1_0.role,u1_0.updated_at from users u1_0 where u1_0.id=?
2026-09-26T14:41:36.329+07:00 DEBUG 12540 --- [library_management] [   scheduling-1] org.hibernate.SQL                        : select b1_0.id,b1_0.active,b1_0.average_rating,b1_0.borrow_fee,b1_0.category_id,b1_0.cover_image_url,b1_0.created_at,b1_0.description,b1_0.isbn,b1_0.publish_year,b1_0.publisher_id,b1_0.rating_count,b1_0.title,b1_0.updated_at,b1_0.version from books b1_0 where b1_0.id=?
2026-09-26T14:41:36.334+07:00 DEBUG 12540 --- [library_management] [   scheduling-1] org.hibernate.SQL                        : select b1_0.id,b1_0.active,b1_0.average_rating,b1_0.borrow_fee,b1_0.category_id,b1_0.cover_image_url,b1_0.created_at,b1_0.description,b1_0.isbn,b1_0.publish_year,b1_0.publisher_id,b1_0.rating_count,b1_0.title,b1_0.updated_at,b1_0.version from books b1_0 where b1_0.id=?
2026-09-26T14:41:36.420+07:00 DEBUG 12540 --- [library_management] [   scheduling-1] org.hibernate.SQL                        : select count(bc1_0.id) from book_copies bc1_0 where bc1_0.book_id=? and bc1_0.status=?
2026-09-26T14:41:36.427+07:00 DEBUG 12540 --- [library_management] [   scheduling-1] org.hibernate.SQL                        : select count(bc1_0.id) from book_copies bc1_0 where bc1_0.book_id=? and bc1_0.status=?
2026-09-26T14:41:36.430+07:00 DEBUG 12540 --- [library_management] [   scheduling-1] org.hibernate.SQL                        : select count(bc1_0.id) from book_copies bc1_0 where bc1_0.book_id=? and bc1_0.status=?
2026-09-26T14:41:36.468+07:00 DEBUG 12540 --- [library_management] [   scheduling-1] org.hibernate.SQL                        : select br1_0.id,br1_0.book_copy_id,bc1_0.id,bc1_0.acquired_date,bc1_0.barcode,bc1_0.book_id,b1_0.id,b1_0.active,b1_0.average_rating,b1_0.borrow_fee,b1_0.category_id,b1_0.cover_image_url,b1_0.created_at,b1_0.description,b1_0.isbn,b1_0.publish_year,b1_0.publisher_id,b1_0.rating_count,b1_0.title,b1_0.updated_at,b1_0.version,bc1_0.created_at,bc1_0.shelf_location,bc1_0.status,bc1_0.updated_at,bc1_0.version,br1_0.borrow_days,br1_0.borrow_fee,br1_0.borrowed_at,br1_0.cancelled_at,br1_0.created_at,br1_0.deposit_amount,br1_0.deposit_refunded_at,br1_0.due_at,br1_0.paid_amount,br1_0.paid_at,br1_0.payment_code,br1_0.payment_method,br1_0.pickup_location,br1_0.reference_code,br1_0.returned_at,br1_0.status,br1_0.total_amount,br1_0.updated_at,br1_0.user_id,u1_0.id,u1_0.active,u1_0.created_at,u1_0.email,u1_0.full_name,u1_0.password_hash,u1_0.phone,u1_0.role,u1_0.updated_at from borrow_records br1_0 join book_copies bc1_0 on bc1_0.id=br1_0.book_copy_id join books b1_0 on b1_0.id=bc1_0.book_id join users u1_0 on u1_0.id=br1_0.user_id where br1_0.status=? and br1_0.due_at between ? and ?
2026-09-26T14:41:36.487+07:00 DEBUG 12540 --- [library_management] [   scheduling-1] org.hibernate.SQL                        : select br1_0.id,br1_0.book_copy_id,bc1_0.id,bc1_0.acquired_date,bc1_0.barcode,bc1_0.book_id,b1_0.id,b1_0.active,b1_0.average_rating,b1_0.borrow_fee,b1_0.category_id,b1_0.cover_image_url,b1_0.created_at,b1_0.description,b1_0.isbn,b1_0.publish_year,b1_0.publisher_id,b1_0.rating_count,b1_0.title,b1_0.updated_at,b1_0.version,bc1_0.created_at,bc1_0.shelf_location,bc1_0.status,bc1_0.updated_at,bc1_0.version,br1_0.borrow_days,br1_0.borrow_fee,br1_0.borrowed_at,br1_0.cancelled_at,br1_0.created_at,br1_0.deposit_amount,br1_0.deposit_refunded_at,br1_0.due_at,br1_0.paid_amount,br1_0.paid_at,br1_0.payment_code,br1_0.payment_method,br1_0.pickup_location,br1_0.reference_code,br1_0.returned_at,br1_0.status,br1_0.total_amount,br1_0.updated_at,br1_0.user_id,u1_0.id,u1_0.active,u1_0.created_at,u1_0.email,u1_0.full_name,u1_0.password_hash,u1_0.phone,u1_0.role,u1_0.updated_at from borrow_records br1_0 join book_copies bc1_0 on bc1_0.id=br1_0.book_copy_id join books b1_0 on b1_0.id=bc1_0.book_id join users u1_0 on u1_0.id=br1_0.user_id where br1_0.status in (?,?) and br1_0.due_at<?
2026-09-26T14:41:51.446+07:00 DEBUG 12540 --- [library_management] [   scheduling-1] org.hibernate.SQL                        : select bas1_0.id,bas1_0.book_id,bas1_0.created_at,bas1_0.last_available_quantity,bas1_0.user_id from book_availability_subscriptions bas1_0
2026-09-26T14:41:51.448+07:00 DEBUG 12540 --- [library_management] [   scheduling-1] org.hibernate.SQL                        : select b1_0.id,b1_0.active,b1_0.average_rating,b1_0.borrow_fee,b1_0.category_id,b1_0.cover_image_url,b1_0.created_at,b1_0.description,b1_0.isbn,b1_0.publish_year,b1_0.publisher_id,b1_0.rating_count,b1_0.title,b1_0.updated_at,b1_0.version from books b1_0 where b1_0.id=?
2026-09-26T14:41:51.452+07:00 DEBUG 12540 --- [library_management] [   scheduling-1] org.hibernate.SQL                        : select u1_0.id,u1_0.active,u1_0.created_at,u1_0.email,u1_0.full_name,u1_0.password_hash,u1_0.phone,u1_0.role,u1_0.updated_at from users u1_0 where u1_0.id=?
2026-09-26T14:41:51.454+07:00 DEBUG 12540 --- [library_management] [   scheduling-1] org.hibernate.SQL                        : select b1_0.id,b1_0.active,b1_0.average_rating,b1_0.borrow_fee,b1_0.category_id,b1_0.cover_image_url,b1_0.created_at,b1_0.description,b1_0.isbn,b1_0.publish_year,b1_0.publisher_id,b1_0.rating_count,b1_0.title,b1_0.updated_at,b1_0.version from books b1_0 where b1_0.id=?
2026-09-26T14:41:51.457+07:00 DEBUG 12540 --- [library_management] [   scheduling-1] org.hibernate.SQL                        : select b1_0.id,b1_0.active,b1_0.average_rating,b1_0.borrow_fee,b1_0.category_id,b1_0.cover_image_url,b1_0.created_at,b1_0.description,b1_0.isbn,b1_0.publish_year,b1_0.publisher_id,b1_0.rating_count,b1_0.title,b1_0.updated_at,b1_0.version from books b1_0 where b1_0.id=?
2026-09-26T14:41:51.460+07:00 DEBUG 12540 --- [library_management] [   scheduling-1] org.hibernate.SQL                        : select count(bc1_0.id) from book_copies bc1_0 where bc1_0.book_id=? and bc1_0.status=?
2026-09-26T14:41:51.465+07:00 DEBUG 12540 --- [library_management] [   scheduling-1] org.hibernate.SQL                        : select count(bc1_0.id) from book_copies bc1_0 where bc1_0.book_id=? and bc1_0.status=?
2026-09-26T14:41:51.468+07:00 DEBUG 12540 --- [library_management] [   scheduling-1] org.hibernate.SQL                        : select count(bc1_0.id) from book_copies bc1_0 where bc1_0.book_id=? and bc1_0.status=?
2026-09-26T14:41:51.526+07:00  INFO 12540 --- [library_management] [0.0-8386-exec-1] o.a.c.c.C.[Tomcat].[localhost].[/]       : Initializing Spring DispatcherServlet 'dispatcherServlet'
2026-09-26T14:41:51.526+07:00  INFO 12540 --- [library_management] [0.0-8386-exec-1] o.s.web.servlet.DispatcherServlet        : Initializing Servlet 'dispatcherServlet'
2026-09-26T14:41:51.527+07:00 DEBUG 12540 --- [library_management] [0.0-8386-exec-1] o.s.web.servlet.DispatcherServlet        : Detected StandardServletMultipartResolver
2026-09-26T14:41:51.527+07:00 DEBUG 12540 --- [library_management] [0.0-8386-exec-1] o.s.web.servlet.DispatcherServlet        : Detected AcceptHeaderLocaleResolver
2026-09-26T14:41:51.528+07:00 DEBUG 12540 --- [library_management] [0.0-8386-exec-1] o.s.web.servlet.DispatcherServlet        : Detected org.springframework.web.servlet.view.DefaultRequestToViewNameTranslator@2d225a66
2026-09-26T14:41:51.529+07:00 DEBUG 12540 --- [library_management] [0.0-8386-exec-1] o.s.web.servlet.DispatcherServlet        : Detected org.springframework.web.servlet.support.SessionFlashMapManager@169433d
2026-09-26T14:41:51.529+07:00 DEBUG 12540 --- [library_management] [0.0-8386-exec-1] o.s.web.servlet.DispatcherServlet        : enableLoggingRequestDetails='false': request parameters and headers will be masked to prevent unsafe logging of potentially sensitive data
2026-09-26T14:41:51.530+07:00  INFO 12540 --- [library_management] [0.0-8386-exec-1] o.s.web.servlet.DispatcherServlet        : Completed initialization in 3 ms
2026-09-26T14:41:51.559+07:00 DEBUG 12540 --- [library_management] [0.0-8386-exec-1] org.hibernate.SQL                        : select at1_0.id,at1_0.created_at,at1_0.expires_at,at1_0.token_hash,at1_0.user_id from auth_tokens at1_0 where at1_0.token_hash=?
2026-09-26T14:41:51.562+07:00 DEBUG 12540 --- [library_management] [0.0-8386-exec-1] org.hibernate.SQL                        : select u1_0.id,u1_0.active,u1_0.created_at,u1_0.email,u1_0.full_name,u1_0.password_hash,u1_0.phone,u1_0.role,u1_0.updated_at from users u1_0 where u1_0.id=?
2026-09-26T14:41:51.575+07:00 DEBUG 12540 --- [library_management] [0.0-8386-exec-1] o.s.web.servlet.DispatcherServlet        : GET "/api/v1/notifications/unread-count", parameters={}
2026-09-26T14:41:51.583+07:00 DEBUG 12540 --- [library_management] [0.0-8386-exec-1] s.w.s.m.m.a.RequestMappingHandlerMapping : Mapped to com.group_7.library_management.controller.NotificationController#getUnreadCount(Authentication)
2026-09-26T14:41:51.602+07:00 DEBUG 12540 --- [library_management] [0.0-8386-exec-1] org.hibernate.SQL                        : select count(n1_0.id) from notifications n1_0 where n1_0.user_id=? and n1_0.read_at is null and n1_0.deleted_at is null
2026-09-26T14:41:51.616+07:00 DEBUG 12540 --- [library_management] [0.0-8386-exec-1] m.m.a.RequestResponseBodyMethodProcessor : Using 'application/json', given [*/*] and supported [application/json, application/*+json]
2026-09-26T14:41:51.617+07:00 DEBUG 12540 --- [library_management] [0.0-8386-exec-1] m.m.a.RequestResponseBodyMethodProcessor : Writing [NotificationUnreadCountResponse[unreadCount=0]]
2026-09-26T14:41:51.672+07:00 DEBUG 12540 --- [library_management] [0.0-8386-exec-1] o.s.web.servlet.DispatcherServlet        : Completed 200 OK
2026-09-26T14:42:06.477+07:00 DEBUG 12540 --- [library_management] [   scheduling-1] org.hibernate.SQL                        : select bas1_0.id,bas1_0.book_id,bas1_0.created_at,bas1_0.last_available_quantity,bas1_0.user_id from book_availability_subscriptions bas1_0
2026-09-26T14:42:06.484+07:00 DEBUG 12540 --- [library_management] [   scheduling-1] org.hibernate.SQL                        : select b1_0.id,b1_0.active,b1_0.average_rating,b1_0.borrow_fee,b1_0.category_id,b1_0.cover_image_url,b1_0.created_at,b1_0.description,b1_0.isbn,b1_0.publish_year,b1_0.publisher_id,b1_0.rating_count,b1_0.title,b1_0.updated_at,b1_0.version from books b1_0 where b1_0.id=?
2026-09-26T14:42:06.488+07:00 DEBUG 12540 --- [library_management] [   scheduling-1] org.hibernate.SQL                        : select u1_0.id,u1_0.active,u1_0.created_at,u1_0.email,u1_0.full_name,u1_0.password_hash,u1_0.phone,u1_0.role,u1_0.updated_at from users u1_0 where u1_0.id=?
2026-09-26T14:42:06.493+07:00 DEBUG 12540 --- [library_management] [   scheduling-1] org.hibernate.SQL                        : select b1_0.id,b1_0.active,b1_0.average_rating,b1_0.borrow_fee,b1_0.category_id,b1_0.cover_image_url,b1_0.created_at,b1_0.description,b1_0.isbn,b1_0.publish_year,b1_0.publisher_id,b1_0.rating_count,b1_0.title,b1_0.updated_at,b1_0.version from books b1_0 where b1_0.id=?
2026-09-26T14:42:06.499+07:00 DEBUG 12540 --- [library_management] [   scheduling-1] org.hibernate.SQL                        : select b1_0.id,b1_0.active,b1_0.average_rating,b1_0.borrow_fee,b1_0.category_id,b1_0.cover_image_url,b1_0.created_at,b1_0.description,b1_0.isbn,b1_0.publish_year,b1_0.publisher_id,b1_0.rating_count,b1_0.title,b1_0.updated_at,b1_0.version from books b1_0 where b1_0.id=?
2026-09-26T14:42:06.507+07:00 DEBUG 12540 --- [library_management] [   scheduling-1] org.hibernate.SQL                        : select count(bc1_0.id) from book_copies bc1_0 where bc1_0.book_id=? and bc1_0.status=?
2026-09-26T14:42:06.514+07:00 DEBUG 12540 --- [library_management] [   scheduling-1] org.hibernate.SQL                        : select count(bc1_0.id) from book_copies bc1_0 where bc1_0.book_id=? and bc1_0.status=?
2026-09-26T14:42:06.519+07:00 DEBUG 12540 --- [library_management] [   scheduling-1] org.hibernate.SQL                        : select count(bc1_0.id) from book_copies bc1_0 where bc1_0.book_id=? and bc1_0.status=?
2026-09-26T14:42:13.419+07:00 DEBUG 12540 --- [library_management] [0.0-8386-exec-3] org.hibernate.SQL                        : select at1_0.id,at1_0.created_at,at1_0.expires_at,at1_0.token_hash,at1_0.user_id from auth_tokens at1_0 where at1_0.token_hash=?
2026-09-26T14:42:13.420+07:00 DEBUG 12540 --- [library_management] [0.0-8386-exec-3] org.hibernate.SQL                        : select u1_0.id,u1_0.active,u1_0.created_at,u1_0.email,u1_0.full_name,u1_0.password_hash,u1_0.phone,u1_0.role,u1_0.updated_at from users u1_0 where u1_0.id=?
2026-09-26T14:42:13.426+07:00 DEBUG 12540 --- [library_management] [0.0-8386-exec-3] o.s.web.servlet.DispatcherServlet        : GET "/api/v1/admin/books/isbn-availability?isbn=9781789957648", parameters={masked}
2026-09-26T14:42:13.428+07:00 DEBUG 12540 --- [library_management] [0.0-8386-exec-3] s.w.s.m.m.a.RequestMappingHandlerMapping : Mapped to com.group_7.library_management.controller.AdminBookController#checkIsbnAvailability(String, Long)
2026-09-26T14:42:13.448+07:00 DEBUG 12540 --- [library_management] [0.0-8386-exec-3] org.hibernate.SQL                        : select b1_0.id from books b1_0 where b1_0.isbn=? limit ?
2026-09-26T14:42:13.451+07:00 DEBUG 12540 --- [library_management] [0.0-8386-exec-3] m.m.a.RequestResponseBodyMethodProcessor : Using 'application/json', given [*/*] and supported [application/json, application/*+json]
2026-09-26T14:42:13.453+07:00 DEBUG 12540 --- [library_management] [0.0-8386-exec-3] m.m.a.RequestResponseBodyMethodProcessor : Writing [BookIsbnAvailabilityResponse[isbn=9781789957648, available=true]]
2026-09-26T14:42:13.456+07:00 DEBUG 12540 --- [library_management] [0.0-8386-exec-3] o.s.web.servlet.DispatcherServlet        : Completed 200 OK
2026-09-26T14:42:15.602+07:00 DEBUG 12540 --- [library_management] [0.0-8386-exec-9] org.hibernate.SQL                        : select at1_0.id,at1_0.created_at,at1_0.expires_at,at1_0.token_hash,at1_0.user_id from auth_tokens at1_0 where at1_0.token_hash=?
2026-09-26T14:42:15.605+07:00 DEBUG 12540 --- [library_management] [0.0-8386-exec-9] org.hibernate.SQL                        : select u1_0.id,u1_0.active,u1_0.created_at,u1_0.email,u1_0.full_name,u1_0.password_hash,u1_0.phone,u1_0.role,u1_0.updated_at from users u1_0 where u1_0.id=?
2026-09-26T14:42:15.611+07:00 DEBUG 12540 --- [library_management] [0.0-8386-exec-9] o.s.web.servlet.DispatcherServlet        : POST "/api/v1/admin/book-covers", parameters={multipart}
2026-09-26T14:42:15.646+07:00 DEBUG 12540 --- [library_management] [0.0-8386-exec-9] s.w.s.m.m.a.RequestMappingHandlerMapping : Mapped to com.group_7.library_management.controller.AdminBookCoverController#upload(MultipartFile)
2026-09-26T14:42:15.674+07:00 DEBUG 12540 --- [library_management] [0.0-8386-exec-9] m.m.a.RequestResponseBodyMethodProcessor : Using 'application/json', given [*/*] and supported [application/json, application/*+json]
2026-09-26T14:42:15.677+07:00 DEBUG 12540 --- [library_management] [0.0-8386-exec-9] m.m.a.RequestResponseBodyMethodProcessor : Writing [BookCoverUploadResponse[fileName=b01e9405-a283-4970-af65-e7a992d8c50a.jpg, path=/uploads/book-covers (truncated)...]
2026-09-26T14:42:15.681+07:00 DEBUG 12540 --- [library_management] [0.0-8386-exec-9] o.s.web.servlet.DispatcherServlet        : Completed 201 CREATED
2026-09-26T14:42:15.697+07:00 DEBUG 12540 --- [library_management] [0.0-8386-exec-7] org.hibernate.SQL                        : select at1_0.id,at1_0.created_at,at1_0.expires_at,at1_0.token_hash,at1_0.user_id from auth_tokens at1_0 where at1_0.token_hash=?
2026-09-26T14:42:15.701+07:00 DEBUG 12540 --- [library_management] [0.0-8386-exec-7] org.hibernate.SQL                        : select u1_0.id,u1_0.active,u1_0.created_at,u1_0.email,u1_0.full_name,u1_0.password_hash,u1_0.phone,u1_0.role,u1_0.updated_at from users u1_0 where u1_0.id=?
2026-09-26T14:42:15.703+07:00 DEBUG 12540 --- [library_management] [0.0-8386-exec-7] o.s.web.servlet.DispatcherServlet        : POST "/api/v1/books", parameters={}
2026-09-26T14:42:15.704+07:00 DEBUG 12540 --- [library_management] [0.0-8386-exec-7] s.w.s.m.m.a.RequestMappingHandlerMapping : Mapped to com.group_7.library_management.controller.BookController#createBook(CreateBookRequest)
2026-09-26T14:42:15.808+07:00 DEBUG 12540 --- [library_management] [0.0-8386-exec-7] m.m.a.RequestResponseBodyMethodProcessor : Read "application/json;charset=UTF-8" to [CreateBookRequest[isbn=9781789957648, title=Clean Code in JavaScript, author=James Padolsey, authors (truncated)...]
2026-09-26T14:42:15.853+07:00  WARN 12540 --- [library_management] [0.0-8386-exec-7] o.h.v.i.m.a.CascadingMetaDataBuilder     : HV000271: Using `@Valid` on a container (java.util.List) is deprecated. You should apply the annotation on the type argument(s). Affected element: CreateBookRequest#authors()
2026-09-26T14:42:15.860+07:00  WARN 12540 --- [library_management] [0.0-8386-exec-7] o.h.v.i.m.a.CascadingMetaDataBuilder     : HV000271: Using `@Valid` on a container (java.util.List) is deprecated. You should apply the annotation on the type argument(s). Affected element: authors
2026-09-26T14:42:15.861+07:00  WARN 12540 --- [library_management] [0.0-8386-exec-7] o.h.v.i.m.a.CascadingMetaDataBuilder     : HV000271: Using `@Valid` on a container (java.util.List) is deprecated. You should apply the annotation on the type argument(s). Affected element: CreateBookRequest#com.group_7.library_management.dto.CreateBookRequest(String, String, String, List, String, String, PublisherRequest, Integer, Integer, String, String, Long, String)
2026-09-26T14:42:15.883+07:00 DEBUG 12540 --- [library_management] [0.0-8386-exec-7] org.hibernate.SQL                        : select b1_0.id from books b1_0 where b1_0.isbn=? limit ?
2026-09-26T14:42:15.889+07:00 DEBUG 12540 --- [library_management] [0.0-8386-exec-7] org.hibernate.SQL                        : select c1_0.id,c1_0.active,c1_0.created_at,c1_0.description,c1_0.name,c1_0.slug,c1_0.updated_at from categories c1_0 where upper(c1_0.name)=upper(?)
2026-09-26T14:42:15.904+07:00 DEBUG 12540 --- [library_management] [0.0-8386-exec-7] org.hibernate.SQL                        : select c1_0.id,c1_0.active,c1_0.created_at,c1_0.description,c1_0.name,c1_0.slug,c1_0.updated_at from categories c1_0 where upper(c1_0.slug)=upper(?)
2026-09-26T14:42:15.923+07:00 DEBUG 12540 --- [library_management] [0.0-8386-exec-7] org.hibernate.SQL                        : insert into categories (active,created_at,description,name,slug,updated_at) values (?,?,?,?,?,?)
2026-09-26T14:42:15.952+07:00 DEBUG 12540 --- [library_management] [0.0-8386-exec-7] org.hibernate.SQL                        : select a1_0.id,a1_0.birth_date,a1_0.created_at,a1_0.death_date,a1_0.name,a1_0.nationality,a1_0.pen_name,a1_0.updated_at from authors a1_0 where upper(a1_0.name)=upper(?)
2026-09-26T14:42:15.958+07:00 DEBUG 12540 --- [library_management] [0.0-8386-exec-7] org.hibernate.SQL                        : insert into authors (birth_date,created_at,death_date,name,nationality,pen_name,updated_at) values (?,?,?,?,?,?,?)
2026-09-26T14:42:15.966+07:00 DEBUG 12540 --- [library_management] [0.0-8386-exec-7] org.hibernate.SQL                        : select p1_0.id,p1_0.address,p1_0.created_at,p1_0.email,p1_0.name,p1_0.phone,p1_0.updated_at from publishers p1_0 where upper(p1_0.name)=upper(?)
2026-09-26T14:42:15.972+07:00 DEBUG 12540 --- [library_management] [0.0-8386-exec-7] org.hibernate.SQL                        : insert into publishers (address,created_at,email,name,phone,updated_at) values (?,?,?,?,?,?)
2026-09-26T14:42:15.978+07:00 DEBUG 12540 --- [library_management] [0.0-8386-exec-7] org.hibernate.SQL                        : insert into books (active,average_rating,borrow_fee,category_id,cover_image_url,created_at,description,isbn,publish_year,publisher_id,rating_count,title,updated_at,version) values (?,?,?,?,?,?,?,?,?,?,?,?,?,?)
2026-09-26T14:42:15.984+07:00 DEBUG 12540 --- [library_management] [0.0-8386-exec-7] org.hibernate.SQL                        : insert into book_copies (acquired_date,barcode,book_id,created_at,shelf_location,status,updated_at,version) values (?,?,?,?,?,?,?,?)
2026-09-26T14:42:15.988+07:00 DEBUG 12540 --- [library_management] [0.0-8386-exec-7] org.hibernate.SQL                        : insert into book_copies (acquired_date,barcode,book_id,created_at,shelf_location,status,updated_at,version) values (?,?,?,?,?,?,?,?)
2026-09-26T14:42:15.990+07:00 DEBUG 12540 --- [library_management] [0.0-8386-exec-7] org.hibernate.SQL                        : insert into book_copies (acquired_date,barcode,book_id,created_at,shelf_location,status,updated_at,version) values (?,?,?,?,?,?,?,?)
2026-09-26T14:42:15.993+07:00 DEBUG 12540 --- [library_management] [0.0-8386-exec-7] org.hibernate.SQL                        : insert into book_copies (acquired_date,barcode,book_id,created_at,shelf_location,status,updated_at,version) values (?,?,?,?,?,?,?,?)
2026-09-26T14:42:15.995+07:00 DEBUG 12540 --- [library_management] [0.0-8386-exec-7] org.hibernate.SQL                        : insert into book_copies (acquired_date,barcode,book_id,created_at,shelf_location,status,updated_at,version) values (?,?,?,?,?,?,?,?)
2026-09-26T14:42:15.998+07:00 DEBUG 12540 --- [library_management] [0.0-8386-exec-7] org.hibernate.SQL                        : insert into book_copies (acquired_date,barcode,book_id,created_at,shelf_location,status,updated_at,version) values (?,?,?,?,?,?,?,?)
2026-09-26T14:42:16.000+07:00 DEBUG 12540 --- [library_management] [0.0-8386-exec-7] org.hibernate.SQL                        : insert into book_copies (acquired_date,barcode,book_id,created_at,shelf_location,status,updated_at,version) values (?,?,?,?,?,?,?,?)
2026-09-26T14:42:16.002+07:00 DEBUG 12540 --- [library_management] [0.0-8386-exec-7] org.hibernate.SQL                        : insert into book_copies (acquired_date,barcode,book_id,created_at,shelf_location,status,updated_at,version) values (?,?,?,?,?,?,?,?)
2026-09-26T14:42:16.010+07:00 DEBUG 12540 --- [library_management] [0.0-8386-exec-7] org.hibernate.SQL                        : insert into book_authors (book_id,author_id) values (?,?)
2026-09-26T14:42:16.017+07:00 DEBUG 12540 --- [library_management] [0.0-8386-exec-7] org.hibernate.SQL                        : select count(bc1_0.id) from book_copies bc1_0 where bc1_0.book_id=?
2026-09-26T14:42:16.021+07:00 DEBUG 12540 --- [library_management] [0.0-8386-exec-7] org.hibernate.SQL                        : select count(bc1_0.id) from book_copies bc1_0 where bc1_0.book_id=? and bc1_0.status=?
2026-09-26T14:42:16.027+07:00 DEBUG 12540 --- [library_management] [0.0-8386-exec-7] m.m.a.RequestResponseBodyMethodProcessor : Using 'application/json', given [*/*] and supported [application/json, application/*+json]
2026-09-26T14:42:16.035+07:00 DEBUG 12540 --- [library_management] [0.0-8386-exec-7] m.m.a.RequestResponseBodyMethodProcessor : Writing [BookResponse[id=954, isbn=9781789957648, title=Clean Code in JavaScript, author=James Padolsey, cate (truncated)...]
2026-09-26T14:42:16.047+07:00 DEBUG 12540 --- [library_management] [0.0-8386-exec-7] o.s.web.servlet.DispatcherServlet        : Completed 201 CREATED
2026-09-26T14:42:21.529+07:00 DEBUG 12540 --- [library_management] [   scheduling-1] org.hibernate.SQL                        : select bas1_0.id,bas1_0.book_id,bas1_0.created_at,bas1_0.last_available_quantity,bas1_0.user_id from book_availability_subscriptions bas1_0
2026-09-26T14:42:21.533+07:00 DEBUG 12540 --- [library_management] [   scheduling-1] org.hibernate.SQL                        : select b1_0.id,b1_0.active,b1_0.average_rating,b1_0.borrow_fee,b1_0.category_id,b1_0.cover_image_url,b1_0.created_at,b1_0.description,b1_0.isbn,b1_0.publish_year,b1_0.publisher_id,b1_0.rating_count,b1_0.title,b1_0.updated_at,b1_0.version from books b1_0 where b1_0.id=?
2026-09-26T14:42:21.537+07:00 DEBUG 12540 --- [library_management] [   scheduling-1] org.hibernate.SQL                        : select u1_0.id,u1_0.active,u1_0.created_at,u1_0.email,u1_0.full_name,u1_0.password_hash,u1_0.phone,u1_0.role,u1_0.updated_at from users u1_0 where u1_0.id=?
2026-09-26T14:42:21.540+07:00 DEBUG 12540 --- [library_management] [   scheduling-1] org.hibernate.SQL                        : select b1_0.id,b1_0.active,b1_0.average_rating,b1_0.borrow_fee,b1_0.category_id,b1_0.cover_image_url,b1_0.created_at,b1_0.description,b1_0.isbn,b1_0.publish_year,b1_0.publisher_id,b1_0.rating_count,b1_0.title,b1_0.updated_at,b1_0.version from books b1_0 where b1_0.id=?
2026-09-26T14:42:21.544+07:00 DEBUG 12540 --- [library_management] [   scheduling-1] org.hibernate.SQL                        : select b1_0.id,b1_0.active,b1_0.average_rating,b1_0.borrow_fee,b1_0.category_id,b1_0.cover_image_url,b1_0.created_at,b1_0.description,b1_0.isbn,b1_0.publish_year,b1_0.publisher_id,b1_0.rating_count,b1_0.title,b1_0.updated_at,b1_0.version from books b1_0 where b1_0.id=?
2026-09-26T14:42:21.551+07:00 DEBUG 12540 --- [library_management] [   scheduling-1] org.hibernate.SQL                        : select count(bc1_0.id) from book_copies bc1_0 where bc1_0.book_id=? and bc1_0.status=?
2026-09-26T14:42:21.555+07:00 DEBUG 12540 --- [library_management] [   scheduling-1] org.hibernate.SQL                        : select count(bc1_0.id) from book_copies bc1_0 where bc1_0.book_id=? and bc1_0.status=?
2026-09-26T14:42:21.558+07:00 DEBUG 12540 --- [library_management] [   scheduling-1] org.hibernate.SQL                        : select count(bc1_0.id) from book_copies bc1_0 where bc1_0.book_id=? and bc1_0.status=?
2026-09-26T14:42:21.746+07:00 DEBUG 12540 --- [library_management] [0.0-8386-exec-8] org.hibernate.SQL                        : select at1_0.id,at1_0.created_at,at1_0.expires_at,at1_0.token_hash,at1_0.user_id from auth_tokens at1_0 where at1_0.token_hash=?
2026-09-26T14:42:21.749+07:00 DEBUG 12540 --- [library_management] [0.0-8386-exec-8] org.hibernate.SQL                        : select u1_0.id,u1_0.active,u1_0.created_at,u1_0.email,u1_0.full_name,u1_0.password_hash,u1_0.phone,u1_0.role,u1_0.updated_at from users u1_0 where u1_0.id=?
2026-09-26T14:42:21.753+07:00 DEBUG 12540 --- [library_management] [0.0-8386-exec-8] o.s.web.servlet.DispatcherServlet        : GET "/api/v1/notifications/unread-count", parameters={}
2026-09-26T14:42:21.755+07:00 DEBUG 12540 --- [library_management] [0.0-8386-exec-8] s.w.s.m.m.a.RequestMappingHandlerMapping : Mapped to com.group_7.library_management.controller.NotificationController#getUnreadCount(Authentication)
2026-09-26T14:42:21.758+07:00 DEBUG 12540 --- [library_management] [0.0-8386-exec-8] org.hibernate.SQL                        : select count(n1_0.id) from notifications n1_0 where n1_0.user_id=? and n1_0.read_at is null and n1_0.deleted_at is null
2026-09-26T14:42:21.763+07:00 DEBUG 12540 --- [library_management] [0.0-8386-exec-8] m.m.a.RequestResponseBodyMethodProcessor : Using 'application/json', given [*/*] and supported [application/json, application/*+json]
2026-09-26T14:42:21.765+07:00 DEBUG 12540 --- [library_management] [0.0-8386-exec-8] m.m.a.RequestResponseBodyMethodProcessor : Writing [NotificationUnreadCountResponse[unreadCount=0]]
2026-09-26T14:42:21.766+07:00 DEBUG 12540 --- [library_management] [0.0-8386-exec-8] o.s.web.servlet.DispatcherServlet        : Completed 200 OK
2026-09-26T14:42:24.152+07:00 DEBUG 12540 --- [library_management] [0.0-8386-exec-1] org.hibernate.SQL                        : select at1_0.id,at1_0.created_at,at1_0.expires_at,at1_0.token_hash,at1_0.user_id from auth_tokens at1_0 where at1_0.token_hash=?
2026-09-26T14:42:24.153+07:00 DEBUG 12540 --- [library_management] [0.0-8386-exec-2] org.hibernate.SQL                        : select at1_0.id,at1_0.created_at,at1_0.expires_at,at1_0.token_hash,at1_0.user_id from auth_tokens at1_0 where at1_0.token_hash=?
2026-09-26T14:42:24.155+07:00 DEBUG 12540 --- [library_management] [0.0-8386-exec-1] org.hibernate.SQL                        : select u1_0.id,u1_0.active,u1_0.created_at,u1_0.email,u1_0.full_name,u1_0.password_hash,u1_0.phone,u1_0.role,u1_0.updated_at from users u1_0 where u1_0.id=?
2026-09-26T14:42:24.157+07:00 DEBUG 12540 --- [library_management] [0.0-8386-exec-2] org.hibernate.SQL                        : select u1_0.id,u1_0.active,u1_0.created_at,u1_0.email,u1_0.full_name,u1_0.password_hash,u1_0.phone,u1_0.role,u1_0.updated_at from users u1_0 where u1_0.id=?
2026-09-26T14:42:24.160+07:00 DEBUG 12540 --- [library_management] [0.0-8386-exec-1] o.s.web.servlet.DispatcherServlet        : GET "/api/v1/books/954/detail", parameters={}
2026-09-26T14:42:24.162+07:00 DEBUG 12540 --- [library_management] [0.0-8386-exec-1] s.w.s.m.m.a.RequestMappingHandlerMapping : Mapped to com.group_7.library_management.controller.BookController#getBookDetail(Long)
2026-09-26T14:42:24.162+07:00 DEBUG 12540 --- [library_management] [0.0-8386-exec-2] o.s.web.servlet.DispatcherServlet        : GET "/api/v1/admin/borrow-orders/books/954", parameters={}
2026-09-26T14:42:24.163+07:00 DEBUG 12540 --- [library_management] [0.0-8386-exec-2] s.w.s.m.m.a.RequestMappingHandlerMapping : Mapped to com.group_7.library_management.controller.AdminBorrowOrderController#getBookHistory(Long)
2026-09-26T14:42:24.168+07:00 DEBUG 12540 --- [library_management] [0.0-8386-exec-9] org.hibernate.SQL                        : select at1_0.id,at1_0.created_at,at1_0.expires_at,at1_0.token_hash,at1_0.user_id from auth_tokens at1_0 where at1_0.token_hash=?
2026-09-26T14:42:24.171+07:00 DEBUG 12540 --- [library_management] [0.0-8386-exec-6] org.hibernate.SQL                        : select at1_0.id,at1_0.created_at,at1_0.expires_at,at1_0.token_hash,at1_0.user_id from auth_tokens at1_0 where at1_0.token_hash=?
2026-09-26T14:42:24.171+07:00 DEBUG 12540 --- [library_management] [0.0-8386-exec-9] org.hibernate.SQL                        : select u1_0.id,u1_0.active,u1_0.created_at,u1_0.email,u1_0.full_name,u1_0.password_hash,u1_0.phone,u1_0.role,u1_0.updated_at from users u1_0 where u1_0.id=?
2026-09-26T14:42:24.174+07:00 DEBUG 12540 --- [library_management] [0.0-8386-exec-6] org.hibernate.SQL                        : select u1_0.id,u1_0.active,u1_0.created_at,u1_0.email,u1_0.full_name,u1_0.password_hash,u1_0.phone,u1_0.role,u1_0.updated_at from users u1_0 where u1_0.id=?
2026-09-26T14:42:24.176+07:00 DEBUG 12540 --- [library_management] [0.0-8386-exec-2] org.hibernate.SQL                        : select count(*) from books b1_0 where b1_0.id=?
2026-09-26T14:42:24.177+07:00 DEBUG 12540 --- [library_management] [0.0-8386-exec-9] o.s.web.servlet.DispatcherServlet        : GET "/api/v1/books/954/detail", parameters={}
2026-09-26T14:42:24.178+07:00 DEBUG 12540 --- [library_management] [0.0-8386-exec-9] s.w.s.m.m.a.RequestMappingHandlerMapping : Mapped to com.group_7.library_management.controller.BookController#getBookDetail(Long)
2026-09-26T14:42:24.179+07:00 DEBUG 12540 --- [library_management] [0.0-8386-exec-6] o.s.web.servlet.DispatcherServlet        : GET "/api/v1/admin/borrow-orders/books/954", parameters={}
2026-09-26T14:42:24.180+07:00 DEBUG 12540 --- [library_management] [0.0-8386-exec-6] s.w.s.m.m.a.RequestMappingHandlerMapping : Mapped to com.group_7.library_management.controller.AdminBorrowOrderController#getBookHistory(Long)
2026-09-26T14:42:24.182+07:00 DEBUG 12540 --- [library_management] [0.0-8386-exec-6] org.hibernate.SQL                        : select count(*) from books b1_0 where b1_0.id=?
2026-09-26T14:42:24.187+07:00 DEBUG 12540 --- [library_management] [0.0-8386-exec-1] org.hibernate.SQL                        : select b1_0.id,b1_0.active,a1_0.book_id,a1_1.id,a1_1.birth_date,a1_1.created_at,a1_1.death_date,a1_1.name,a1_1.nationality,a1_1.pen_name,a1_1.updated_at,b1_0.average_rating,b1_0.borrow_fee,b1_0.category_id,c1_0.id,c1_0.active,c1_0.created_at,c1_0.description,c1_0.name,c1_0.slug,c1_0.updated_at,b1_0.cover_image_url,b1_0.created_at,b1_0.description,b1_0.isbn,b1_0.publish_year,p1_0.id,p1_0.address,p1_0.created_at,p1_0.email,p1_0.name,p1_0.phone,p1_0.updated_at,b1_0.rating_count,b1_0.title,b1_0.updated_at,b1_0.version from books b1_0 left join book_authors a1_0 on b1_0.id=a1_0.book_id left join authors a1_1 on a1_1.id=a1_0.author_id join categories c1_0 on c1_0.id=b1_0.category_id left join publishers p1_0 on p1_0.id=b1_0.publisher_id where b1_0.id=? and b1_0.active=true
2026-09-26T14:42:24.187+07:00 DEBUG 12540 --- [library_management] [0.0-8386-exec-9] org.hibernate.SQL                        : select b1_0.id,b1_0.active,a1_0.book_id,a1_1.id,a1_1.birth_date,a1_1.created_at,a1_1.death_date,a1_1.name,a1_1.nationality,a1_1.pen_name,a1_1.updated_at,b1_0.average_rating,b1_0.borrow_fee,b1_0.category_id,c1_0.id,c1_0.active,c1_0.created_at,c1_0.description,c1_0.name,c1_0.slug,c1_0.updated_at,b1_0.cover_image_url,b1_0.created_at,b1_0.description,b1_0.isbn,b1_0.publish_year,p1_0.id,p1_0.address,p1_0.created_at,p1_0.email,p1_0.name,p1_0.phone,p1_0.updated_at,b1_0.rating_count,b1_0.title,b1_0.updated_at,b1_0.version from books b1_0 left join book_authors a1_0 on b1_0.id=a1_0.book_id left join authors a1_1 on a1_1.id=a1_0.author_id join categories c1_0 on c1_0.id=b1_0.category_id left join publishers p1_0 on p1_0.id=b1_0.publisher_id where b1_0.id=? and b1_0.active=true
2026-09-26T14:42:24.198+07:00 DEBUG 12540 --- [library_management] [0.0-8386-exec-6] org.hibernate.SQL                        : select br1_0.id,br1_0.book_copy_id,bc2_0.id,bc2_0.acquired_date,bc2_0.barcode,bc2_0.book_id,b1_0.id,b1_0.active,a1_0.book_id,a1_1.id,a1_1.birth_date,a1_1.created_at,a1_1.death_date,a1_1.name,a1_1.nationality,a1_1.pen_name,a1_1.updated_at,b1_0.average_rating,b1_0.borrow_fee,b1_0.category_id,b1_0.cover_image_url,b1_0.created_at,b1_0.description,b1_0.isbn,b1_0.publish_year,b1_0.publisher_id,b1_0.rating_count,b1_0.title,b1_0.updated_at,b1_0.version,bc2_0.created_at,bc2_0.shelf_location,bc2_0.status,bc2_0.updated_at,bc2_0.version,br1_0.borrow_days,br1_0.borrow_fee,br1_0.borrowed_at,br1_0.cancelled_at,br1_0.created_at,br1_0.deposit_amount,br1_0.deposit_refunded_at,br1_0.due_at,br1_0.paid_amount,br1_0.paid_at,br1_0.payment_code,br1_0.payment_method,br1_0.pickup_location,br1_0.reference_code,br1_0.returned_at,br1_0.status,br1_0.total_amount,br1_0.updated_at,br1_0.user_id,u1_0.id,u1_0.active,u1_0.created_at,u1_0.email,u1_0.full_name,u1_0.password_hash,u1_0.phone,u1_0.role,u1_0.updated_at from borrow_records br1_0 join book_copies bc1_0 on bc1_0.id=br1_0.book_copy_id join book_copies bc2_0 on bc2_0.id=br1_0.book_copy_id join books b1_0 on b1_0.id=bc2_0.book_id left join book_authors a1_0 on b1_0.id=a1_0.book_id left join authors a1_1 on a1_1.id=a1_0.author_id join users u1_0 on u1_0.id=br1_0.user_id where bc1_0.book_id=? order by br1_0.created_at desc
2026-09-26T14:42:24.198+07:00 DEBUG 12540 --- [library_management] [0.0-8386-exec-2] org.hibernate.SQL                        : select br1_0.id,br1_0.book_copy_id,bc2_0.id,bc2_0.acquired_date,bc2_0.barcode,bc2_0.book_id,b1_0.id,b1_0.active,a1_0.book_id,a1_1.id,a1_1.birth_date,a1_1.created_at,a1_1.death_date,a1_1.name,a1_1.nationality,a1_1.pen_name,a1_1.updated_at,b1_0.average_rating,b1_0.borrow_fee,b1_0.category_id,b1_0.cover_image_url,b1_0.created_at,b1_0.description,b1_0.isbn,b1_0.publish_year,b1_0.publisher_id,b1_0.rating_count,b1_0.title,b1_0.updated_at,b1_0.version,bc2_0.created_at,bc2_0.shelf_location,bc2_0.status,bc2_0.updated_at,bc2_0.version,br1_0.borrow_days,br1_0.borrow_fee,br1_0.borrowed_at,br1_0.cancelled_at,br1_0.created_at,br1_0.deposit_amount,br1_0.deposit_refunded_at,br1_0.due_at,br1_0.paid_amount,br1_0.paid_at,br1_0.payment_code,br1_0.payment_method,br1_0.pickup_location,br1_0.reference_code,br1_0.returned_at,br1_0.status,br1_0.total_amount,br1_0.updated_at,br1_0.user_id,u1_0.id,u1_0.active,u1_0.created_at,u1_0.email,u1_0.full_name,u1_0.password_hash,u1_0.phone,u1_0.role,u1_0.updated_at from borrow_records br1_0 join book_copies bc1_0 on bc1_0.id=br1_0.book_copy_id join book_copies bc2_0 on bc2_0.id=br1_0.book_copy_id join books b1_0 on b1_0.id=bc2_0.book_id left join book_authors a1_0 on b1_0.id=a1_0.book_id left join authors a1_1 on a1_1.id=a1_0.author_id join users u1_0 on u1_0.id=br1_0.user_id where bc1_0.book_id=? order by br1_0.created_at desc
2026-09-26T14:42:24.202+07:00 DEBUG 12540 --- [library_management] [0.0-8386-exec-1] org.hibernate.SQL                        : select bc1_0.id,bc1_0.acquired_date,bc1_0.barcode,bc1_0.book_id,bc1_0.created_at,bc1_0.shelf_location,bc1_0.status,bc1_0.updated_at,bc1_0.version from book_copies bc1_0 where bc1_0.book_id=? order by bc1_0.id
2026-09-26T14:42:24.202+07:00 DEBUG 12540 --- [library_management] [0.0-8386-exec-9] org.hibernate.SQL                        : select bc1_0.id,bc1_0.acquired_date,bc1_0.barcode,bc1_0.book_id,bc1_0.created_at,bc1_0.shelf_location,bc1_0.status,bc1_0.updated_at,bc1_0.version from book_copies bc1_0 where bc1_0.book_id=? order by bc1_0.id
2026-09-26T14:42:24.207+07:00 DEBUG 12540 --- [library_management] [0.0-8386-exec-2] m.m.a.RequestResponseBodyMethodProcessor : Using 'application/json', given [*/*] and supported [application/json, application/*+json]
2026-09-26T14:42:24.207+07:00 DEBUG 12540 --- [library_management] [0.0-8386-exec-6] m.m.a.RequestResponseBodyMethodProcessor : Using 'application/json', given [*/*] and supported [application/json, application/*+json]
2026-09-26T14:42:24.207+07:00 DEBUG 12540 --- [library_management] [0.0-8386-exec-2] m.m.a.RequestResponseBodyMethodProcessor : Writing [[]]
2026-09-26T14:42:24.207+07:00 DEBUG 12540 --- [library_management] [0.0-8386-exec-6] m.m.a.RequestResponseBodyMethodProcessor : Writing [[]]
2026-09-26T14:42:24.210+07:00 DEBUG 12540 --- [library_management] [0.0-8386-exec-1] org.hibernate.SQL                        : select count(bc1_0.id) from book_copies bc1_0 where bc1_0.book_id=?
2026-09-26T14:42:24.210+07:00 DEBUG 12540 --- [library_management] [0.0-8386-exec-9] org.hibernate.SQL                        : select count(bc1_0.id) from book_copies bc1_0 where bc1_0.book_id=?
2026-09-26T14:42:24.212+07:00 DEBUG 12540 --- [library_management] [0.0-8386-exec-1] org.hibernate.SQL                        : select count(bc1_0.id) from book_copies bc1_0 where bc1_0.book_id=? and bc1_0.status=?
2026-09-26T14:42:24.212+07:00 DEBUG 12540 --- [library_management] [0.0-8386-exec-9] org.hibernate.SQL                        : select count(bc1_0.id) from book_copies bc1_0 where bc1_0.book_id=? and bc1_0.status=?
2026-09-26T14:42:24.215+07:00 DEBUG 12540 --- [library_management] [0.0-8386-exec-1] m.m.a.RequestResponseBodyMethodProcessor : Using 'application/json', given [*/*] and supported [application/json, application/*+json]
2026-09-26T14:42:24.215+07:00 DEBUG 12540 --- [library_management] [0.0-8386-exec-9] m.m.a.RequestResponseBodyMethodProcessor : Using 'application/json', given [*/*] and supported [application/json, application/*+json]
2026-09-26T14:42:24.218+07:00 DEBUG 12540 --- [library_management] [0.0-8386-exec-6] o.s.web.servlet.DispatcherServlet        : Completed 200 OK
2026-09-26T14:42:24.218+07:00 DEBUG 12540 --- [library_management] [0.0-8386-exec-2] o.s.web.servlet.DispatcherServlet        : Completed 200 OK
2026-09-26T14:42:24.221+07:00 DEBUG 12540 --- [library_management] [0.0-8386-exec-9] m.m.a.RequestResponseBodyMethodProcessor : Writing [BookDetailResponse[book=BookResponse[id=954, isbn=9781789957648, title=Clean Code in JavaScript, aut (truncated)...]
2026-09-26T14:42:24.221+07:00 DEBUG 12540 --- [library_management] [0.0-8386-exec-1] m.m.a.RequestResponseBodyMethodProcessor : Writing [BookDetailResponse[book=BookResponse[id=954, isbn=9781789957648, title=Clean Code in JavaScript, aut (truncated)...]
2026-09-26T14:42:24.228+07:00 DEBUG 12540 --- [library_management] [0.0-8386-exec-9] o.s.web.servlet.DispatcherServlet        : Completed 200 OK
2026-09-26T14:42:24.228+07:00 DEBUG 12540 --- [library_management] [0.0-8386-exec-1] o.s.web.servlet.DispatcherServlet        : Completed 200 OK
2026-09-26T14:42:24.450+07:00 DEBUG 12540 --- [library_management] [0.0-8386-exec-7] o.s.web.servlet.DispatcherServlet        : GET "/uploads/book-covers/b01e9405-a283-4970-af65-e7a992d8c50a.jpg", parameters={}
2026-09-26T14:42:24.457+07:00 DEBUG 12540 --- [library_management] [0.0-8386-exec-7] o.s.w.s.handler.SimpleUrlHandlerMapping  : Mapped to ResourceHttpRequestHandler [URL [file:/D:/learn_android_programming/project_mobile_group2/PROJECT-ANDROID-PROGRAMMING/code_api/library_management/uploads/book-covers/]]
2026-09-26T14:42:24.475+07:00 DEBUG 12540 --- [library_management] [0.0-8386-exec-7] o.s.web.servlet.DispatcherServlet        : Completed 200 OK
2026-09-26T14:42:36.561+07:00 DEBUG 12540 --- [library_management] [   scheduling-1] org.hibernate.SQL                        : select br1_0.id,br1_0.book_copy_id,bc1_0.id,bc1_0.acquired_date,bc1_0.barcode,bc1_0.book_id,b1_0.id,b1_0.active,b1_0.average_rating,b1_0.borrow_fee,b1_0.category_id,b1_0.cover_image_url,b1_0.created_at,b1_0.description,b1_0.isbn,b1_0.publish_year,b1_0.publisher_id,b1_0.rating_count,b1_0.title,b1_0.updated_at,b1_0.version,bc1_0.created_at,bc1_0.shelf_location,bc1_0.status,bc1_0.updated_at,bc1_0.version,br1_0.borrow_days,br1_0.borrow_fee,br1_0.borrowed_at,br1_0.cancelled_at,br1_0.created_at,br1_0.deposit_amount,br1_0.deposit_refunded_at,br1_0.due_at,br1_0.paid_amount,br1_0.paid_at,br1_0.payment_code,br1_0.payment_method,br1_0.pickup_location,br1_0.reference_code,br1_0.returned_at,br1_0.status,br1_0.total_amount,br1_0.updated_at,br1_0.user_id,u1_0.id,u1_0.active,u1_0.created_at,u1_0.email,u1_0.full_name,u1_0.password_hash,u1_0.phone,u1_0.role,u1_0.updated_at from borrow_records br1_0 join book_copies bc1_0 on bc1_0.id=br1_0.book_copy_id join books b1_0 on b1_0.id=bc1_0.book_id join users u1_0 on u1_0.id=br1_0.user_id where br1_0.status=? and br1_0.due_at between ? and ?
2026-09-26T14:42:36.622+07:00 DEBUG 12540 --- [library_management] [   scheduling-1] org.hibernate.SQL                        : select br1_0.id,br1_0.book_copy_id,bc1_0.id,bc1_0.acquired_date,bc1_0.barcode,bc1_0.book_id,b1_0.id,b1_0.active,b1_0.average_rating,b1_0.borrow_fee,b1_0.category_id,b1_0.cover_image_url,b1_0.created_at,b1_0.description,b1_0.isbn,b1_0.publish_year,b1_0.publisher_id,b1_0.rating_count,b1_0.title,b1_0.updated_at,b1_0.version,bc1_0.created_at,bc1_0.shelf_location,bc1_0.status,bc1_0.updated_at,bc1_0.version,br1_0.borrow_days,br1_0.borrow_fee,br1_0.borrowed_at,br1_0.cancelled_at,br1_0.created_at,br1_0.deposit_amount,br1_0.deposit_refunded_at,br1_0.due_at,br1_0.paid_amount,br1_0.paid_at,br1_0.payment_code,br1_0.payment_method,br1_0.pickup_location,br1_0.reference_code,br1_0.returned_at,br1_0.status,br1_0.total_amount,br1_0.updated_at,br1_0.user_id,u1_0.id,u1_0.active,u1_0.created_at,u1_0.email,u1_0.full_name,u1_0.password_hash,u1_0.phone,u1_0.role,u1_0.updated_at from borrow_records br1_0 join book_copies bc1_0 on bc1_0.id=br1_0.book_copy_id join books b1_0 on b1_0.id=bc1_0.book_id join users u1_0 on u1_0.id=br1_0.user_id where br1_0.status in (?,?) and br1_0.due_at<?
2026-09-26T14:42:36.696+07:00 DEBUG 12540 --- [library_management] [   scheduling-1] org.hibernate.SQL                        : select bas1_0.id,bas1_0.book_id,bas1_0.created_at,bas1_0.last_available_quantity,bas1_0.user_id from book_availability_subscriptions bas1_0
2026-09-26T14:42:36.720+07:00 DEBUG 12540 --- [library_management] [   scheduling-1] org.hibernate.SQL                        : select b1_0.id,b1_0.active,b1_0.average_rating,b1_0.borrow_fee,b1_0.category_id,b1_0.cover_image_url,b1_0.created_at,b1_0.description,b1_0.isbn,b1_0.publish_year,b1_0.publisher_id,b1_0.rating_count,b1_0.title,b1_0.updated_at,b1_0.version from books b1_0 where b1_0.id=?
2026-09-26T14:42:36.743+07:00 DEBUG 12540 --- [library_management] [   scheduling-1] org.hibernate.SQL                        : select u1_0.id,u1_0.active,u1_0.created_at,u1_0.email,u1_0.full_name,u1_0.password_hash,u1_0.phone,u1_0.role,u1_0.updated_at from users u1_0 where u1_0.id=?
2026-09-26T14:42:36.770+07:00 DEBUG 12540 --- [library_management] [   scheduling-1] org.hibernate.SQL                        : select b1_0.id,b1_0.active,b1_0.average_rating,b1_0.borrow_fee,b1_0.category_id,b1_0.cover_image_url,b1_0.created_at,b1_0.description,b1_0.isbn,b1_0.publish_year,b1_0.publisher_id,b1_0.rating_count,b1_0.title,b1_0.updated_at,b1_0.version from books b1_0 where b1_0.id=?
2026-09-26T14:42:36.791+07:00 DEBUG 12540 --- [library_management] [   scheduling-1] org.hibernate.SQL                        : select b1_0.id,b1_0.active,b1_0.average_rating,b1_0.borrow_fee,b1_0.category_id,b1_0.cover_image_url,b1_0.created_at,b1_0.description,b1_0.isbn,b1_0.publish_year,b1_0.publisher_id,b1_0.rating_count,b1_0.title,b1_0.updated_at,b1_0.version from books b1_0 where b1_0.id=?
2026-09-26T14:42:36.820+07:00 DEBUG 12540 --- [library_management] [   scheduling-1] org.hibernate.SQL                        : select count(bc1_0.id) from book_copies bc1_0 where bc1_0.book_id=? and bc1_0.status=?
2026-09-26T14:42:36.841+07:00 DEBUG 12540 --- [library_management] [   scheduling-1] org.hibernate.SQL                        : select count(bc1_0.id) from book_copies bc1_0 where bc1_0.book_id=? and bc1_0.status=?
2026-09-26T14:42:36.862+07:00 DEBUG 12540 --- [library_management] [   scheduling-1] org.hibernate.SQL                        : select count(bc1_0.id) from book_copies bc1_0 where bc1_0.book_id=? and bc1_0.status=?
2026-09-26T14:42:49.782+07:00 DEBUG 12540 --- [library_management] [0.0-8386-exec-8] o.s.web.servlet.DispatcherServlet        : GET "/api/v1/books/954", parameters={}
2026-09-26T14:42:49.785+07:00 DEBUG 12540 --- [library_management] [0.0-8386-exec-8] s.w.s.m.m.a.RequestMappingHandlerMapping : Mapped to com.group_7.library_management.controller.BookController#getBook(Long)
2026-09-26T14:42:49.795+07:00 DEBUG 12540 --- [library_management] [0.0-8386-exec-8] org.hibernate.SQL                        : select b1_0.id,b1_0.active,a1_0.book_id,a1_1.id,a1_1.birth_date,a1_1.created_at,a1_1.death_date,a1_1.name,a1_1.nationality,a1_1.pen_name,a1_1.updated_at,b1_0.average_rating,b1_0.borrow_fee,b1_0.category_id,c1_0.id,c1_0.active,c1_0.created_at,c1_0.description,c1_0.name,c1_0.slug,c1_0.updated_at,b1_0.cover_image_url,b1_0.created_at,b1_0.description,b1_0.isbn,b1_0.publish_year,p1_0.id,p1_0.address,p1_0.created_at,p1_0.email,p1_0.name,p1_0.phone,p1_0.updated_at,b1_0.rating_count,b1_0.title,b1_0.updated_at,b1_0.version from books b1_0 left join book_authors a1_0 on b1_0.id=a1_0.book_id left join authors a1_1 on a1_1.id=a1_0.author_id join categories c1_0 on c1_0.id=b1_0.category_id left join publishers p1_0 on p1_0.id=b1_0.publisher_id where b1_0.id=? and b1_0.active=true
2026-09-26T14:42:49.803+07:00 DEBUG 12540 --- [library_management] [0.0-8386-exec-8] org.hibernate.SQL                        : select count(bc1_0.id) from book_copies bc1_0 where bc1_0.book_id=?
2026-09-26T14:42:49.807+07:00 DEBUG 12540 --- [library_management] [0.0-8386-exec-8] org.hibernate.SQL                        : select count(bc1_0.id) from book_copies bc1_0 where bc1_0.book_id=? and bc1_0.status=?
2026-09-26T14:42:49.811+07:00 DEBUG 12540 --- [library_management] [0.0-8386-exec-8] m.m.a.RequestResponseBodyMethodProcessor : Using 'application/json', given [*/*] and supported [application/json, application/*+json]
2026-09-26T14:42:49.813+07:00 DEBUG 12540 --- [library_management] [0.0-8386-exec-8] m.m.a.RequestResponseBodyMethodProcessor : Writing [BookResponse[id=954, isbn=9781789957648, title=Clean Code in JavaScript, author=James Padolsey, cate (truncated)...]
2026-09-26T14:42:49.814+07:00 DEBUG 12540 --- [library_management] [0.0-8386-exec-8] o.s.web.servlet.DispatcherServlet        : Completed 200 OK
2026-09-26T14:42:51.835+07:00 DEBUG 12540 --- [library_management] [.0-8386-exec-10] org.hibernate.SQL                        : select at1_0.id,at1_0.created_at,at1_0.expires_at,at1_0.token_hash,at1_0.user_id from auth_tokens at1_0 where at1_0.token_hash=?
2026-09-26T14:42:51.839+07:00 DEBUG 12540 --- [library_management] [.0-8386-exec-10] org.hibernate.SQL                        : select u1_0.id,u1_0.active,u1_0.created_at,u1_0.email,u1_0.full_name,u1_0.password_hash,u1_0.phone,u1_0.role,u1_0.updated_at from users u1_0 where u1_0.id=?
2026-09-26T14:42:51.845+07:00 DEBUG 12540 --- [library_management] [.0-8386-exec-10] o.s.web.servlet.DispatcherServlet        : GET "/api/v1/notifications/unread-count", parameters={}
2026-09-26T14:42:51.846+07:00 DEBUG 12540 --- [library_management] [.0-8386-exec-10] s.w.s.m.m.a.RequestMappingHandlerMapping : Mapped to com.group_7.library_management.controller.NotificationController#getUnreadCount(Authentication)
2026-09-26T14:42:51.848+07:00 DEBUG 12540 --- [library_management] [.0-8386-exec-10] org.hibernate.SQL                        : select count(n1_0.id) from notifications n1_0 where n1_0.user_id=? and n1_0.read_at is null and n1_0.deleted_at is null
2026-09-26T14:42:51.850+07:00 DEBUG 12540 --- [library_management] [.0-8386-exec-10] m.m.a.RequestResponseBodyMethodProcessor : Using 'application/json', given [*/*] and supported [application/json, application/*+json]
2026-09-26T14:42:51.852+07:00 DEBUG 12540 --- [library_management] [.0-8386-exec-10] m.m.a.RequestResponseBodyMethodProcessor : Writing [NotificationUnreadCountResponse[unreadCount=0]]
2026-09-26T14:42:51.852+07:00 DEBUG 12540 --- [library_management] [.0-8386-exec-10] o.s.web.servlet.DispatcherServlet        : Completed 200 OK
2026-09-26T14:42:51.903+07:00 DEBUG 12540 --- [library_management] [   scheduling-1] org.hibernate.SQL                        : select bas1_0.id,bas1_0.book_id,bas1_0.created_at,bas1_0.last_available_quantity,bas1_0.user_id from book_availability_subscriptions bas1_0
2026-09-26T14:42:51.905+07:00 DEBUG 12540 --- [library_management] [   scheduling-1] org.hibernate.SQL                        : select b1_0.id,b1_0.active,b1_0.average_rating,b1_0.borrow_fee,b1_0.category_id,b1_0.cover_image_url,b1_0.created_at,b1_0.description,b1_0.isbn,b1_0.publish_year,b1_0.publisher_id,b1_0.rating_count,b1_0.title,b1_0.updated_at,b1_0.version from books b1_0 where b1_0.id=?
2026-09-26T14:42:51.909+07:00 DEBUG 12540 --- [library_management] [   scheduling-1] org.hibernate.SQL                        : select u1_0.id,u1_0.active,u1_0.created_at,u1_0.email,u1_0.full_name,u1_0.password_hash,u1_0.phone,u1_0.role,u1_0.updated_at from users u1_0 where u1_0.id=?
2026-09-26T14:42:51.912+07:00 DEBUG 12540 --- [library_management] [   scheduling-1] org.hibernate.SQL                        : select b1_0.id,b1_0.active,b1_0.average_rating,b1_0.borrow_fee,b1_0.category_id,b1_0.cover_image_url,b1_0.created_at,b1_0.description,b1_0.isbn,b1_0.publish_year,b1_0.publisher_id,b1_0.rating_count,b1_0.title,b1_0.updated_at,b1_0.version from books b1_0 where b1_0.id=?
2026-09-26T14:42:51.914+07:00 DEBUG 12540 --- [library_management] [   scheduling-1] org.hibernate.SQL                        : select b1_0.id,b1_0.active,b1_0.average_rating,b1_0.borrow_fee,b1_0.category_id,b1_0.cover_image_url,b1_0.created_at,b1_0.description,b1_0.isbn,b1_0.publish_year,b1_0.publisher_id,b1_0.rating_count,b1_0.title,b1_0.updated_at,b1_0.version from books b1_0 where b1_0.id=?
2026-09-26T14:42:51.919+07:00 DEBUG 12540 --- [library_management] [   scheduling-1] org.hibernate.SQL                        : select count(bc1_0.id) from book_copies bc1_0 where bc1_0.book_id=? and bc1_0.status=?
2026-09-26T14:42:51.923+07:00 DEBUG 12540 --- [library_management] [   scheduling-1] org.hibernate.SQL                        : select count(bc1_0.id) from book_copies bc1_0 where bc1_0.book_id=? and bc1_0.status=?
2026-09-26T14:42:51.926+07:00 DEBUG 12540 --- [library_management] [   scheduling-1] org.hibernate.SQL                        : select count(bc1_0.id) from book_copies bc1_0 where bc1_0.book_id=? and bc1_0.status=?
2026-09-26T14:43:06.935+07:00 DEBUG 12540 --- [library_management] [   scheduling-1] org.hibernate.SQL                        : select bas1_0.id,bas1_0.book_id,bas1_0.created_at,bas1_0.last_available_quantity,bas1_0.user_id from book_availability_subscriptions bas1_0
2026-09-26T14:43:06.939+07:00 DEBUG 12540 --- [library_management] [   scheduling-1] org.hibernate.SQL                        : select b1_0.id,b1_0.active,b1_0.average_rating,b1_0.borrow_fee,b1_0.category_id,b1_0.cover_image_url,b1_0.created_at,b1_0.description,b1_0.isbn,b1_0.publish_year,b1_0.publisher_id,b1_0.rating_count,b1_0.title,b1_0.updated_at,b1_0.version from books b1_0 where b1_0.id=?
2026-09-26T14:43:06.945+07:00 DEBUG 12540 --- [library_management] [   scheduling-1] org.hibernate.SQL                        : select u1_0.id,u1_0.active,u1_0.created_at,u1_0.email,u1_0.full_name,u1_0.password_hash,u1_0.phone,u1_0.role,u1_0.updated_at from users u1_0 where u1_0.id=?
2026-09-26T14:43:06.949+07:00 DEBUG 12540 --- [library_management] [   scheduling-1] org.hibernate.SQL                        : select b1_0.id,b1_0.active,b1_0.average_rating,b1_0.borrow_fee,b1_0.category_id,b1_0.cover_image_url,b1_0.created_at,b1_0.description,b1_0.isbn,b1_0.publish_year,b1_0.publisher_id,b1_0.rating_count,b1_0.title,b1_0.updated_at,b1_0.version from books b1_0 where b1_0.id=?
2026-09-26T14:43:06.954+07:00 DEBUG 12540 --- [library_management] [   scheduling-1] org.hibernate.SQL                        : select b1_0.id,b1_0.active,b1_0.average_rating,b1_0.borrow_fee,b1_0.category_id,b1_0.cover_image_url,b1_0.created_at,b1_0.description,b1_0.isbn,b1_0.publish_year,b1_0.publisher_id,b1_0.rating_count,b1_0.title,b1_0.updated_at,b1_0.version from books b1_0 where b1_0.id=?
2026-09-26T14:43:06.961+07:00 DEBUG 12540 --- [library_management] [   scheduling-1] org.hibernate.SQL                        : select count(bc1_0.id) from book_copies bc1_0 where bc1_0.book_id=? and bc1_0.status=?
2026-09-26T14:43:06.967+07:00 DEBUG 12540 --- [library_management] [   scheduling-1] org.hibernate.SQL                        : select count(bc1_0.id) from book_copies bc1_0 where bc1_0.book_id=? and bc1_0.status=?
2026-09-26T14:43:06.971+07:00 DEBUG 12540 --- [library_management] [   scheduling-1] org.hibernate.SQL                        : select count(bc1_0.id) from book_copies bc1_0 where bc1_0.book_id=? and bc1_0.status=?
2026-09-26T14:43:21.909+07:00 DEBUG 12540 --- [library_management] [0.0-8386-exec-3] org.hibernate.SQL                        : select at1_0.id,at1_0.created_at,at1_0.expires_at,at1_0.token_hash,at1_0.user_id from auth_tokens at1_0 where at1_0.token_hash=?
2026-09-26T14:43:21.916+07:00 DEBUG 12540 --- [library_management] [0.0-8386-exec-3] org.hibernate.SQL                        : select u1_0.id,u1_0.active,u1_0.created_at,u1_0.email,u1_0.full_name,u1_0.password_hash,u1_0.phone,u1_0.role,u1_0.updated_at from users u1_0 where u1_0.id=?
2026-09-26T14:43:21.929+07:00 DEBUG 12540 --- [library_management] [0.0-8386-exec-3] o.s.web.servlet.DispatcherServlet        : GET "/api/v1/notifications/unread-count", parameters={}
2026-09-26T14:43:21.930+07:00 DEBUG 12540 --- [library_management] [0.0-8386-exec-3] s.w.s.m.m.a.RequestMappingHandlerMapping : Mapped to com.group_7.library_management.controller.NotificationController#getUnreadCount(Authentication)
2026-09-26T14:43:21.936+07:00 DEBUG 12540 --- [library_management] [0.0-8386-exec-3] org.hibernate.SQL                        : select count(n1_0.id) from notifications n1_0 where n1_0.user_id=? and n1_0.read_at is null and n1_0.deleted_at is null
2026-09-26T14:43:21.944+07:00 DEBUG 12540 --- [library_management] [0.0-8386-exec-3] m.m.a.RequestResponseBodyMethodProcessor : Using 'application/json', given [*/*] and supported [application/json, application/*+json]
2026-09-26T14:43:21.945+07:00 DEBUG 12540 --- [library_management] [0.0-8386-exec-3] m.m.a.RequestResponseBodyMethodProcessor : Writing [NotificationUnreadCountResponse[unreadCount=0]]
2026-09-26T14:43:21.947+07:00 DEBUG 12540 --- [library_management] [0.0-8386-exec-3] o.s.web.servlet.DispatcherServlet        : Completed 200 OK
2026-09-26T14:43:21.989+07:00 DEBUG 12540 --- [library_management] [   scheduling-1] org.hibernate.SQL                        : select bas1_0.id,bas1_0.book_id,bas1_0.created_at,bas1_0.last_available_quantity,bas1_0.user_id from book_availability_subscriptions bas1_0
2026-09-26T14:43:21.995+07:00 DEBUG 12540 --- [library_management] [   scheduling-1] org.hibernate.SQL                        : select b1_0.id,b1_0.active,b1_0.average_rating,b1_0.borrow_fee,b1_0.category_id,b1_0.cover_image_url,b1_0.created_at,b1_0.description,b1_0.isbn,b1_0.publish_year,b1_0.publisher_id,b1_0.rating_count,b1_0.title,b1_0.updated_at,b1_0.version from books b1_0 where b1_0.id=?
2026-09-26T14:43:22.000+07:00 DEBUG 12540 --- [library_management] [   scheduling-1] org.hibernate.SQL                        : select u1_0.id,u1_0.active,u1_0.created_at,u1_0.email,u1_0.full_name,u1_0.password_hash,u1_0.phone,u1_0.role,u1_0.updated_at from users u1_0 where u1_0.id=?
2026-09-26T14:43:22.009+07:00 DEBUG 12540 --- [library_management] [   scheduling-1] org.hibernate.SQL                        : select b1_0.id,b1_0.active,b1_0.average_rating,b1_0.borrow_fee,b1_0.category_id,b1_0.cover_image_url,b1_0.created_at,b1_0.description,b1_0.isbn,b1_0.publish_year,b1_0.publisher_id,b1_0.rating_count,b1_0.title,b1_0.updated_at,b1_0.version from books b1_0 where b1_0.id=?
2026-09-26T14:43:22.017+07:00 DEBUG 12540 --- [library_management] [   scheduling-1] org.hibernate.SQL                        : select b1_0.id,b1_0.active,b1_0.average_rating,b1_0.borrow_fee,b1_0.category_id,b1_0.cover_image_url,b1_0.created_at,b1_0.description,b1_0.isbn,b1_0.publish_year,b1_0.publisher_id,b1_0.rating_count,b1_0.title,b1_0.updated_at,b1_0.version from books b1_0 where b1_0.id=?
2026-09-26T14:43:22.030+07:00 DEBUG 12540 --- [library_management] [   scheduling-1] org.hibernate.SQL                        : select count(bc1_0.id) from book_copies bc1_0 where bc1_0.book_id=? and bc1_0.status=?
2026-09-26T14:43:22.039+07:00 DEBUG 12540 --- [library_management] [   scheduling-1] org.hibernate.SQL                        : select count(bc1_0.id) from book_copies bc1_0 where bc1_0.book_id=? and bc1_0.status=?
2026-09-26T14:43:22.045+07:00 DEBUG 12540 --- [library_management] [   scheduling-1] org.hibernate.SQL                        : select count(bc1_0.id) from book_copies bc1_0 where bc1_0.book_id=? and bc1_0.status=?
2026-09-26T14:43:27.177+07:00 DEBUG 12540 --- [library_management] [0.0-8386-exec-5] org.hibernate.SQL                        : select at1_0.id,at1_0.created_at,at1_0.expires_at,at1_0.token_hash,at1_0.user_id from auth_tokens at1_0 where at1_0.token_hash=?
2026-09-26T14:43:27.180+07:00 DEBUG 12540 --- [library_management] [.0-8386-exec-10] org.hibernate.SQL                        : select at1_0.id,at1_0.created_at,at1_0.expires_at,at1_0.token_hash,at1_0.user_id from auth_tokens at1_0 where at1_0.token_hash=?
2026-09-26T14:43:27.182+07:00 DEBUG 12540 --- [library_management] [0.0-8386-exec-5] org.hibernate.SQL                        : select u1_0.id,u1_0.active,u1_0.created_at,u1_0.email,u1_0.full_name,u1_0.password_hash,u1_0.phone,u1_0.role,u1_0.updated_at from users u1_0 where u1_0.id=?
2026-09-26T14:43:27.183+07:00 DEBUG 12540 --- [library_management] [.0-8386-exec-10] org.hibernate.SQL                        : select u1_0.id,u1_0.active,u1_0.created_at,u1_0.email,u1_0.full_name,u1_0.password_hash,u1_0.phone,u1_0.role,u1_0.updated_at from users u1_0 where u1_0.id=?
2026-09-26T14:43:27.188+07:00 DEBUG 12540 --- [library_management] [0.0-8386-exec-5] o.s.web.servlet.DispatcherServlet        : GET "/api/v1/auth/me", parameters={}
2026-09-26T14:43:27.188+07:00 DEBUG 12540 --- [library_management] [.0-8386-exec-10] o.s.web.servlet.DispatcherServlet        : GET "/api/v1/auth/me", parameters={}
2026-09-26T14:43:27.189+07:00 DEBUG 12540 --- [library_management] [0.0-8386-exec-5] s.w.s.m.m.a.RequestMappingHandlerMapping : Mapped to com.group_7.library_management.controller.AuthController#getCurrentUser(Authentication)
2026-09-26T14:43:27.190+07:00 DEBUG 12540 --- [library_management] [.0-8386-exec-10] s.w.s.m.m.a.RequestMappingHandlerMapping : Mapped to com.group_7.library_management.controller.AuthController#getCurrentUser(Authentication)
2026-09-26T14:43:27.202+07:00 DEBUG 12540 --- [library_management] [0.0-8386-exec-5] org.hibernate.SQL                        : select u1_0.id,u1_0.active,u1_0.created_at,u1_0.email,u1_0.full_name,u1_0.password_hash,u1_0.phone,u1_0.role,u1_0.updated_at from users u1_0 where u1_0.id=?
2026-09-26T14:43:27.201+07:00 DEBUG 12540 --- [library_management] [.0-8386-exec-10] org.hibernate.SQL                        : select u1_0.id,u1_0.active,u1_0.created_at,u1_0.email,u1_0.full_name,u1_0.password_hash,u1_0.phone,u1_0.role,u1_0.updated_at from users u1_0 where u1_0.id=?
2026-09-26T14:43:27.210+07:00 DEBUG 12540 --- [library_management] [.0-8386-exec-10] m.m.a.RequestResponseBodyMethodProcessor : Using 'application/json', given [*/*] and supported [application/json, application/*+json]
2026-09-26T14:43:27.210+07:00 DEBUG 12540 --- [library_management] [0.0-8386-exec-5] m.m.a.RequestResponseBodyMethodProcessor : Using 'application/json', given [*/*] and supported [application/json, application/*+json]
2026-09-26T14:43:27.224+07:00 DEBUG 12540 --- [library_management] [.0-8386-exec-10] m.m.a.RequestResponseBodyMethodProcessor : Writing [UserResponse[id=178, fullName=admin, email=admin@gmail.com, phone=0123456789, role=ADMIN, active=tru (truncated)...]
2026-09-26T14:43:27.224+07:00 DEBUG 12540 --- [library_management] [0.0-8386-exec-5] m.m.a.RequestResponseBodyMethodProcessor : Writing [UserResponse[id=178, fullName=admin, email=admin@gmail.com, phone=0123456789, role=ADMIN, active=tru (truncated)...]
2026-09-26T14:43:27.233+07:00 DEBUG 12540 --- [library_management] [0.0-8386-exec-5] o.s.web.servlet.DispatcherServlet        : Completed 200 OK
2026-09-26T14:43:27.232+07:00 DEBUG 12540 --- [library_management] [.0-8386-exec-10] o.s.web.servlet.DispatcherServlet        : Completed 200 OK
2026-09-26T14:43:27.679+07:00 DEBUG 12540 --- [library_management] [0.0-8386-exec-5] org.hibernate.SQL                        : select at1_0.id,at1_0.created_at,at1_0.expires_at,at1_0.token_hash,at1_0.user_id from auth_tokens at1_0 where at1_0.token_hash=?
2026-09-26T14:43:27.679+07:00 DEBUG 12540 --- [library_management] [0.0-8386-exec-4] org.hibernate.SQL                        : select at1_0.id,at1_0.created_at,at1_0.expires_at,at1_0.token_hash,at1_0.user_id from auth_tokens at1_0 where at1_0.token_hash=?
2026-09-26T14:43:27.682+07:00 DEBUG 12540 --- [library_management] [0.0-8386-exec-4] org.hibernate.SQL                        : select u1_0.id,u1_0.active,u1_0.created_at,u1_0.email,u1_0.full_name,u1_0.password_hash,u1_0.phone,u1_0.role,u1_0.updated_at from users u1_0 where u1_0.id=?
2026-09-26T14:43:27.682+07:00 DEBUG 12540 --- [library_management] [0.0-8386-exec-5] org.hibernate.SQL                        : select u1_0.id,u1_0.active,u1_0.created_at,u1_0.email,u1_0.full_name,u1_0.password_hash,u1_0.phone,u1_0.role,u1_0.updated_at from users u1_0 where u1_0.id=?
2026-09-26T14:43:27.685+07:00 DEBUG 12540 --- [library_management] [0.0-8386-exec-4] o.s.web.servlet.DispatcherServlet        : GET "/api/v1/notifications/unread-count", parameters={}
2026-09-26T14:43:27.685+07:00 DEBUG 12540 --- [library_management] [.0-8386-exec-10] org.hibernate.SQL                        : select at1_0.id,at1_0.created_at,at1_0.expires_at,at1_0.token_hash,at1_0.user_id from auth_tokens at1_0 where at1_0.token_hash=?
2026-09-26T14:43:27.685+07:00 DEBUG 12540 --- [library_management] [0.0-8386-exec-5] o.s.web.servlet.DispatcherServlet        : GET "/api/v1/books/954/detail", parameters={}
2026-09-26T14:43:27.686+07:00 DEBUG 12540 --- [library_management] [0.0-8386-exec-4] s.w.s.m.m.a.RequestMappingHandlerMapping : Mapped to com.group_7.library_management.controller.NotificationController#getUnreadCount(Authentication)
2026-09-26T14:43:27.688+07:00 DEBUG 12540 --- [library_management] [.0-8386-exec-10] org.hibernate.SQL                        : select u1_0.id,u1_0.active,u1_0.created_at,u1_0.email,u1_0.full_name,u1_0.password_hash,u1_0.phone,u1_0.role,u1_0.updated_at from users u1_0 where u1_0.id=?
2026-09-26T14:43:27.688+07:00 DEBUG 12540 --- [library_management] [0.0-8386-exec-9] org.hibernate.SQL                        : select at1_0.id,at1_0.created_at,at1_0.expires_at,at1_0.token_hash,at1_0.user_id from auth_tokens at1_0 where at1_0.token_hash=?
2026-09-26T14:43:27.690+07:00 DEBUG 12540 --- [library_management] [0.0-8386-exec-4] org.hibernate.SQL                        : select count(n1_0.id) from notifications n1_0 where n1_0.user_id=? and n1_0.read_at is null and n1_0.deleted_at is null
2026-09-26T14:43:27.689+07:00 DEBUG 12540 --- [library_management] [0.0-8386-exec-5] s.w.s.m.m.a.RequestMappingHandlerMapping : Mapped to com.group_7.library_management.controller.BookController#getBookDetail(Long)
2026-09-26T14:43:27.691+07:00 DEBUG 12540 --- [library_management] [0.0-8386-exec-9] org.hibernate.SQL                        : select u1_0.id,u1_0.active,u1_0.created_at,u1_0.email,u1_0.full_name,u1_0.password_hash,u1_0.phone,u1_0.role,u1_0.updated_at from users u1_0 where u1_0.id=?
2026-09-26T14:43:27.692+07:00 DEBUG 12540 --- [library_management] [.0-8386-exec-10] o.s.web.servlet.DispatcherServlet        : GET "/api/v1/admin/borrow-orders/books/954", parameters={}
2026-09-26T14:43:27.693+07:00 DEBUG 12540 --- [library_management] [.0-8386-exec-10] s.w.s.m.m.a.RequestMappingHandlerMapping : Mapped to com.group_7.library_management.controller.AdminBorrowOrderController#getBookHistory(Long)
2026-09-26T14:43:27.692+07:00 DEBUG 12540 --- [library_management] [0.0-8386-exec-4] m.m.a.RequestResponseBodyMethodProcessor : Using 'application/json', given [*/*] and supported [application/json, application/*+json]
2026-09-26T14:43:27.695+07:00 DEBUG 12540 --- [library_management] [0.0-8386-exec-4] m.m.a.RequestResponseBodyMethodProcessor : Writing [NotificationUnreadCountResponse[unreadCount=0]]
2026-09-26T14:43:27.695+07:00 DEBUG 12540 --- [library_management] [0.0-8386-exec-9] o.s.web.servlet.DispatcherServlet        : GET "/api/v1/books/954/detail", parameters={}
2026-09-26T14:43:27.696+07:00 DEBUG 12540 --- [library_management] [0.0-8386-exec-4] o.s.web.servlet.DispatcherServlet        : Completed 200 OK
2026-09-26T14:43:27.696+07:00 DEBUG 12540 --- [library_management] [.0-8386-exec-10] org.hibernate.SQL                        : select count(*) from books b1_0 where b1_0.id=?
2026-09-26T14:43:27.696+07:00 DEBUG 12540 --- [library_management] [0.0-8386-exec-9] s.w.s.m.m.a.RequestMappingHandlerMapping : Mapped to com.group_7.library_management.controller.BookController#getBookDetail(Long)
2026-09-26T14:43:27.702+07:00 DEBUG 12540 --- [library_management] [0.0-8386-exec-9] org.hibernate.SQL                        : select b1_0.id,b1_0.active,a1_0.book_id,a1_1.id,a1_1.birth_date,a1_1.created_at,a1_1.death_date,a1_1.name,a1_1.nationality,a1_1.pen_name,a1_1.updated_at,b1_0.average_rating,b1_0.borrow_fee,b1_0.category_id,c1_0.id,c1_0.active,c1_0.created_at,c1_0.description,c1_0.name,c1_0.slug,c1_0.updated_at,b1_0.cover_image_url,b1_0.created_at,b1_0.description,b1_0.isbn,b1_0.publish_year,p1_0.id,p1_0.address,p1_0.created_at,p1_0.email,p1_0.name,p1_0.phone,p1_0.updated_at,b1_0.rating_count,b1_0.title,b1_0.updated_at,b1_0.version from books b1_0 left join book_authors a1_0 on b1_0.id=a1_0.book_id left join authors a1_1 on a1_1.id=a1_0.author_id join categories c1_0 on c1_0.id=b1_0.category_id left join publishers p1_0 on p1_0.id=b1_0.publisher_id where b1_0.id=? and b1_0.active=true
2026-09-26T14:43:27.702+07:00 DEBUG 12540 --- [library_management] [0.0-8386-exec-6] org.hibernate.SQL                        : select at1_0.id,at1_0.created_at,at1_0.expires_at,at1_0.token_hash,at1_0.user_id from auth_tokens at1_0 where at1_0.token_hash=?
2026-09-26T14:43:27.705+07:00 DEBUG 12540 --- [library_management] [0.0-8386-exec-6] org.hibernate.SQL                        : select u1_0.id,u1_0.active,u1_0.created_at,u1_0.email,u1_0.full_name,u1_0.password_hash,u1_0.phone,u1_0.role,u1_0.updated_at from users u1_0 where u1_0.id=?
2026-09-26T14:43:27.705+07:00 DEBUG 12540 --- [library_management] [0.0-8386-exec-2] org.hibernate.SQL                        : select at1_0.id,at1_0.created_at,at1_0.expires_at,at1_0.token_hash,at1_0.user_id from auth_tokens at1_0 where at1_0.token_hash=?
2026-09-26T14:43:27.707+07:00 DEBUG 12540 --- [library_management] [0.0-8386-exec-9] org.hibernate.SQL                        : select bc1_0.id,bc1_0.acquired_date,bc1_0.barcode,bc1_0.book_id,bc1_0.created_at,bc1_0.shelf_location,bc1_0.status,bc1_0.updated_at,bc1_0.version from book_copies bc1_0 where bc1_0.book_id=? order by bc1_0.id
2026-09-26T14:43:27.707+07:00 DEBUG 12540 --- [library_management] [0.0-8386-exec-2] org.hibernate.SQL                        : select u1_0.id,u1_0.active,u1_0.created_at,u1_0.email,u1_0.full_name,u1_0.password_hash,u1_0.phone,u1_0.role,u1_0.updated_at from users u1_0 where u1_0.id=?
2026-09-26T14:43:27.708+07:00 DEBUG 12540 --- [library_management] [0.0-8386-exec-5] org.hibernate.SQL                        : select b1_0.id,b1_0.active,a1_0.book_id,a1_1.id,a1_1.birth_date,a1_1.created_at,a1_1.death_date,a1_1.name,a1_1.nationality,a1_1.pen_name,a1_1.updated_at,b1_0.average_rating,b1_0.borrow_fee,b1_0.category_id,c1_0.id,c1_0.active,c1_0.created_at,c1_0.description,c1_0.name,c1_0.slug,c1_0.updated_at,b1_0.cover_image_url,b1_0.created_at,b1_0.description,b1_0.isbn,b1_0.publish_year,p1_0.id,p1_0.address,p1_0.created_at,p1_0.email,p1_0.name,p1_0.phone,p1_0.updated_at,b1_0.rating_count,b1_0.title,b1_0.updated_at,b1_0.version from books b1_0 left join book_authors a1_0 on b1_0.id=a1_0.book_id left join authors a1_1 on a1_1.id=a1_0.author_id join categories c1_0 on c1_0.id=b1_0.category_id left join publishers p1_0 on p1_0.id=b1_0.publisher_id where b1_0.id=? and b1_0.active=true
2026-09-26T14:43:27.710+07:00 DEBUG 12540 --- [library_management] [0.0-8386-exec-6] o.s.web.servlet.DispatcherServlet        : GET "/api/v1/notifications/unread-count", parameters={}
2026-09-26T14:43:27.710+07:00 DEBUG 12540 --- [library_management] [0.0-8386-exec-6] s.w.s.m.m.a.RequestMappingHandlerMapping : Mapped to com.group_7.library_management.controller.NotificationController#getUnreadCount(Authentication)
2026-09-26T14:43:27.713+07:00 DEBUG 12540 --- [library_management] [0.0-8386-exec-2] o.s.web.servlet.DispatcherServlet        : GET "/api/v1/admin/borrow-orders/books/954", parameters={}
2026-09-26T14:43:27.713+07:00 DEBUG 12540 --- [library_management] [0.0-8386-exec-2] s.w.s.m.m.a.RequestMappingHandlerMapping : Mapped to com.group_7.library_management.controller.AdminBorrowOrderController#getBookHistory(Long)
2026-09-26T14:43:27.715+07:00 DEBUG 12540 --- [library_management] [0.0-8386-exec-9] org.hibernate.SQL                        : select count(bc1_0.id) from book_copies bc1_0 where bc1_0.book_id=?
2026-09-26T14:43:27.713+07:00 DEBUG 12540 --- [library_management] [0.0-8386-exec-6] org.hibernate.SQL                        : select count(n1_0.id) from notifications n1_0 where n1_0.user_id=? and n1_0.read_at is null and n1_0.deleted_at is null
2026-09-26T14:43:27.715+07:00 DEBUG 12540 --- [library_management] [0.0-8386-exec-5] org.hibernate.SQL                        : select bc1_0.id,bc1_0.acquired_date,bc1_0.barcode,bc1_0.book_id,bc1_0.created_at,bc1_0.shelf_location,bc1_0.status,bc1_0.updated_at,bc1_0.version from book_copies bc1_0 where bc1_0.book_id=? order by bc1_0.id
2026-09-26T14:43:27.717+07:00 DEBUG 12540 --- [library_management] [0.0-8386-exec-2] org.hibernate.SQL                        : select count(*) from books b1_0 where b1_0.id=?
2026-09-26T14:43:27.718+07:00 DEBUG 12540 --- [library_management] [0.0-8386-exec-9] org.hibernate.SQL                        : select count(bc1_0.id) from book_copies bc1_0 where bc1_0.book_id=? and bc1_0.status=?
2026-09-26T14:43:27.720+07:00 DEBUG 12540 --- [library_management] [0.0-8386-exec-6] m.m.a.RequestResponseBodyMethodProcessor : Using 'application/json', given [*/*] and supported [application/json, application/*+json]
2026-09-26T14:43:27.722+07:00 DEBUG 12540 --- [library_management] [0.0-8386-exec-6] m.m.a.RequestResponseBodyMethodProcessor : Writing [NotificationUnreadCountResponse[unreadCount=0]]
2026-09-26T14:43:27.724+07:00 DEBUG 12540 --- [library_management] [0.0-8386-exec-9] m.m.a.RequestResponseBodyMethodProcessor : Using 'application/json', given [*/*] and supported [application/json, application/*+json]
2026-09-26T14:43:27.725+07:00 DEBUG 12540 --- [library_management] [0.0-8386-exec-6] o.s.web.servlet.DispatcherServlet        : Completed 200 OK
2026-09-26T14:43:27.725+07:00 DEBUG 12540 --- [library_management] [0.0-8386-exec-9] m.m.a.RequestResponseBodyMethodProcessor : Writing [BookDetailResponse[book=BookResponse[id=954, isbn=9781789957648, title=Clean Code in JavaScript, aut (truncated)...]
2026-09-26T14:43:27.728+07:00 DEBUG 12540 --- [library_management] [0.0-8386-exec-9] o.s.web.servlet.DispatcherServlet        : Completed 200 OK
2026-09-26T14:43:27.731+07:00 DEBUG 12540 --- [library_management] [.0-8386-exec-10] org.hibernate.SQL                        : select br1_0.id,br1_0.book_copy_id,bc2_0.id,bc2_0.acquired_date,bc2_0.barcode,bc2_0.book_id,b1_0.id,b1_0.active,a1_0.book_id,a1_1.id,a1_1.birth_date,a1_1.created_at,a1_1.death_date,a1_1.name,a1_1.nationality,a1_1.pen_name,a1_1.updated_at,b1_0.average_rating,b1_0.borrow_fee,b1_0.category_id,b1_0.cover_image_url,b1_0.created_at,b1_0.description,b1_0.isbn,b1_0.publish_year,b1_0.publisher_id,b1_0.rating_count,b1_0.title,b1_0.updated_at,b1_0.version,bc2_0.created_at,bc2_0.shelf_location,bc2_0.status,bc2_0.updated_at,bc2_0.version,br1_0.borrow_days,br1_0.borrow_fee,br1_0.borrowed_at,br1_0.cancelled_at,br1_0.created_at,br1_0.deposit_amount,br1_0.deposit_refunded_at,br1_0.due_at,br1_0.paid_amount,br1_0.paid_at,br1_0.payment_code,br1_0.payment_method,br1_0.pickup_location,br1_0.reference_code,br1_0.returned_at,br1_0.status,br1_0.total_amount,br1_0.updated_at,br1_0.user_id,u1_0.id,u1_0.active,u1_0.created_at,u1_0.email,u1_0.full_name,u1_0.password_hash,u1_0.phone,u1_0.role,u1_0.updated_at from borrow_records br1_0 join book_copies bc1_0 on bc1_0.id=br1_0.book_copy_id join book_copies bc2_0 on bc2_0.id=br1_0.book_copy_id join books b1_0 on b1_0.id=bc2_0.book_id left join book_authors a1_0 on b1_0.id=a1_0.book_id left join authors a1_1 on a1_1.id=a1_0.author_id join users u1_0 on u1_0.id=br1_0.user_id where bc1_0.book_id=? order by br1_0.created_at desc
2026-09-26T14:43:27.732+07:00 DEBUG 12540 --- [library_management] [0.0-8386-exec-5] org.hibernate.SQL                        : select count(bc1_0.id) from book_copies bc1_0 where bc1_0.book_id=?
2026-09-26T14:43:27.738+07:00 DEBUG 12540 --- [library_management] [0.0-8386-exec-5] org.hibernate.SQL                        : select count(bc1_0.id) from book_copies bc1_0 where bc1_0.book_id=? and bc1_0.status=?
2026-09-26T14:43:27.735+07:00 DEBUG 12540 --- [library_management] [0.0-8386-exec-2] org.hibernate.SQL                        : select br1_0.id,br1_0.book_copy_id,bc2_0.id,bc2_0.acquired_date,bc2_0.barcode,bc2_0.book_id,b1_0.id,b1_0.active,a1_0.book_id,a1_1.id,a1_1.birth_date,a1_1.created_at,a1_1.death_date,a1_1.name,a1_1.nationality,a1_1.pen_name,a1_1.updated_at,b1_0.average_rating,b1_0.borrow_fee,b1_0.category_id,b1_0.cover_image_url,b1_0.created_at,b1_0.description,b1_0.isbn,b1_0.publish_year,b1_0.publisher_id,b1_0.rating_count,b1_0.title,b1_0.updated_at,b1_0.version,bc2_0.created_at,bc2_0.shelf_location,bc2_0.status,bc2_0.updated_at,bc2_0.version,br1_0.borrow_days,br1_0.borrow_fee,br1_0.borrowed_at,br1_0.cancelled_at,br1_0.created_at,br1_0.deposit_amount,br1_0.deposit_refunded_at,br1_0.due_at,br1_0.paid_amount,br1_0.paid_at,br1_0.payment_code,br1_0.payment_method,br1_0.pickup_location,br1_0.reference_code,br1_0.returned_at,br1_0.status,br1_0.total_amount,br1_0.updated_at,br1_0.user_id,u1_0.id,u1_0.active,u1_0.created_at,u1_0.email,u1_0.full_name,u1_0.password_hash,u1_0.phone,u1_0.role,u1_0.updated_at from borrow_records br1_0 join book_copies bc1_0 on bc1_0.id=br1_0.book_copy_id join book_copies bc2_0 on bc2_0.id=br1_0.book_copy_id join books b1_0 on b1_0.id=bc2_0.book_id left join book_authors a1_0 on b1_0.id=a1_0.book_id left join authors a1_1 on a1_1.id=a1_0.author_id join users u1_0 on u1_0.id=br1_0.user_id where bc1_0.book_id=? order by br1_0.created_at desc
2026-09-26T14:43:27.742+07:00 DEBUG 12540 --- [library_management] [.0-8386-exec-10] m.m.a.RequestResponseBodyMethodProcessor : Using 'application/json', given [*/*] and supported [application/json, application/*+json]
2026-09-26T14:43:27.742+07:00 DEBUG 12540 --- [library_management] [0.0-8386-exec-5] m.m.a.RequestResponseBodyMethodProcessor : Using 'application/json', given [*/*] and supported [application/json, application/*+json]
2026-09-26T14:43:27.742+07:00 DEBUG 12540 --- [library_management] [.0-8386-exec-10] m.m.a.RequestResponseBodyMethodProcessor : Writing [[]]
2026-09-26T14:43:27.744+07:00 DEBUG 12540 --- [library_management] [0.0-8386-exec-5] m.m.a.RequestResponseBodyMethodProcessor : Writing [BookDetailResponse[book=BookResponse[id=954, isbn=9781789957648, title=Clean Code in JavaScript, aut (truncated)...]
2026-09-26T14:43:27.744+07:00 DEBUG 12540 --- [library_management] [0.0-8386-exec-2] m.m.a.RequestResponseBodyMethodProcessor : Using 'application/json', given [*/*] and supported [application/json, application/*+json]
2026-09-26T14:43:27.745+07:00 DEBUG 12540 --- [library_management] [0.0-8386-exec-2] m.m.a.RequestResponseBodyMethodProcessor : Writing [[]]
2026-09-26T14:43:27.746+07:00 DEBUG 12540 --- [library_management] [0.0-8386-exec-5] o.s.web.servlet.DispatcherServlet        : Completed 200 OK
2026-09-26T14:43:27.744+07:00 DEBUG 12540 --- [library_management] [.0-8386-exec-10] o.s.web.servlet.DispatcherServlet        : Completed 200 OK
2026-09-26T14:43:27.746+07:00 DEBUG 12540 --- [library_management] [0.0-8386-exec-2] o.s.web.servlet.DispatcherServlet        : Completed 200 OK
2026-09-26T14:43:27.838+07:00 DEBUG 12540 --- [library_management] [0.0-8386-exec-7] o.s.web.servlet.DispatcherServlet        : GET "/uploads/book-covers/b01e9405-a283-4970-af65-e7a992d8c50a.jpg", parameters={}
2026-09-26T14:43:27.842+07:00 DEBUG 12540 --- [library_management] [0.0-8386-exec-7] o.s.w.s.handler.SimpleUrlHandlerMapping  : Mapped to ResourceHttpRequestHandler [URL [file:/D:/learn_android_programming/project_mobile_group2/PROJECT-ANDROID-PROGRAMMING/code_api/library_management/uploads/book-covers/]]
2026-09-26T14:43:27.849+07:00 DEBUG 12540 --- [library_management] [0.0-8386-exec-7] o.s.web.servlet.DispatcherServlet        : Completed 200 OK
2026-09-26T14:43:30.429+07:00 DEBUG 12540 --- [library_management] [0.0-8386-exec-9] org.hibernate.SQL                        : select at1_0.id,at1_0.created_at,at1_0.expires_at,at1_0.token_hash,at1_0.user_id from auth_tokens at1_0 where at1_0.token_hash=?
2026-09-26T14:43:30.429+07:00 DEBUG 12540 --- [library_management] [0.0-8386-exec-2] org.hibernate.SQL                        : select at1_0.id,at1_0.created_at,at1_0.expires_at,at1_0.token_hash,at1_0.user_id from auth_tokens at1_0 where at1_0.token_hash=?
2026-09-26T14:43:30.432+07:00 DEBUG 12540 --- [library_management] [0.0-8386-exec-5] org.hibernate.SQL                        : select at1_0.id,at1_0.created_at,at1_0.expires_at,at1_0.token_hash,at1_0.user_id from auth_tokens at1_0 where at1_0.token_hash=?
2026-09-26T14:43:30.434+07:00 DEBUG 12540 --- [library_management] [0.0-8386-exec-9] org.hibernate.SQL                        : select u1_0.id,u1_0.active,u1_0.created_at,u1_0.email,u1_0.full_name,u1_0.password_hash,u1_0.phone,u1_0.role,u1_0.updated_at from users u1_0 where u1_0.id=?
2026-09-26T14:43:30.429+07:00 DEBUG 12540 --- [library_management] [0.0-8386-exec-6] org.hibernate.SQL                        : select at1_0.id,at1_0.created_at,at1_0.expires_at,at1_0.token_hash,at1_0.user_id from auth_tokens at1_0 where at1_0.token_hash=?
2026-09-26T14:43:30.434+07:00 DEBUG 12540 --- [library_management] [0.0-8386-exec-2] org.hibernate.SQL                        : select u1_0.id,u1_0.active,u1_0.created_at,u1_0.email,u1_0.full_name,u1_0.password_hash,u1_0.phone,u1_0.role,u1_0.updated_at from users u1_0 where u1_0.id=?
2026-09-26T14:43:30.435+07:00 DEBUG 12540 --- [library_management] [0.0-8386-exec-5] org.hibernate.SQL                        : select u1_0.id,u1_0.active,u1_0.created_at,u1_0.email,u1_0.full_name,u1_0.password_hash,u1_0.phone,u1_0.role,u1_0.updated_at from users u1_0 where u1_0.id=?
2026-09-26T14:43:30.440+07:00 DEBUG 12540 --- [library_management] [0.0-8386-exec-9] o.s.web.servlet.DispatcherServlet        : GET "/api/v1/categories", parameters={}
2026-09-26T14:43:30.442+07:00 DEBUG 12540 --- [library_management] [0.0-8386-exec-6] org.hibernate.SQL                        : select u1_0.id,u1_0.active,u1_0.created_at,u1_0.email,u1_0.full_name,u1_0.password_hash,u1_0.phone,u1_0.role,u1_0.updated_at from users u1_0 where u1_0.id=?
2026-09-26T14:43:30.446+07:00 DEBUG 12540 --- [library_management] [0.0-8386-exec-9] s.w.s.m.m.a.RequestMappingHandlerMapping : Mapped to com.group_7.library_management.controller.BookMetadataController#getCategories()
2026-09-26T14:43:30.446+07:00 DEBUG 12540 --- [library_management] [0.0-8386-exec-5] o.s.web.servlet.DispatcherServlet        : GET "/api/v1/books?page=1&pageSize=8", parameters={masked}
2026-09-26T14:43:30.446+07:00 DEBUG 12540 --- [library_management] [0.0-8386-exec-2] o.s.web.servlet.DispatcherServlet        : GET "/api/v1/books?page=1&pageSize=8", parameters={masked}
2026-09-26T14:43:30.448+07:00 DEBUG 12540 --- [library_management] [0.0-8386-exec-5] s.w.s.m.m.a.RequestMappingHandlerMapping : Mapped to com.group_7.library_management.controller.BookController#getBooks(String, String, String, int, int, String)
2026-09-26T14:43:30.450+07:00 DEBUG 12540 --- [library_management] [0.0-8386-exec-2] s.w.s.m.m.a.RequestMappingHandlerMapping : Mapped to com.group_7.library_management.controller.BookController#getBooks(String, String, String, int, int, String)
2026-09-26T14:43:30.459+07:00 DEBUG 12540 --- [library_management] [0.0-8386-exec-6] o.s.web.servlet.DispatcherServlet        : GET "/api/v1/categories", parameters={}
2026-09-26T14:43:30.460+07:00 DEBUG 12540 --- [library_management] [0.0-8386-exec-6] s.w.s.m.m.a.RequestMappingHandlerMapping : Mapped to com.group_7.library_management.controller.BookMetadataController#getCategories()
2026-09-26T14:43:30.551+07:00 DEBUG 12540 --- [library_management] [0.0-8386-exec-5] org.hibernate.SQL                        : select b1_0.id,b1_0.active,a2_0.book_id,a2_1.id,a2_1.birth_date,a2_1.created_at,a2_1.death_date,a2_1.name,a2_1.nationality,a2_1.pen_name,a2_1.updated_at,b1_0.average_rating,b1_0.borrow_fee,b1_0.category_id,b1_0.c1_0_id,b1_0.c1_0_active,b1_0.c1_0_created_at,b1_0.c1_0_description,b1_0.c1_0_name,b1_0.c1_0_slug,b1_0.c1_0_updated_at,b1_0.cover_image_url,b1_0.created_at,b1_0.description,b1_0.isbn,b1_0.publish_year,b1_0.p1_0_id,b1_0.p1_0_address,b1_0.p1_0_created_at,b1_0.p1_0_email,b1_0.p1_0_name,b1_0.p1_0_phone,b1_0.p1_0_updated_at,b1_0.rating_count,b1_0.title,b1_0.updated_at,b1_0.version from (select distinct b1_0.id,b1_0.version,b1_0.active,b1_0.average_rating,b1_0.borrow_fee,b1_0.category_id,b1_0.cover_image_url,b1_0.created_at,b1_0.description,b1_0.isbn,b1_0.publish_year,b1_0.publisher_id,b1_0.rating_count,b1_0.title,b1_0.updated_at,c1_0.id,c1_0.active,c1_0.created_at,c1_0.description,c1_0.name,c1_0.slug,c1_0.updated_at,p1_0.id,p1_0.address,p1_0.created_at,p1_0.email,p1_0.name,p1_0.phone,p1_0.updated_at from books b1_0 left join book_authors a1_0 on b1_0.id=a1_0.book_id left join authors a1_1 on a1_1.id=a1_0.author_id join categories c1_0 on c1_0.id=b1_0.category_id left join publishers p1_0 on p1_0.id=b1_0.publisher_id where b1_0.active=true and (? is null or lower(b1_0.title) like lower(concat('%',?,'%')) escape '' or lower(a1_1.name) like lower(concat('%',?,'%')) escape '' or lower(b1_0.isbn) like lower(concat('%',?,'%')) escape '') and (? is null or lower(c1_0.slug)=lower(?)) and (? is null or (?='available' and exists(select 1 from book_copies bc1_0 where bc1_0.book_id=b1_0.id and bc1_0.status='AVAILABLE') and not exists(select 1 from book_copies bc2_0 where bc2_0.book_id=b1_0.id and bc2_0.status<>'AVAILABLE')) or (?='borrowed' and exists(select 1 from book_copies bc3_0 where bc3_0.book_id=b1_0.id and bc3_0.status='AVAILABLE') and exists(select 1 from book_copies bc4_0 where bc4_0.book_id=b1_0.id and bc4_0.status<>'AVAILABLE')) or (?='out_of_stock' and not exists(select 1 from book_copies bc5_0 where bc5_0.book_id=b1_0.id and bc5_0.status='AVAILABLE'))) order by b1_0.created_at desc,b1_0.id desc limit ?,?) b1_0(id,version,active,average_rating,borrow_fee,category_id,cover_image_url,created_at,description,isbn,publish_year,publisher_id,rating_count,title,updated_at,c1_0_id,c1_0_active,c1_0_created_at,c1_0_description,c1_0_name,c1_0_slug,c1_0_updated_at,p1_0_id,p1_0_address,p1_0_created_at,p1_0_email,p1_0_name,p1_0_phone,p1_0_updated_at) left join book_authors a2_0 on b1_0.id=a2_0.book_id left join authors a2_1 on a2_1.id=a2_0.author_id order by b1_0.created_at desc,b1_0.id desc
2026-09-26T14:43:30.552+07:00 DEBUG 12540 --- [library_management] [0.0-8386-exec-2] org.hibernate.SQL                        : select b1_0.id,b1_0.active,a2_0.book_id,a2_1.id,a2_1.birth_date,a2_1.created_at,a2_1.death_date,a2_1.name,a2_1.nationality,a2_1.pen_name,a2_1.updated_at,b1_0.average_rating,b1_0.borrow_fee,b1_0.category_id,b1_0.c1_0_id,b1_0.c1_0_active,b1_0.c1_0_created_at,b1_0.c1_0_description,b1_0.c1_0_name,b1_0.c1_0_slug,b1_0.c1_0_updated_at,b1_0.cover_image_url,b1_0.created_at,b1_0.description,b1_0.isbn,b1_0.publish_year,b1_0.p1_0_id,b1_0.p1_0_address,b1_0.p1_0_created_at,b1_0.p1_0_email,b1_0.p1_0_name,b1_0.p1_0_phone,b1_0.p1_0_updated_at,b1_0.rating_count,b1_0.title,b1_0.updated_at,b1_0.version from (select distinct b1_0.id,b1_0.version,b1_0.active,b1_0.average_rating,b1_0.borrow_fee,b1_0.category_id,b1_0.cover_image_url,b1_0.created_at,b1_0.description,b1_0.isbn,b1_0.publish_year,b1_0.publisher_id,b1_0.rating_count,b1_0.title,b1_0.updated_at,c1_0.id,c1_0.active,c1_0.created_at,c1_0.description,c1_0.name,c1_0.slug,c1_0.updated_at,p1_0.id,p1_0.address,p1_0.created_at,p1_0.email,p1_0.name,p1_0.phone,p1_0.updated_at from books b1_0 left join book_authors a1_0 on b1_0.id=a1_0.book_id left join authors a1_1 on a1_1.id=a1_0.author_id join categories c1_0 on c1_0.id=b1_0.category_id left join publishers p1_0 on p1_0.id=b1_0.publisher_id where b1_0.active=true and (? is null or lower(b1_0.title) like lower(concat('%',?,'%')) escape '' or lower(a1_1.name) like lower(concat('%',?,'%')) escape '' or lower(b1_0.isbn) like lower(concat('%',?,'%')) escape '') and (? is null or lower(c1_0.slug)=lower(?)) and (? is null or (?='available' and exists(select 1 from book_copies bc1_0 where bc1_0.book_id=b1_0.id and bc1_0.status='AVAILABLE') and not exists(select 1 from book_copies bc2_0 where bc2_0.book_id=b1_0.id and bc2_0.status<>'AVAILABLE')) or (?='borrowed' and exists(select 1 from book_copies bc3_0 where bc3_0.book_id=b1_0.id and bc3_0.status='AVAILABLE') and exists(select 1 from book_copies bc4_0 where bc4_0.book_id=b1_0.id and bc4_0.status<>'AVAILABLE')) or (?='out_of_stock' and not exists(select 1 from book_copies bc5_0 where bc5_0.book_id=b1_0.id and bc5_0.status='AVAILABLE'))) order by b1_0.created_at desc,b1_0.id desc limit ?,?) b1_0(id,version,active,average_rating,borrow_fee,category_id,cover_image_url,created_at,description,isbn,publish_year,publisher_id,rating_count,title,updated_at,c1_0_id,c1_0_active,c1_0_created_at,c1_0_description,c1_0_name,c1_0_slug,c1_0_updated_at,p1_0_id,p1_0_address,p1_0_created_at,p1_0_email,p1_0_name,p1_0_phone,p1_0_updated_at) left join book_authors a2_0 on b1_0.id=a2_0.book_id left join authors a2_1 on a2_1.id=a2_0.author_id order by b1_0.created_at desc,b1_0.id desc
2026-09-26T14:43:30.556+07:00 DEBUG 12540 --- [library_management] [0.0-8386-exec-6] org.hibernate.SQL                        : select c1_0.id,c1_0.active,c1_0.created_at,c1_0.description,c1_0.name,c1_0.slug,c1_0.updated_at from categories c1_0 order by c1_0.name
2026-09-26T14:43:30.556+07:00 DEBUG 12540 --- [library_management] [0.0-8386-exec-9] org.hibernate.SQL                        : select c1_0.id,c1_0.active,c1_0.created_at,c1_0.description,c1_0.name,c1_0.slug,c1_0.updated_at from categories c1_0 order by c1_0.name
2026-09-26T14:43:30.562+07:00 DEBUG 12540 --- [library_management] [0.0-8386-exec-9] m.m.a.RequestResponseBodyMethodProcessor : Using 'application/json', given [*/*] and supported [application/json, application/*+json]
2026-09-26T14:43:30.562+07:00 DEBUG 12540 --- [library_management] [0.0-8386-exec-6] m.m.a.RequestResponseBodyMethodProcessor : Using 'application/json', given [*/*] and supported [application/json, application/*+json]
2026-09-26T14:43:30.615+07:00 DEBUG 12540 --- [library_management] [0.0-8386-exec-9] m.m.a.RequestResponseBodyMethodProcessor : Writing [[CategoryResponse[id=190, name=Agile software development, slug=agile-software-development, descript (truncated)...]
2026-09-26T14:43:30.615+07:00 DEBUG 12540 --- [library_management] [0.0-8386-exec-6] m.m.a.RequestResponseBodyMethodProcessor : Writing [[CategoryResponse[id=190, name=Agile software development, slug=agile-software-development, descript (truncated)...]
2026-09-26T14:43:30.622+07:00 DEBUG 12540 --- [library_management] [0.0-8386-exec-9] o.s.web.servlet.DispatcherServlet        : Completed 200 OK
2026-09-26T14:43:30.623+07:00 DEBUG 12540 --- [library_management] [0.0-8386-exec-6] o.s.web.servlet.DispatcherServlet        : Completed 200 OK
2026-09-26T14:43:30.631+07:00 DEBUG 12540 --- [library_management] [0.0-8386-exec-2] org.hibernate.SQL                        : select count(distinct b1_0.id) from books b1_0 left join book_authors a1_0 on b1_0.id=a1_0.book_id left join authors a1_1 on a1_1.id=a1_0.author_id join categories c1_0 on c1_0.id=b1_0.category_id where b1_0.active=true and (? is null or lower(b1_0.title) like lower(concat('%',?,'%')) escape '' or lower(a1_1.name) like lower(concat('%',?,'%')) escape '' or lower(b1_0.isbn) like lower(concat('%',?,'%')) escape '') and (? is null or lower(c1_0.slug)=lower(?)) and (? is null or (?='available' and exists(select 1 from book_copies bc1_0 where bc1_0.book_id=b1_0.id and bc1_0.status='AVAILABLE') and not exists(select 1 from book_copies bc2_0 where bc2_0.book_id=b1_0.id and bc2_0.status<>'AVAILABLE')) or (?='borrowed' and exists(select 1 from book_copies bc3_0 where bc3_0.book_id=b1_0.id and bc3_0.status='AVAILABLE') and exists(select 1 from book_copies bc4_0 where bc4_0.book_id=b1_0.id and bc4_0.status<>'AVAILABLE')) or (?='out_of_stock' and not exists(select 1 from book_copies bc5_0 where bc5_0.book_id=b1_0.id and bc5_0.status='AVAILABLE')))
2026-09-26T14:43:30.631+07:00 DEBUG 12540 --- [library_management] [0.0-8386-exec-5] org.hibernate.SQL                        : select count(distinct b1_0.id) from books b1_0 left join book_authors a1_0 on b1_0.id=a1_0.book_id left join authors a1_1 on a1_1.id=a1_0.author_id join categories c1_0 on c1_0.id=b1_0.category_id where b1_0.active=true and (? is null or lower(b1_0.title) like lower(concat('%',?,'%')) escape '' or lower(a1_1.name) like lower(concat('%',?,'%')) escape '' or lower(b1_0.isbn) like lower(concat('%',?,'%')) escape '') and (? is null or lower(c1_0.slug)=lower(?)) and (? is null or (?='available' and exists(select 1 from book_copies bc1_0 where bc1_0.book_id=b1_0.id and bc1_0.status='AVAILABLE') and not exists(select 1 from book_copies bc2_0 where bc2_0.book_id=b1_0.id and bc2_0.status<>'AVAILABLE')) or (?='borrowed' and exists(select 1 from book_copies bc3_0 where bc3_0.book_id=b1_0.id and bc3_0.status='AVAILABLE') and exists(select 1 from book_copies bc4_0 where bc4_0.book_id=b1_0.id and bc4_0.status<>'AVAILABLE')) or (?='out_of_stock' and not exists(select 1 from book_copies bc5_0 where bc5_0.book_id=b1_0.id and bc5_0.status='AVAILABLE')))
2026-09-26T14:43:30.638+07:00 DEBUG 12540 --- [library_management] [0.0-8386-exec-5] org.hibernate.SQL                        : select count(bc1_0.id) from book_copies bc1_0 where bc1_0.book_id=?
2026-09-26T14:43:30.638+07:00 DEBUG 12540 --- [library_management] [0.0-8386-exec-2] org.hibernate.SQL                        : select count(bc1_0.id) from book_copies bc1_0 where bc1_0.book_id=?
2026-09-26T14:43:30.642+07:00 DEBUG 12540 --- [library_management] [0.0-8386-exec-2] org.hibernate.SQL                        : select count(bc1_0.id) from book_copies bc1_0 where bc1_0.book_id=? and bc1_0.status=?
2026-09-26T14:43:30.642+07:00 DEBUG 12540 --- [library_management] [0.0-8386-exec-5] org.hibernate.SQL                        : select count(bc1_0.id) from book_copies bc1_0 where bc1_0.book_id=? and bc1_0.status=?
2026-09-26T14:43:30.644+07:00 DEBUG 12540 --- [library_management] [0.0-8386-exec-2] org.hibernate.SQL                        : select count(bc1_0.id) from book_copies bc1_0 where bc1_0.book_id=?
2026-09-26T14:43:30.646+07:00 DEBUG 12540 --- [library_management] [0.0-8386-exec-5] org.hibernate.SQL                        : select count(bc1_0.id) from book_copies bc1_0 where bc1_0.book_id=?
2026-09-26T14:43:30.648+07:00 DEBUG 12540 --- [library_management] [0.0-8386-exec-2] org.hibernate.SQL                        : select count(bc1_0.id) from book_copies bc1_0 where bc1_0.book_id=? and bc1_0.status=?
2026-09-26T14:43:30.651+07:00 DEBUG 12540 --- [library_management] [0.0-8386-exec-2] org.hibernate.SQL                        : select count(bc1_0.id) from book_copies bc1_0 where bc1_0.book_id=?
2026-09-26T14:43:30.650+07:00 DEBUG 12540 --- [library_management] [0.0-8386-exec-5] org.hibernate.SQL                        : select count(bc1_0.id) from book_copies bc1_0 where bc1_0.book_id=? and bc1_0.status=?
2026-09-26T14:43:30.653+07:00 DEBUG 12540 --- [library_management] [0.0-8386-exec-2] org.hibernate.SQL                        : select count(bc1_0.id) from book_copies bc1_0 where bc1_0.book_id=? and bc1_0.status=?
2026-09-26T14:43:30.654+07:00 DEBUG 12540 --- [library_management] [0.0-8386-exec-5] org.hibernate.SQL                        : select count(bc1_0.id) from book_copies bc1_0 where bc1_0.book_id=?
2026-09-26T14:43:30.657+07:00 DEBUG 12540 --- [library_management] [0.0-8386-exec-2] org.hibernate.SQL                        : select count(bc1_0.id) from book_copies bc1_0 where bc1_0.book_id=?
2026-09-26T14:43:30.657+07:00 DEBUG 12540 --- [library_management] [0.0-8386-exec-5] org.hibernate.SQL                        : select count(bc1_0.id) from book_copies bc1_0 where bc1_0.book_id=? and bc1_0.status=?
2026-09-26T14:43:30.659+07:00 DEBUG 12540 --- [library_management] [0.0-8386-exec-2] org.hibernate.SQL                        : select count(bc1_0.id) from book_copies bc1_0 where bc1_0.book_id=? and bc1_0.status=?
2026-09-26T14:43:30.660+07:00 DEBUG 12540 --- [library_management] [0.0-8386-exec-5] org.hibernate.SQL                        : select count(bc1_0.id) from book_copies bc1_0 where bc1_0.book_id=?
2026-09-26T14:43:30.662+07:00 DEBUG 12540 --- [library_management] [0.0-8386-exec-2] org.hibernate.SQL                        : select count(bc1_0.id) from book_copies bc1_0 where bc1_0.book_id=?
2026-09-26T14:43:30.662+07:00 DEBUG 12540 --- [library_management] [0.0-8386-exec-5] org.hibernate.SQL                        : select count(bc1_0.id) from book_copies bc1_0 where bc1_0.book_id=? and bc1_0.status=?
2026-09-26T14:43:30.666+07:00 DEBUG 12540 --- [library_management] [0.0-8386-exec-5] org.hibernate.SQL                        : select count(bc1_0.id) from book_copies bc1_0 where bc1_0.book_id=?
2026-09-26T14:43:30.666+07:00 DEBUG 12540 --- [library_management] [0.0-8386-exec-2] org.hibernate.SQL                        : select count(bc1_0.id) from book_copies bc1_0 where bc1_0.book_id=? and bc1_0.status=?
2026-09-26T14:43:30.669+07:00 DEBUG 12540 --- [library_management] [0.0-8386-exec-2] org.hibernate.SQL                        : select count(bc1_0.id) from book_copies bc1_0 where bc1_0.book_id=?
2026-09-26T14:43:30.669+07:00 DEBUG 12540 --- [library_management] [0.0-8386-exec-5] org.hibernate.SQL                        : select count(bc1_0.id) from book_copies bc1_0 where bc1_0.book_id=? and bc1_0.status=?
2026-09-26T14:43:30.671+07:00 DEBUG 12540 --- [library_management] [0.0-8386-exec-2] org.hibernate.SQL                        : select count(bc1_0.id) from book_copies bc1_0 where bc1_0.book_id=? and bc1_0.status=?
2026-09-26T14:43:30.671+07:00 DEBUG 12540 --- [library_management] [0.0-8386-exec-5] org.hibernate.SQL                        : select count(bc1_0.id) from book_copies bc1_0 where bc1_0.book_id=?
2026-09-26T14:43:30.674+07:00 DEBUG 12540 --- [library_management] [0.0-8386-exec-2] org.hibernate.SQL                        : select count(bc1_0.id) from book_copies bc1_0 where bc1_0.book_id=?
2026-09-26T14:43:30.674+07:00 DEBUG 12540 --- [library_management] [0.0-8386-exec-5] org.hibernate.SQL                        : select count(bc1_0.id) from book_copies bc1_0 where bc1_0.book_id=? and bc1_0.status=?
2026-09-26T14:43:30.676+07:00 DEBUG 12540 --- [library_management] [0.0-8386-exec-2] org.hibernate.SQL                        : select count(bc1_0.id) from book_copies bc1_0 where bc1_0.book_id=? and bc1_0.status=?
2026-09-26T14:43:30.677+07:00 DEBUG 12540 --- [library_management] [0.0-8386-exec-5] org.hibernate.SQL                        : select count(bc1_0.id) from book_copies bc1_0 where bc1_0.book_id=?
2026-09-26T14:43:30.679+07:00 DEBUG 12540 --- [library_management] [0.0-8386-exec-2] org.hibernate.SQL                        : select count(bc1_0.id) from book_copies bc1_0 where bc1_0.book_id=?
2026-09-26T14:43:30.679+07:00 DEBUG 12540 --- [library_management] [0.0-8386-exec-5] org.hibernate.SQL                        : select count(bc1_0.id) from book_copies bc1_0 where bc1_0.book_id=? and bc1_0.status=?
2026-09-26T14:43:30.682+07:00 DEBUG 12540 --- [library_management] [0.0-8386-exec-5] org.hibernate.SQL                        : select count(bc1_0.id) from book_copies bc1_0 where bc1_0.book_id=?
2026-09-26T14:43:30.682+07:00 DEBUG 12540 --- [library_management] [0.0-8386-exec-2] org.hibernate.SQL                        : select count(bc1_0.id) from book_copies bc1_0 where bc1_0.book_id=? and bc1_0.status=?
2026-09-26T14:43:30.685+07:00 DEBUG 12540 --- [library_management] [0.0-8386-exec-5] org.hibernate.SQL                        : select count(bc1_0.id) from book_copies bc1_0 where bc1_0.book_id=? and bc1_0.status=?
2026-09-26T14:43:30.687+07:00 DEBUG 12540 --- [library_management] [0.0-8386-exec-2] m.m.a.RequestResponseBodyMethodProcessor : Using 'application/json', given [*/*] and supported [application/json, application/*+json]
2026-09-26T14:43:30.690+07:00 DEBUG 12540 --- [library_management] [0.0-8386-exec-5] m.m.a.RequestResponseBodyMethodProcessor : Using 'application/json', given [*/*] and supported [application/json, application/*+json]
2026-09-26T14:43:30.692+07:00 DEBUG 12540 --- [library_management] [0.0-8386-exec-2] m.m.a.RequestResponseBodyMethodProcessor : Writing [PagedResponse[items=[BookResponse[id=954, isbn=9781789957648, title=Clean Code in JavaScript, author (truncated)...]
2026-09-26T14:43:30.692+07:00 DEBUG 12540 --- [library_management] [0.0-8386-exec-5] m.m.a.RequestResponseBodyMethodProcessor : Writing [PagedResponse[items=[BookResponse[id=954, isbn=9781789957648, title=Clean Code in JavaScript, author (truncated)...]
2026-09-26T14:43:30.698+07:00 DEBUG 12540 --- [library_management] [0.0-8386-exec-2] o.s.web.servlet.DispatcherServlet        : Completed 200 OK
2026-09-26T14:43:30.698+07:00 DEBUG 12540 --- [library_management] [0.0-8386-exec-5] o.s.web.servlet.DispatcherServlet        : Completed 200 OK
2026-09-26T14:43:36.668+07:00 DEBUG 12540 --- [library_management] [   scheduling-1] org.hibernate.SQL                        : select br1_0.id,br1_0.book_copy_id,bc1_0.id,bc1_0.acquired_date,bc1_0.barcode,bc1_0.book_id,b1_0.id,b1_0.active,b1_0.average_rating,b1_0.borrow_fee,b1_0.category_id,b1_0.cover_image_url,b1_0.created_at,b1_0.description,b1_0.isbn,b1_0.publish_year,b1_0.publisher_id,b1_0.rating_count,b1_0.title,b1_0.updated_at,b1_0.version,bc1_0.created_at,bc1_0.shelf_location,bc1_0.status,bc1_0.updated_at,bc1_0.version,br1_0.borrow_days,br1_0.borrow_fee,br1_0.borrowed_at,br1_0.cancelled_at,br1_0.created_at,br1_0.deposit_amount,br1_0.deposit_refunded_at,br1_0.due_at,br1_0.paid_amount,br1_0.paid_at,br1_0.payment_code,br1_0.payment_method,br1_0.pickup_location,br1_0.reference_code,br1_0.returned_at,br1_0.status,br1_0.total_amount,br1_0.updated_at,br1_0.user_id,u1_0.id,u1_0.active,u1_0.created_at,u1_0.email,u1_0.full_name,u1_0.password_hash,u1_0.phone,u1_0.role,u1_0.updated_at from borrow_records br1_0 join book_copies bc1_0 on bc1_0.id=br1_0.book_copy_id join books b1_0 on b1_0.id=bc1_0.book_id join users u1_0 on u1_0.id=br1_0.user_id where br1_0.status=? and br1_0.due_at between ? and ?
2026-09-26T14:43:36.684+07:00 DEBUG 12540 --- [library_management] [   scheduling-1] org.hibernate.SQL                        : select br1_0.id,br1_0.book_copy_id,bc1_0.id,bc1_0.acquired_date,bc1_0.barcode,bc1_0.book_id,b1_0.id,b1_0.active,b1_0.average_rating,b1_0.borrow_fee,b1_0.category_id,b1_0.cover_image_url,b1_0.created_at,b1_0.description,b1_0.isbn,b1_0.publish_year,b1_0.publisher_id,b1_0.rating_count,b1_0.title,b1_0.updated_at,b1_0.version,bc1_0.created_at,bc1_0.shelf_location,bc1_0.status,bc1_0.updated_at,bc1_0.version,br1_0.borrow_days,br1_0.borrow_fee,br1_0.borrowed_at,br1_0.cancelled_at,br1_0.created_at,br1_0.deposit_amount,br1_0.deposit_refunded_at,br1_0.due_at,br1_0.paid_amount,br1_0.paid_at,br1_0.payment_code,br1_0.payment_method,br1_0.pickup_location,br1_0.reference_code,br1_0.returned_at,br1_0.status,br1_0.total_amount,br1_0.updated_at,br1_0.user_id,u1_0.id,u1_0.active,u1_0.created_at,u1_0.email,u1_0.full_name,u1_0.password_hash,u1_0.phone,u1_0.role,u1_0.updated_at from borrow_records br1_0 join book_copies bc1_0 on bc1_0.id=br1_0.book_copy_id join books b1_0 on b1_0.id=bc1_0.book_id join users u1_0 on u1_0.id=br1_0.user_id where br1_0.status in (?,?) and br1_0.due_at<?
2026-09-26T14:43:37.054+07:00 DEBUG 12540 --- [library_management] [   scheduling-1] org.hibernate.SQL                        : select bas1_0.id,bas1_0.book_id,bas1_0.created_at,bas1_0.last_available_quantity,bas1_0.user_id from book_availability_subscriptions bas1_0
2026-09-26T14:43:37.057+07:00 DEBUG 12540 --- [library_management] [   scheduling-1] org.hibernate.SQL                        : select b1_0.id,b1_0.active,b1_0.average_rating,b1_0.borrow_fee,b1_0.category_id,b1_0.cover_image_url,b1_0.created_at,b1_0.description,b1_0.isbn,b1_0.publish_year,b1_0.publisher_id,b1_0.rating_count,b1_0.title,b1_0.updated_at,b1_0.version from books b1_0 where b1_0.id=?
2026-09-26T14:43:37.060+07:00 DEBUG 12540 --- [library_management] [   scheduling-1] org.hibernate.SQL                        : select u1_0.id,u1_0.active,u1_0.created_at,u1_0.email,u1_0.full_name,u1_0.password_hash,u1_0.phone,u1_0.role,u1_0.updated_at from users u1_0 where u1_0.id=?
2026-09-26T14:43:37.064+07:00 DEBUG 12540 --- [library_management] [   scheduling-1] org.hibernate.SQL                        : select b1_0.id,b1_0.active,b1_0.average_rating,b1_0.borrow_fee,b1_0.category_id,b1_0.cover_image_url,b1_0.created_at,b1_0.description,b1_0.isbn,b1_0.publish_year,b1_0.publisher_id,b1_0.rating_count,b1_0.title,b1_0.updated_at,b1_0.version from books b1_0 where b1_0.id=?
2026-09-26T14:43:37.069+07:00 DEBUG 12540 --- [library_management] [   scheduling-1] org.hibernate.SQL                        : select b1_0.id,b1_0.active,b1_0.average_rating,b1_0.borrow_fee,b1_0.category_id,b1_0.cover_image_url,b1_0.created_at,b1_0.description,b1_0.isbn,b1_0.publish_year,b1_0.publisher_id,b1_0.rating_count,b1_0.title,b1_0.updated_at,b1_0.version from books b1_0 where b1_0.id=?
2026-09-26T14:43:37.074+07:00 DEBUG 12540 --- [library_management] [   scheduling-1] org.hibernate.SQL                        : select count(bc1_0.id) from book_copies bc1_0 where bc1_0.book_id=? and bc1_0.status=?
2026-09-26T14:43:37.079+07:00 DEBUG 12540 --- [library_management] [   scheduling-1] org.hibernate.SQL                        : select count(bc1_0.id) from book_copies bc1_0 where bc1_0.book_id=? and bc1_0.status=?
2026-09-26T14:43:37.084+07:00 DEBUG 12540 --- [library_management] [   scheduling-1] org.hibernate.SQL                        : select count(bc1_0.id) from book_copies bc1_0 where bc1_0.book_id=? and bc1_0.status=?
2026-09-26T14:43:52.000+07:00 DEBUG 12540 --- [library_management] [.0-8386-exec-10] org.hibernate.SQL                        : select at1_0.id,at1_0.created_at,at1_0.expires_at,at1_0.token_hash,at1_0.user_id from auth_tokens at1_0 where at1_0.token_hash=?
2026-09-26T14:43:52.001+07:00 DEBUG 12540 --- [library_management] [.0-8386-exec-10] org.hibernate.SQL                        : select u1_0.id,u1_0.active,u1_0.created_at,u1_0.email,u1_0.full_name,u1_0.password_hash,u1_0.phone,u1_0.role,u1_0.updated_at from users u1_0 where u1_0.id=?
2026-09-26T14:43:52.005+07:00 DEBUG 12540 --- [library_management] [.0-8386-exec-10] o.s.web.servlet.DispatcherServlet        : GET "/api/v1/notifications/unread-count", parameters={}
2026-09-26T14:43:52.006+07:00 DEBUG 12540 --- [library_management] [.0-8386-exec-10] s.w.s.m.m.a.RequestMappingHandlerMapping : Mapped to com.group_7.library_management.controller.NotificationController#getUnreadCount(Authentication)
2026-09-26T14:43:52.009+07:00 DEBUG 12540 --- [library_management] [.0-8386-exec-10] org.hibernate.SQL                        : select count(n1_0.id) from notifications n1_0 where n1_0.user_id=? and n1_0.read_at is null and n1_0.deleted_at is null
2026-09-26T14:43:52.014+07:00 DEBUG 12540 --- [library_management] [.0-8386-exec-10] m.m.a.RequestResponseBodyMethodProcessor : Using 'application/json', given [*/*] and supported [application/json, application/*+json]
2026-09-26T14:43:52.014+07:00 DEBUG 12540 --- [library_management] [.0-8386-exec-10] m.m.a.RequestResponseBodyMethodProcessor : Writing [NotificationUnreadCountResponse[unreadCount=0]]
2026-09-26T14:43:52.015+07:00 DEBUG 12540 --- [library_management] [.0-8386-exec-10] o.s.web.servlet.DispatcherServlet        : Completed 200 OK
2026-09-26T14:43:52.102+07:00 DEBUG 12540 --- [library_management] [   scheduling-1] org.hibernate.SQL                        : select bas1_0.id,bas1_0.book_id,bas1_0.created_at,bas1_0.last_available_quantity,bas1_0.user_id from book_availability_subscriptions bas1_0
2026-09-26T14:43:52.106+07:00 DEBUG 12540 --- [library_management] [   scheduling-1] org.hibernate.SQL                        : select b1_0.id,b1_0.active,b1_0.average_rating,b1_0.borrow_fee,b1_0.category_id,b1_0.cover_image_url,b1_0.created_at,b1_0.description,b1_0.isbn,b1_0.publish_year,b1_0.publisher_id,b1_0.rating_count,b1_0.title,b1_0.updated_at,b1_0.version from books b1_0 where b1_0.id=?
2026-09-26T14:43:52.110+07:00 DEBUG 12540 --- [library_management] [   scheduling-1] org.hibernate.SQL                        : select u1_0.id,u1_0.active,u1_0.created_at,u1_0.email,u1_0.full_name,u1_0.password_hash,u1_0.phone,u1_0.role,u1_0.updated_at from users u1_0 where u1_0.id=?
2026-09-26T14:43:52.114+07:00 DEBUG 12540 --- [library_management] [   scheduling-1] org.hibernate.SQL                        : select b1_0.id,b1_0.active,b1_0.average_rating,b1_0.borrow_fee,b1_0.category_id,b1_0.cover_image_url,b1_0.created_at,b1_0.description,b1_0.isbn,b1_0.publish_year,b1_0.publisher_id,b1_0.rating_count,b1_0.title,b1_0.updated_at,b1_0.version from books b1_0 where b1_0.id=?
2026-09-26T14:43:52.119+07:00 DEBUG 12540 --- [library_management] [   scheduling-1] org.hibernate.SQL                        : select b1_0.id,b1_0.active,b1_0.average_rating,b1_0.borrow_fee,b1_0.category_id,b1_0.cover_image_url,b1_0.created_at,b1_0.description,b1_0.isbn,b1_0.publish_year,b1_0.publisher_id,b1_0.rating_count,b1_0.title,b1_0.updated_at,b1_0.version from books b1_0 where b1_0.id=?
2026-09-26T14:43:52.125+07:00 DEBUG 12540 --- [library_management] [   scheduling-1] org.hibernate.SQL                        : select count(bc1_0.id) from book_copies bc1_0 where bc1_0.book_id=? and bc1_0.status=?
2026-09-26T14:43:52.130+07:00 DEBUG 12540 --- [library_management] [   scheduling-1] org.hibernate.SQL                        : select count(bc1_0.id) from book_copies bc1_0 where bc1_0.book_id=? and bc1_0.status=?
2026-09-26T14:43:52.135+07:00 DEBUG 12540 --- [library_management] [   scheduling-1] org.hibernate.SQL                        : select count(bc1_0.id) from book_copies bc1_0 where bc1_0.book_id=? and bc1_0.status=?
2026-09-26T14:44:07.154+07:00 DEBUG 12540 --- [library_management] [   scheduling-1] org.hibernate.SQL                        : select bas1_0.id,bas1_0.book_id,bas1_0.created_at,bas1_0.last_available_quantity,bas1_0.user_id from book_availability_subscriptions bas1_0
2026-09-26T14:44:07.156+07:00 DEBUG 12540 --- [library_management] [   scheduling-1] org.hibernate.SQL                        : select b1_0.id,b1_0.active,b1_0.average_rating,b1_0.borrow_fee,b1_0.category_id,b1_0.cover_image_url,b1_0.created_at,b1_0.description,b1_0.isbn,b1_0.publish_year,b1_0.publisher_id,b1_0.rating_count,b1_0.title,b1_0.updated_at,b1_0.version from books b1_0 where b1_0.id=?
2026-09-26T14:44:07.159+07:00 DEBUG 12540 --- [library_management] [   scheduling-1] org.hibernate.SQL                        : select u1_0.id,u1_0.active,u1_0.created_at,u1_0.email,u1_0.full_name,u1_0.password_hash,u1_0.phone,u1_0.role,u1_0.updated_at from users u1_0 where u1_0.id=?
2026-09-26T14:44:07.162+07:00 DEBUG 12540 --- [library_management] [   scheduling-1] org.hibernate.SQL                        : select b1_0.id,b1_0.active,b1_0.average_rating,b1_0.borrow_fee,b1_0.category_id,b1_0.cover_image_url,b1_0.created_at,b1_0.description,b1_0.isbn,b1_0.publish_year,b1_0.publisher_id,b1_0.rating_count,b1_0.title,b1_0.updated_at,b1_0.version from books b1_0 where b1_0.id=?
2026-09-26T14:44:07.165+07:00 DEBUG 12540 --- [library_management] [   scheduling-1] org.hibernate.SQL                        : select b1_0.id,b1_0.active,b1_0.average_rating,b1_0.borrow_fee,b1_0.category_id,b1_0.cover_image_url,b1_0.created_at,b1_0.description,b1_0.isbn,b1_0.publish_year,b1_0.publisher_id,b1_0.rating_count,b1_0.title,b1_0.updated_at,b1_0.version from books b1_0 where b1_0.id=?
2026-09-26T14:44:07.173+07:00 DEBUG 12540 --- [library_management] [   scheduling-1] org.hibernate.SQL                        : select count(bc1_0.id) from book_copies bc1_0 where bc1_0.book_id=? and bc1_0.status=?
2026-09-26T14:44:07.177+07:00 DEBUG 12540 --- [library_management] [   scheduling-1] org.hibernate.SQL                        : select count(bc1_0.id) from book_copies bc1_0 where bc1_0.book_id=? and bc1_0.status=?
2026-09-26T14:44:07.182+07:00 DEBUG 12540 --- [library_management] [   scheduling-1] org.hibernate.SQL                        : select count(bc1_0.id) from book_copies bc1_0 where bc1_0.book_id=? and bc1_0.status=?
