
  .   ____          _            __ _ _
 /\\ / ___'_ __ _ _(_)_ __  __ _ \ \ \ \
( ( )\___ | '_ | '_| | '_ \/ _` | \ \ \ \
 \\/  ___)| |_)| | | | | || (_| |  ) ) ) )
  '  |____| .__|_| |_|_| |_\__, | / / / /
 =========|_|==============|___/=/_/_/_/

 :: Spring Boot ::                (v4.1.1)

2026-09-25T18:59:11.858+07:00  INFO 34476 --- [library_management] [           main] c.g.l.LibraryManagementApplication       : Starting LibraryManagementApplication v0.0.1-SNAPSHOT using Java 24.0.2 with PID 34476 (D:\learn_android_programming\project_mobile_group2\PROJECT-ANDROID-PROGRAMMING\code_api\library_management\target\library_management-0.0.1-SNAPSHOT.jar started by hai in D:\learn_android_programming\project_mobile_group2\PROJECT-ANDROID-PROGRAMMING\code_api\library_management)
2026-09-25T18:59:11.865+07:00  INFO 34476 --- [library_management] [           main] c.g.l.LibraryManagementApplication       : No active profile set, falling back to 1 default profile: "default"
2026-09-25T18:59:11.866+07:00 DEBUG 34476 --- [library_management] [           main] o.s.boot.SpringApplication               : Loading source class com.group_7.library_management.LibraryManagementApplication
2026-09-25T18:59:11.954+07:00 DEBUG 34476 --- [library_management] [           main] ConfigServletWebServerApplicationContext : Refreshing org.springframework.boot.web.server.servlet.context.AnnotationConfigServletWebServerApplicationContext@6ce86ce1
2026-09-25T18:59:13.227+07:00  INFO 34476 --- [library_management] [           main] .s.d.r.c.RepositoryConfigurationDelegate : Bootstrapping Spring Data JPA repositories in DEFAULT mode.
2026-09-25T18:59:13.296+07:00 DEBUG 34476 --- [library_management] [           main] o.s.b.a.AutoConfigurationPackages        : @EnableAutoConfiguration was declared on a class in the package 'com.group_7.library_management'. Automatic @Repository and @Entity scanning is enabled.
2026-09-25T18:59:13.960+07:00  INFO 34476 --- [library_management] [           main] .s.d.r.c.RepositoryConfigurationDelegate : Finished Spring Data repository scanning in 713 ms. Found 16 JPA repository interfaces.
2026-09-25T18:59:47.704+07:00 DEBUG 34476 --- [library_management] [           main] o.s.b.t.s.TomcatServletWebServerFactory  : Code archive: D:\learn_android_programming\project_mobile_group2\PROJECT-ANDROID-PROGRAMMING\code_api\library_management\target\library_management-0.0.1-SNAPSHOT.jar
2026-09-25T18:59:47.708+07:00 DEBUG 34476 --- [library_management] [           main] o.s.b.t.s.TomcatServletWebServerFactory  : Code archive: D:\learn_android_programming\project_mobile_group2\PROJECT-ANDROID-PROGRAMMING\code_api\library_management\target\library_management-0.0.1-SNAPSHOT.jar
2026-09-25T18:59:47.711+07:00 DEBUG 34476 --- [library_management] [           main] o.s.b.t.s.TomcatServletWebServerFactory  : None of the document roots [src/main/webapp, public, static] point to a directory and will be ignored.
2026-09-25T18:59:49.886+07:00  INFO 34476 --- [library_management] [           main] o.s.boot.tomcat.TomcatWebServer          : Tomcat initialized with port 8386 (http)
2026-09-25T18:59:49.928+07:00  INFO 34476 --- [library_management] [           main] o.apache.catalina.core.StandardService   : Starting service [Tomcat]
2026-09-25T18:59:49.929+07:00  INFO 34476 --- [library_management] [           main] o.apache.catalina.core.StandardEngine    : Starting Servlet engine: [Apache Tomcat/11.0.24]
2026-09-25T18:59:50.027+07:00 DEBUG 34476 --- [library_management] [           main] b.w.c.s.WebApplicationContextInitializer : Published root WebApplicationContext as ServletContext attribute with name [org.springframework.web.context.WebApplicationContext.ROOT]
2026-09-25T18:59:50.029+07:00  INFO 34476 --- [library_management] [           main] b.w.c.s.WebApplicationContextInitializer : Root WebApplicationContext: initialization completed in 38074 ms
2026-09-25T19:00:00.179+07:00  INFO 34476 --- [library_management] [           main] org.hibernate.orm.jpa                    : HHH008540: Processing PersistenceUnitInfo [name: default]
2026-09-25T19:00:00.511+07:00  INFO 34476 --- [library_management] [           main] org.hibernate.orm.core                   : HHH000001: Hibernate ORM core version 7.4.5.Final
2026-09-25T19:00:03.830+07:00  INFO 34476 --- [library_management] [           main] o.s.o.j.p.SpringPersistenceUnitInfo      : No LoadTimeWeaver setup: ignoring JPA class transformer
2026-09-25T19:00:03.946+07:00  INFO 34476 --- [library_management] [           main] com.zaxxer.hikari.HikariDataSource       : HikariPool-1 - Starting...
2026-09-25T19:00:04.579+07:00  INFO 34476 --- [library_management] [           main] com.zaxxer.hikari.pool.HikariPool        : HikariPool-1 - Added connection com.mysql.cj.jdbc.ConnectionImpl@6644bdf5
2026-09-25T19:00:04.584+07:00  INFO 34476 --- [library_management] [           main] com.zaxxer.hikari.HikariDataSource       : HikariPool-1 - Start completed.
2026-09-25T19:00:04.835+07:00  INFO 34476 --- [library_management] [           main] org.hibernate.orm.connections.pooling    : HHH10001005: Database info:
	Database JDBC URL [jdbc:mysql://localhost:3306/library_management?useSSL=false&allowPublicKeyRetrieval=true&serverTimezone=Asia/Ho_Chi_Minh]
	Database driver: MySQL Connector/J
	Database dialect: MySQLDialect
	Database version: 9.3
	Default catalog/schema: library_management/undefined
	Autocommit mode: undefined/unknown
	Isolation level: REPEATABLE_READ [default REPEATABLE_READ]
	JDBC fetch size: none
	Pool: DataSourceConnectionProvider
	Minimum pool size: undefined/unknown
	Maximum pool size: undefined/unknown
2026-09-25T19:00:08.998+07:00  INFO 34476 --- [library_management] [           main] org.hibernate.orm.core                   : HHH000489: No JTA platform available (set 'hibernate.transaction.jta.platform' to enable JTA platform integration)
2026-09-25T19:00:09.219+07:00 DEBUG 34476 --- [library_management] [           main] org.hibernate.SQL                        : alter table book_copies modify column status enum ('AVAILABLE','BORROWED','DAMAGED','LOST','MAINTENANCE','RESERVED') not null
2026-09-25T19:00:09.252+07:00 DEBUG 34476 --- [library_management] [           main] org.hibernate.SQL                        : alter table borrow_records modify column payment_method enum ('CASH','SEPAY')
2026-09-25T19:00:09.280+07:00 DEBUG 34476 --- [library_management] [           main] org.hibernate.SQL                        : alter table borrow_records modify column status enum ('BORROWED','CANCELLED','OVERDUE','PENDING_PAYMENT','REQUESTED','RETURNED') not null
2026-09-25T19:00:09.309+07:00 DEBUG 34476 --- [library_management] [           main] org.hibernate.SQL                        : alter table notifications modify column action_type enum ('BOOK_DETAIL','BOOK_REVIEWS','BORROW_LIST','BORROW_ORDER_DETAIL','BORROW_PAYMENT','FAVORITE_LIST','NONE','PROFILE','SUPPORT')
2026-09-25T19:00:09.321+07:00 DEBUG 34476 --- [library_management] [           main] org.hibernate.SQL                        : alter table notifications modify column type enum ('BOOK','ERROR','INFO','SUCCESS','WARNING') not null
2026-09-25T19:00:09.334+07:00 DEBUG 34476 --- [library_management] [           main] org.hibernate.SQL                        : alter table password_reset_verifications modify column verification_channel enum ('EMAIL','SMS') not null
2026-09-25T19:00:09.347+07:00 DEBUG 34476 --- [library_management] [           main] org.hibernate.SQL                        : alter table registration_verifications modify column verification_channel enum ('EMAIL','SMS')
2026-09-25T19:00:09.358+07:00 DEBUG 34476 --- [library_management] [           main] org.hibernate.SQL                        : alter table users modify column role enum ('ADMIN','USER') not null
2026-09-25T19:00:09.466+07:00  INFO 34476 --- [library_management] [           main] j.LocalContainerEntityManagerFactoryBean : Initialized JPA EntityManagerFactory for persistence unit 'default'
2026-09-25T19:00:09.668+07:00  INFO 34476 --- [library_management] [           main] o.s.d.j.r.query.QueryEnhancerFactories   : Hibernate is in classpath; If applicable, HQL parser will be used.
2026-09-25T19:00:10.362+07:00 DEBUG 34476 --- [library_management] [           main] o.s.b.w.s.ServletContextInitializerBeans : Mapping filters: springSecurityFilterChain urls=[/*] order=-100, characterEncodingFilter urls=[/*] order=-2147483648, formContentFilter urls=[/*] order=-9900, requestContextFilter urls=[/*] order=-105, bearerTokenAuthenticationFilter urls=[/*] order=2147483647
2026-09-25T19:00:10.363+07:00 DEBUG 34476 --- [library_management] [           main] o.s.b.w.s.ServletContextInitializerBeans : Mapping servlets: dispatcherServlet urls=[/]
2026-09-25T19:00:10.430+07:00 DEBUG 34476 --- [library_management] [           main] o.s.b.s.f.OrderedRequestContextFilter    : Filter 'requestContextFilter' configured for use
2026-09-25T19:00:10.433+07:00 DEBUG 34476 --- [library_management] [           main] o.s.b.s.f.OrderedCharacterEncodingFilter : Filter 'characterEncodingFilter' configured for use
2026-09-25T19:00:10.434+07:00 DEBUG 34476 --- [library_management] [           main] .DelegatingFilterProxyRegistrationBean$1 : Filter 'springSecurityFilterChain' configured for use
2026-09-25T19:00:10.434+07:00 DEBUG 34476 --- [library_management] [           main] o.s.b.s.filter.OrderedFormContentFilter  : Filter 'formContentFilter' configured for use
2026-09-25T19:00:20.394+07:00  WARN 34476 --- [library_management] [           main] .s.a.UserDetailsServiceAutoConfiguration : 

Using generated security password: 5d231c78-0e4e-4572-9b7a-965177156055

This generated password is for development use only. Your security configuration must be updated before running your application in production.

2026-09-25T19:00:20.433+07:00  INFO 34476 --- [library_management] [           main] r$InitializeUserDetailsManagerConfigurer : Global AuthenticationManager configured with UserDetailsService bean with name inMemoryUserDetailsManager
2026-09-25T19:00:21.934+07:00 DEBUG 34476 --- [library_management] [           main] s.w.s.m.m.a.RequestMappingHandlerMapping : 66 mappings in 'requestMappingHandlerMapping'
2026-09-25T19:00:22.097+07:00 DEBUG 34476 --- [library_management] [           main] o.s.w.s.handler.SimpleUrlHandlerMapping  : Patterns [/webjars/**, /**] in 'resourceHandlerMapping'
2026-09-25T19:00:22.188+07:00 DEBUG 34476 --- [library_management] [           main] s.w.s.m.m.a.RequestMappingHandlerAdapter : ControllerAdvice beans: 0 @ModelAttribute, 0 @InitBinder, 2 RequestBodyAdvice, 1 ResponseBodyAdvice
2026-09-25T19:00:22.346+07:00 DEBUG 34476 --- [library_management] [           main] .m.m.a.ExceptionHandlerExceptionResolver : ControllerAdvice beans: 1 @ExceptionHandler, 1 ResponseBodyAdvice
2026-09-25T19:00:22.911+07:00  INFO 34476 --- [library_management] [           main] o.s.boot.tomcat.TomcatWebServer          : Tomcat started on port 8386 (http) with context path '/'
2026-09-25T19:00:22.940+07:00 DEBUG 34476 --- [library_management] [           main] .s.b.a.l.ConditionEvaluationReportLogger : 


============================
CONDITIONS EVALUATION REPORT
============================


Positive matches:
-----------------

   AopAutoConfiguration matched:
      - @ConditionalOnBooleanProperty (spring.aop.auto=true) matched (OnPropertyCondition)

   AopAutoConfiguration.AspectJAutoProxyingConfiguration matched:
      - @ConditionalOnClass found required class 'org.aspectj.weaver.Advice' (OnClassCondition)

   AopAutoConfiguration.AspectJAutoProxyingConfiguration.CglibAutoProxyConfiguration matched:
      - @ConditionalOnBooleanProperty (spring.aop.proxy-target-class=true) matched (OnPropertyCondition)

   ApplicationAvailabilityAutoConfiguration#applicationAvailability matched:
      - @ConditionalOnMissingBean (types: org.springframework.boot.availability.ApplicationAvailability; SearchStrategy: all) did not find any beans (OnBeanCondition)

   DataJpaRepositoriesAutoConfiguration matched:
      - @ConditionalOnClass found required class 'org.springframework.data.jpa.repository.JpaRepository' (OnClassCondition)
      - @ConditionalOnBooleanProperty (spring.data.jpa.repositories.enabled=true) matched (OnPropertyCondition)
      - @ConditionalOnBean (types: javax.sql.DataSource; SearchStrategy: all) found bean 'dataSource'; @ConditionalOnMissingBean (types: org.springframework.data.jpa.repository.support.JpaRepositoryFactoryBean,org.springframework.data.jpa.repository.config.JpaRepositoryConfigExtension; SearchStrategy: all) did not find any beans (OnBeanCondition)

   DataSourceAutoConfiguration matched:
      - @ConditionalOnClass found required classes 'javax.sql.DataSource', 'org.springframework.jdbc.datasource.embedded.EmbeddedDatabaseType' (OnClassCondition)
      - @ConditionalOnMissingBean (types: io.r2dbc.spi.ConnectionFactory; SearchStrategy: all) did not find any beans (OnBeanCondition)

   DataSourceAutoConfiguration.PooledDataSourceConfiguration matched:
      - AnyNestedCondition 1 matched 1 did not; NestedCondition on DataSourceAutoConfiguration.PooledDataSourceCondition.PooledDataSourceAvailable PooledDataSource found supported DataSource; NestedCondition on DataSourceAutoConfiguration.PooledDataSourceCondition.ExplicitType @ConditionalOnProperty (spring.datasource.type) did not find property 'spring.datasource.type' (DataSourceAutoConfiguration.PooledDataSourceCondition)
      - @ConditionalOnMissingBean (types: javax.sql.DataSource,javax.sql.XADataSource; SearchStrategy: all) did not find any beans (OnBeanCondition)

   DataSourceAutoConfiguration.PooledDataSourceConfiguration#jdbcConnectionDetails matched:
      - @ConditionalOnMissingBean (types: org.springframework.boot.jdbc.autoconfigure.JdbcConnectionDetails; SearchStrategy: all) did not find any beans (OnBeanCondition)

   DataSourceConfiguration.Hikari matched:
      - @ConditionalOnClass found required class 'com.zaxxer.hikari.HikariDataSource' (OnClassCondition)
      - @ConditionalOnProperty (spring.datasource.type=com.zaxxer.hikari.HikariDataSource) matched (OnPropertyCondition)
      - @ConditionalOnMissingBean (types: javax.sql.DataSource; SearchStrategy: all) did not find any beans (OnBeanCondition)

   DataSourceInitializationAutoConfiguration matched:
      - @ConditionalOnClass found required class 'org.springframework.jdbc.datasource.init.DatabasePopulator' (OnClassCondition)
      - SQL InitializationDatabase Initialization default value is EMBEDDED (OnSqlInitializationCondition)
      - @ConditionalOnSingleCandidate (types: javax.sql.DataSource; SearchStrategy: all) found a single bean 'dataSource'; @ConditionalOnMissingBean (types: org.springframework.boot.sql.autoconfigure.init.ApplicationScriptDatabaseInitializer; SearchStrategy: all) did not find any beans (OnBeanCondition)

   DataSourcePoolMetadataProvidersConfiguration.HikariPoolDataSourceMetadataProviderConfiguration matched:
      - @ConditionalOnClass found required class 'com.zaxxer.hikari.HikariDataSource' (OnClassCondition)

   DataSourceTransactionManagerAutoConfiguration matched:
      - @ConditionalOnClass found required classes 'javax.sql.DataSource', 'org.springframework.jdbc.core.JdbcTemplate', 'org.springframework.transaction.TransactionManager' (OnClassCondition)

   DataSourceTransactionManagerAutoConfiguration.JdbcTransactionManagerConfiguration matched:
      - @ConditionalOnSingleCandidate (types: javax.sql.DataSource; SearchStrategy: all) found a single bean 'dataSource' (OnBeanCondition)

   DataWebAutoConfiguration matched:
      - @ConditionalOnClass found required classes 'org.springframework.data.web.PageableHandlerMethodArgumentResolver', 'org.springframework.web.servlet.config.annotation.WebMvcConfigurer' (OnClassCondition)
      - found 'session' scope (OnWebApplicationCondition)
      - @ConditionalOnMissingBean (types: org.springframework.data.web.PageableHandlerMethodArgumentResolver; SearchStrategy: all) did not find any beans (OnBeanCondition)

   DataWebAutoConfiguration#pageableCustomizer matched:
      - @ConditionalOnMissingBean (types: org.springframework.data.web.config.PageableHandlerMethodArgumentResolverCustomizer; SearchStrategy: all) did not find any beans (OnBeanCondition)

   DataWebAutoConfiguration#sortCustomizer matched:
      - @ConditionalOnMissingBean (types: org.springframework.data.web.config.SortHandlerMethodArgumentResolverCustomizer; SearchStrategy: all) did not find any beans (OnBeanCondition)

   DataWebAutoConfiguration#springDataWebSettings matched:
      - @ConditionalOnMissingBean (types: org.springframework.data.web.config.SpringDataWebSettings; SearchStrategy: all) did not find any beans (OnBeanCondition)

   DefaultTaskSchedulerConfiguration matched:
      - @ConditionalOnMissingBean (names: taskScheduler; SearchStrategy: all) did not find any beans (OnBeanCondition)

   DefaultTaskSchedulerConfiguration#taskScheduler matched:
      - @ConditionalOnBean (types: org.springframework.boot.task.ThreadPoolTaskSchedulerBuilder; SearchStrategy: all) found bean 'threadPoolTaskSchedulerBuilder' (OnBeanCondition)
      - @ConditionalOnThreading found PLATFORM (OnThreadingCondition)

   DispatcherServletAutoConfiguration matched:
      - @ConditionalOnClass found required class 'org.springframework.web.servlet.DispatcherServlet' (OnClassCondition)
      - found 'session' scope (OnWebApplicationCondition)

   DispatcherServletAutoConfiguration.DispatcherServletConfiguration matched:
      - @ConditionalOnClass found required class 'jakarta.servlet.ServletRegistration' (OnClassCondition)
      - Default DispatcherServlet did not find dispatcher servlet beans (DispatcherServletAutoConfiguration.DefaultDispatcherServletCondition)

   DispatcherServletAutoConfiguration.DispatcherServletRegistrationConfiguration matched:
      - @ConditionalOnClass found required class 'jakarta.servlet.ServletRegistration' (OnClassCondition)
      - DispatcherServlet Registration did not find servlet registration bean (DispatcherServletAutoConfiguration.DispatcherServletRegistrationCondition)

   DispatcherServletAutoConfiguration.DispatcherServletRegistrationConfiguration#dispatcherServletRegistration matched:
      - @ConditionalOnBean (names: dispatcherServlet types: org.springframework.web.servlet.DispatcherServlet; SearchStrategy: all) found bean 'dispatcherServlet' (OnBeanCondition)

   ErrorMvcAutoConfiguration matched:
      - @ConditionalOnClass found required classes 'jakarta.servlet.Servlet', 'org.springframework.web.servlet.DispatcherServlet' (OnClassCondition)
      - found 'session' scope (OnWebApplicationCondition)

   ErrorMvcAutoConfiguration#basicErrorController matched:
      - @ConditionalOnMissingBean (types: org.springframework.boot.webmvc.error.ErrorController; SearchStrategy: current) did not find any beans (OnBeanCondition)

   ErrorMvcAutoConfiguration#errorAttributes matched:
      - @ConditionalOnMissingBean (types: org.springframework.boot.webmvc.error.ErrorAttributes; SearchStrategy: current) did not find any beans (OnBeanCondition)

   ErrorMvcAutoConfiguration.DefaultErrorViewResolverConfiguration#conventionErrorViewResolver matched:
      - @ConditionalOnBean (types: org.springframework.web.servlet.DispatcherServlet; SearchStrategy: all) found bean 'dispatcherServlet'; @ConditionalOnMissingBean (types: org.springframework.boot.webmvc.autoconfigure.error.ErrorViewResolver; SearchStrategy: all) did not find any beans (OnBeanCondition)

   ErrorMvcAutoConfiguration.WhitelabelErrorViewConfiguration matched:
      - @ConditionalOnBooleanProperty (spring.web.error.whitelabel.enabled=true) matched (OnPropertyCondition)
      - ErrorTemplate Missing did not find error template view (ErrorMvcAutoConfiguration.ErrorTemplateMissingCondition)

   ErrorMvcAutoConfiguration.WhitelabelErrorViewConfiguration#beanNameViewResolver matched:
      - @ConditionalOnMissingBean (types: org.springframework.web.servlet.view.BeanNameViewResolver; SearchStrategy: all) did not find any beans (OnBeanCondition)

   ErrorMvcAutoConfiguration.WhitelabelErrorViewConfiguration#defaultErrorView matched:
      - @ConditionalOnMissingBean (names: error; SearchStrategy: all) did not find any beans (OnBeanCondition)

   HibernateJpaAutoConfiguration matched:
      - @ConditionalOnClass found required classes 'org.springframework.orm.jpa.LocalContainerEntityManagerFactoryBean', 'jakarta.persistence.EntityManager', 'org.hibernate.engine.spi.SessionImplementor' (OnClassCondition)

   HibernateJpaConfiguration matched:
      - @ConditionalOnSingleCandidate (types: javax.sql.DataSource; SearchStrategy: all) found a single bean 'dataSource' (OnBeanCondition)

   HttpEncodingAutoConfiguration matched:
      - @ConditionalOnClass found required class 'org.springframework.web.filter.CharacterEncodingFilter' (OnClassCondition)
      - found 'session' scope (OnWebApplicationCondition)
      - @ConditionalOnBooleanProperty (spring.servlet.encoding.enabled=true) matched (OnPropertyCondition)

   HttpEncodingAutoConfiguration#characterEncodingFilter matched:
      - @ConditionalOnMissingBean (types: org.springframework.web.filter.CharacterEncodingFilter; SearchStrategy: all) did not find any beans (OnBeanCondition)

   HttpMessageConvertersAutoConfiguration matched:
      - @ConditionalOnClass found required class 'org.springframework.http.converter.HttpMessageConverter' (OnClassCondition)
      - NoneNestedConditions 0 matched 1 did not; NestedCondition on HttpMessageConvertersAutoConfiguration.NotReactiveWebApplicationCondition.ReactiveWebApplication did not find reactive web application classes (HttpMessageConvertersAutoConfiguration.NotReactiveWebApplicationCondition)

   HttpMessageConvertersAutoConfiguration.StringHttpMessageConverterConfiguration#stringHttpMessageConvertersCustomizer matched:
      - @ConditionalOnMissingBean (types: org.springframework.http.converter.StringHttpMessageConverter; SearchStrategy: all) did not find any beans (OnBeanCondition)

   JacksonAutoConfiguration matched:
      - @ConditionalOnClass found required class 'tools.jackson.databind.json.JsonMapper' (OnClassCondition)

   JacksonAutoConfiguration#jacksonJsonMapper matched:
      - @ConditionalOnMissingBean (types: tools.jackson.databind.json.JsonMapper; SearchStrategy: all) did not find any beans (OnBeanCondition)

   JacksonAutoConfiguration#jsonFactory matched:
      - @ConditionalOnMissingBean (types: tools.jackson.core.json.JsonFactory; SearchStrategy: all) did not find any beans (OnBeanCondition)

   JacksonAutoConfiguration#jsonMapperBuilder matched:
      - @ConditionalOnMissingBean (types: tools.jackson.databind.json.JsonMapper$Builder; SearchStrategy: all) did not find any beans (OnBeanCondition)

   JacksonAutoConfiguration.JsonProblemDetailsConfiguration matched:
      - @ConditionalOnClass found required class 'org.springframework.http.ProblemDetail' (OnClassCondition)

   JacksonHttpMessageConvertersConfiguration.JacksonJsonHttpMessageConverterConfiguration matched:
      - @ConditionalOnClass found required class 'tools.jackson.databind.json.JsonMapper' (OnClassCondition)
      - @ConditionalOnProperty (spring.http.converters.preferred-json-mapper=jackson) matched (OnPropertyCondition)
      - @ConditionalOnBean (types: tools.jackson.databind.json.JsonMapper; SearchStrategy: all) found bean 'jacksonJsonMapper' (OnBeanCondition)

   JacksonHttpMessageConvertersConfiguration.JacksonJsonHttpMessageConverterConfiguration#jacksonJsonHttpMessageConvertersCustomizer matched:
      - @ConditionalOnMissingBean (types: org.springframework.http.converter.json.JacksonJsonHttpMessageConverter ignored: org.springframework.hateoas.server.mvc.TypeConstrainedJacksonJsonHttpMessageConverter,org.springframework.data.rest.webmvc.alps.AlpsJacksonJsonHttpMessageConverter; SearchStrategy: all) did not find any beans (OnBeanCondition)

   JdbcClientAutoConfiguration matched:
      - @ConditionalOnSingleCandidate (types: org.springframework.jdbc.core.namedparam.NamedParameterJdbcTemplate; SearchStrategy: all) found a single bean 'namedParameterJdbcTemplate'; @ConditionalOnMissingBean (types: org.springframework.jdbc.core.simple.JdbcClient; SearchStrategy: all) did not find any beans (OnBeanCondition)

   JdbcTemplateAutoConfiguration matched:
      - @ConditionalOnClass found required classes 'javax.sql.DataSource', 'org.springframework.jdbc.core.JdbcTemplate' (OnClassCondition)
      - @ConditionalOnSingleCandidate (types: javax.sql.DataSource; SearchStrategy: all) found a single bean 'dataSource' (OnBeanCondition)

   JdbcTemplateConfiguration matched:
      - @ConditionalOnMissingBean (types: org.springframework.jdbc.core.JdbcOperations; SearchStrategy: all) did not find any beans (OnBeanCondition)

   JpaBaseConfiguration#entityManagerFactory matched:
      - @ConditionalOnMissingBean (types: org.springframework.orm.jpa.LocalContainerEntityManagerFactoryBean,jakarta.persistence.EntityManagerFactory; SearchStrategy: all) did not find any beans (OnBeanCondition)

   JpaBaseConfiguration#entityManagerFactoryBuilder matched:
      - @ConditionalOnMissingBean (types: org.springframework.boot.jpa.EntityManagerFactoryBuilder; SearchStrategy: all) did not find any beans (OnBeanCondition)

   JpaBaseConfiguration#jpaVendorAdapter matched:
      - @ConditionalOnMissingBean (types: org.springframework.orm.jpa.JpaVendorAdapter; SearchStrategy: all) did not find any beans (OnBeanCondition)

   JpaBaseConfiguration#transactionManager matched:
      - @ConditionalOnMissingBean (types: org.springframework.transaction.TransactionManager; SearchStrategy: all) did not find any beans (OnBeanCondition)

   JpaBaseConfiguration.PersistenceManagedTypesConfiguration matched:
      - @ConditionalOnMissingBean (types: org.springframework.orm.jpa.LocalContainerEntityManagerFactoryBean,jakarta.persistence.EntityManagerFactory; SearchStrategy: all) did not find any beans (OnBeanCondition)

   JpaBaseConfiguration.PersistenceManagedTypesConfiguration#persistenceManagedTypes matched:
      - @ConditionalOnMissingBean (types: org.springframework.orm.jpa.persistenceunit.PersistenceManagedTypes; SearchStrategy: all) did not find any beans (OnBeanCondition)

   JtaAutoConfiguration matched:
      - @ConditionalOnClass found required class 'jakarta.transaction.Transaction' (OnClassCondition)
      - @ConditionalOnBooleanProperty (spring.jta.enabled=true) matched (OnPropertyCondition)

   LifecycleAutoConfiguration#defaultLifecycleProcessor matched:
      - @ConditionalOnMissingBean (names: lifecycleProcessor; SearchStrategy: current) did not find any beans (OnBeanCondition)

   MailSenderAutoConfiguration matched:
      - @ConditionalOnClass found required classes 'jakarta.mail.internet.MimeMessage', 'jakarta.activation.MimeType', 'org.springframework.mail.MailSender' (OnClassCondition)
      - AnyNestedCondition 1 matched 1 did not; NestedCondition on MailSenderAutoConfiguration.MailSenderCondition.JndiNameProperty @ConditionalOnProperty (spring.mail.jndi-name) did not find property 'spring.mail.jndi-name'; NestedCondition on MailSenderAutoConfiguration.MailSenderCondition.HostProperty @ConditionalOnProperty (spring.mail.host) matched (MailSenderAutoConfiguration.MailSenderCondition)
      - @ConditionalOnMissingBean (types: org.springframework.mail.MailSender; SearchStrategy: all) did not find any beans (OnBeanCondition)

   MailSenderPropertiesConfiguration matched:
      - @ConditionalOnProperty (spring.mail.host) matched (OnPropertyCondition)

   MailSenderPropertiesConfiguration#mailSender matched:
      - @ConditionalOnMissingBean (types: org.springframework.mail.javamail.JavaMailSender; SearchStrategy: all) did not find any beans (OnBeanCondition)

   MultipartAutoConfiguration matched:
      - @ConditionalOnClass found required classes 'jakarta.servlet.Servlet', 'org.springframework.web.multipart.support.StandardServletMultipartResolver', 'jakarta.servlet.MultipartConfigElement' (OnClassCondition)
      - found 'session' scope (OnWebApplicationCondition)
      - @ConditionalOnBooleanProperty (spring.servlet.multipart.enabled=true) matched (OnPropertyCondition)

   MultipartAutoConfiguration#multipartConfigElement matched:
      - @ConditionalOnMissingBean (types: jakarta.servlet.MultipartConfigElement; SearchStrategy: all) did not find any beans (OnBeanCondition)

   MultipartAutoConfiguration#multipartResolver matched:
      - @ConditionalOnMissingBean (types: org.springframework.web.multipart.MultipartResolver; SearchStrategy: all) did not find any beans (OnBeanCondition)

   NamedParameterJdbcTemplateConfiguration matched:
      - @ConditionalOnSingleCandidate (types: org.springframework.jdbc.core.JdbcTemplate; SearchStrategy: all) found a single bean 'jdbcTemplate'; @ConditionalOnMissingBean (types: org.springframework.jdbc.core.namedparam.NamedParameterJdbcOperations; SearchStrategy: all) did not find any beans (OnBeanCondition)

   PersistenceExceptionTranslationAutoConfiguration matched:
      - @ConditionalOnClass found required class 'org.springframework.dao.annotation.PersistenceExceptionTranslationPostProcessor' (OnClassCondition)

   PersistenceExceptionTranslationAutoConfiguration#persistenceExceptionTranslationPostProcessor matched:
      - @ConditionalOnBooleanProperty (spring.persistence.exceptiontranslation.enabled=true) matched (OnPropertyCondition)
      - @ConditionalOnMissingBean (types: org.springframework.dao.annotation.PersistenceExceptionTranslationPostProcessor; SearchStrategy: all) did not find any beans (OnBeanCondition)

   PropertyPlaceholderAutoConfiguration#propertySourcesPlaceholderConfigurer matched:
      - @ConditionalOnMissingBean (types: org.springframework.context.support.PropertySourcesPlaceholderConfigurer; SearchStrategy: current) did not find any beans (OnBeanCondition)

   SecurityAutoConfiguration matched:
      - @ConditionalOnClass found required class 'org.springframework.security.authentication.DefaultAuthenticationEventPublisher' (OnClassCondition)

   SecurityAutoConfiguration#authenticationEventPublisher matched:
      - @ConditionalOnMissingBean (types: org.springframework.security.authentication.AuthenticationEventPublisher; SearchStrategy: all) did not find any beans (OnBeanCondition)

   SecurityFilterAutoConfiguration matched:
      - @ConditionalOnClass found required classes 'org.springframework.security.web.context.AbstractSecurityWebApplicationInitializer', 'org.springframework.security.config.http.SessionCreationPolicy' (OnClassCondition)
      - found 'session' scope (OnWebApplicationCondition)

   SecurityFilterAutoConfiguration#securityFilterChainRegistration matched:
      - @ConditionalOnBean (names: springSecurityFilterChain; SearchStrategy: all) found bean 'springSecurityFilterChain' (OnBeanCondition)

   ServletWebSecurityAutoConfiguration matched:
      - @ConditionalOnClass found required class 'org.springframework.security.config.annotation.web.configuration.EnableWebSecurity' (OnClassCondition)
      - found 'session' scope (OnWebApplicationCondition)

   ServletWebSecurityAutoConfiguration.EnableWebSecurityConfiguration matched:
      - @ConditionalOnClass found required class 'org.springframework.security.config.annotation.web.configuration.EnableWebSecurity' (OnClassCondition)
      - @ConditionalOnMissingBean (names: springSecurityFilterChain; SearchStrategy: all) did not find any beans (OnBeanCondition)

   ServletWebSecurityAutoConfiguration.PathPatternRequestMatcherBuilderConfiguration matched:
      - @ConditionalOnClass found required class 'org.springframework.boot.webmvc.autoconfigure.DispatcherServletPath' (OnClassCondition)
      - @ConditionalOnBean (types: org.springframework.boot.webmvc.autoconfigure.DispatcherServletPath; SearchStrategy: all) found bean 'dispatcherServletRegistration' (OnBeanCondition)

   ServletWebSecurityAutoConfiguration.PathPatternRequestMatcherBuilderConfiguration#pathPatternRequestMatcherBuilder matched:
      - @ConditionalOnMissingBean (types: org.springframework.security.web.servlet.util.matcher.PathPatternRequestMatcher$Builder; SearchStrategy: all) did not find any beans (OnBeanCondition)

   SslAutoConfiguration#sslBundleRegistry matched:
      - @ConditionalOnMissingBean (types: org.springframework.boot.ssl.SslBundleRegistry,org.springframework.boot.ssl.SslBundles; SearchStrategy: all) did not find any beans (OnBeanCondition)

   TaskExecutionAutoConfiguration matched:
      - @ConditionalOnClass found required class 'org.springframework.scheduling.concurrent.ThreadPoolTaskExecutor' (OnClassCondition)

   TaskExecutorConfigurations.AsyncConfigurerConfiguration matched:
      - @ConditionalOnMissingBean (types: org.springframework.scheduling.annotation.AsyncConfigurer; SearchStrategy: all) did not find any beans (OnBeanCondition)

   TaskExecutorConfigurations.SimpleAsyncTaskExecutorBuilderConfiguration#simpleAsyncTaskExecutorBuilder matched:
      - @ConditionalOnMissingBean (types: org.springframework.boot.task.SimpleAsyncTaskExecutorBuilder; SearchStrategy: all) did not find any beans (OnBeanCondition)
      - @ConditionalOnThreading found PLATFORM (OnThreadingCondition)

   TaskExecutorConfigurations.TaskExecutorConfiguration matched:
      - AnyNestedCondition 1 matched 1 did not; NestedCondition on TaskExecutorConfigurations.OnExecutorCondition.ModelCondition @ConditionalOnProperty (spring.task.execution.mode=force) did not find property 'spring.task.execution.mode'; NestedCondition on TaskExecutorConfigurations.OnExecutorCondition.ExecutorBeanCondition @ConditionalOnMissingBean (types: java.util.concurrent.Executor; SearchStrategy: all) did not find any beans (TaskExecutorConfigurations.OnExecutorCondition)

   TaskExecutorConfigurations.TaskExecutorConfiguration#applicationTaskExecutor matched:
      - @ConditionalOnThreading found PLATFORM (OnThreadingCondition)

   TaskExecutorConfigurations.ThreadPoolTaskExecutorBuilderConfiguration#threadPoolTaskExecutorBuilder matched:
      - @ConditionalOnMissingBean (types: org.springframework.boot.task.ThreadPoolTaskExecutorBuilder; SearchStrategy: all) did not find any beans (OnBeanCondition)

   TaskSchedulingAutoConfiguration matched:
      - @ConditionalOnClass found required class 'org.springframework.scheduling.concurrent.ThreadPoolTaskScheduler' (OnClassCondition)

   TaskSchedulingAutoConfiguration#scheduledBeanLazyInitializationExcludeFilter matched:
      - @ConditionalOnBean (names: org.springframework.scheduling.config.internalScheduledAnnotationProcessor; SearchStrategy: all) found bean 'org.springframework.scheduling.config.internalScheduledAnnotationProcessor' (OnBeanCondition)

   TaskSchedulingConfigurations.SimpleAsyncTaskSchedulerBuilderConfiguration#simpleAsyncTaskSchedulerBuilder matched:
      - @ConditionalOnMissingBean (types: org.springframework.boot.task.SimpleAsyncTaskSchedulerBuilder; SearchStrategy: all) did not find any beans (OnBeanCondition)
      - @ConditionalOnThreading found PLATFORM (OnThreadingCondition)

   TaskSchedulingConfigurations.TaskSchedulerConfiguration matched:
      - @ConditionalOnBean (names: org.springframework.scheduling.config.internalScheduledAnnotationProcessor; SearchStrategy: all) found bean 'org.springframework.scheduling.config.internalScheduledAnnotationProcessor'; @ConditionalOnMissingBean (types: org.springframework.scheduling.TaskScheduler,java.util.concurrent.ScheduledExecutorService; SearchStrategy: all) did not find any beans (OnBeanCondition)

   TaskSchedulingConfigurations.ThreadPoolTaskSchedulerBuilderConfiguration#threadPoolTaskSchedulerBuilder matched:
      - @ConditionalOnMissingBean (types: org.springframework.boot.task.ThreadPoolTaskSchedulerBuilder; SearchStrategy: all) did not find any beans (OnBeanCondition)

   TomcatServletWebServerAutoConfiguration matched:
      - @ConditionalOnClass found required classes 'jakarta.servlet.ServletRequest', 'org.apache.catalina.startup.Tomcat', 'org.apache.coyote.UpgradeProtocol', 'org.springframework.boot.tomcat.servlet.TomcatServletWebServerFactory' (OnClassCondition)
      - found 'session' scope (OnWebApplicationCondition)

   TomcatServletWebServerAutoConfiguration#tomcatServletWebServerFactory matched:
      - @ConditionalOnMissingBean (types: org.springframework.boot.web.server.servlet.ServletWebServerFactory; SearchStrategy: current) did not find any beans (OnBeanCondition)

   TomcatWebServerConfiguration matched:
      - @ConditionalOnWarDeployment the application is not deployed as a WAR file. (OnWarDeploymentCondition)

   TomcatWebServerConfiguration.TomcatWebSocketConfiguration matched:
      - @ConditionalOnClass found required class 'org.apache.tomcat.websocket.server.WsSci' (OnClassCondition)

   TransactionAutoConfiguration matched:
      - @ConditionalOnClass found required class 'org.springframework.transaction.PlatformTransactionManager' (OnClassCondition)

   TransactionAutoConfiguration.EnableTransactionManagementConfiguration matched:
      - @ConditionalOnBean (types: org.springframework.transaction.TransactionManager; SearchStrategy: all) found bean 'transactionManager'; @ConditionalOnMissingBean (types: org.springframework.transaction.annotation.AbstractTransactionManagementConfiguration; SearchStrategy: all) did not find any beans (OnBeanCondition)

   TransactionAutoConfiguration.EnableTransactionManagementConfiguration.CglibAutoProxyConfiguration matched:
      - @ConditionalOnBooleanProperty (spring.aop.proxy-target-class=true) matched (OnPropertyCondition)

   TransactionAutoConfiguration.TransactionTemplateConfiguration matched:
      - @ConditionalOnSingleCandidate (types: org.springframework.transaction.PlatformTransactionManager; SearchStrategy: all) found a single bean 'transactionManager' (OnBeanCondition)

   TransactionAutoConfiguration.TransactionTemplateConfiguration#transactionTemplate matched:
      - @ConditionalOnMissingBean (types: org.springframework.transaction.support.TransactionOperations; SearchStrategy: all) did not find any beans (OnBeanCondition)

   TransactionManagerCustomizationAutoConfiguration matched:
      - @ConditionalOnClass found required class 'org.springframework.transaction.PlatformTransactionManager' (OnClassCondition)

   TransactionManagerCustomizationAutoConfiguration#platformTransactionManagerCustomizers matched:
      - @ConditionalOnMissingBean (types: org.springframework.boot.transaction.autoconfigure.TransactionManagerCustomizers; SearchStrategy: all) did not find any beans (OnBeanCondition)

   UserDetailsServiceAutoConfiguration matched:
      - @ConditionalOnClass found required class 'org.springframework.security.authentication.AuthenticationManager' (OnClassCondition)
      - found 'session' scope (OnWebApplicationCondition)
      - AnyNestedCondition 1 matched 2 did not; NestedCondition on MissingAlternativeUserDetailsManagerOrUserPropertiesConfigured.PasswordConfigured @ConditionalOnProperty (spring.security.user.password) did not find property 'spring.security.user.password'; NestedCondition on MissingAlternativeUserDetailsManagerOrUserPropertiesConfigured.NameConfigured @ConditionalOnProperty (spring.security.user.name) did not find property 'spring.security.user.name'; NestedCondition on MissingAlternativeUserDetailsManagerOrUserPropertiesConfigured.MissingAlternative @ConditionalOnMissingClass did not find unwanted classes 'org.springframework.security.oauth2.client.registration.ClientRegistrationRepository', 'org.springframework.security.oauth2.server.resource.introspection.OpaqueTokenIntrospector', 'org.springframework.security.saml2.provider.service.registration.RelyingPartyRegistrationRepository' (MissingAlternativeUserDetailsManagerOrUserPropertiesConfigured)
      - @ConditionalOnMissingBean (types: org.springframework.security.authentication.AuthenticationManager,org.springframework.security.authentication.AuthenticationProvider,org.springframework.security.core.userdetails.UserDetailsService,org.springframework.security.authentication.AuthenticationManagerResolver,org.springframework.security.oauth2.jwt.JwtDecoder; SearchStrategy: all) did not find any beans (OnBeanCondition)

   ValidationAutoConfiguration matched:
      - @ConditionalOnClass found required class 'jakarta.validation.executable.ExecutableValidator' (OnClassCondition)
      - @ConditionalOnResource found location classpath:META-INF/services/jakarta.validation.spi.ValidationProvider (OnResourceCondition)

   ValidationAutoConfiguration#defaultValidator matched:
      - @ConditionalOnMissingBean (types: jakarta.validation.Validator; SearchStrategy: all) did not find any beans (OnBeanCondition)

   ValidationAutoConfiguration#methodValidationPostProcessor matched:
      - @ConditionalOnMissingBean (types: org.springframework.validation.beanvalidation.MethodValidationPostProcessor; SearchStrategy: current) did not find any beans (OnBeanCondition)

   WebMvcAutoConfiguration matched:
      - @ConditionalOnClass found required classes 'jakarta.servlet.Servlet', 'org.springframework.web.servlet.DispatcherServlet', 'org.springframework.web.servlet.config.annotation.WebMvcConfigurer' (OnClassCondition)
      - found 'session' scope (OnWebApplicationCondition)
      - @ConditionalOnMissingBean (types: org.springframework.web.servlet.config.annotation.WebMvcConfigurationSupport; SearchStrategy: all) did not find any beans (OnBeanCondition)

   WebMvcAutoConfiguration#formContentFilter matched:
      - @ConditionalOnBooleanProperty (spring.mvc.formcontent.filter.enabled=true) matched (OnPropertyCondition)
      - @ConditionalOnMissingBean (types: org.springframework.web.filter.FormContentFilter; SearchStrategy: all) did not find any beans (OnBeanCondition)

   WebMvcAutoConfiguration.EnableWebMvcConfiguration#flashMapManager matched:
      - @ConditionalOnMissingBean (names: flashMapManager; SearchStrategy: all) did not find any beans (OnBeanCondition)

   WebMvcAutoConfiguration.EnableWebMvcConfiguration#localeResolver matched:
      - @ConditionalOnMissingBean (names: localeResolver; SearchStrategy: all) did not find any beans (OnBeanCondition)

   WebMvcAutoConfiguration.EnableWebMvcConfiguration#viewNameTranslator matched:
      - @ConditionalOnMissingBean (names: viewNameTranslator; SearchStrategy: all) did not find any beans (OnBeanCondition)

   WebMvcAutoConfiguration.WebMvcAutoConfigurationAdapter#defaultViewResolver matched:
      - @ConditionalOnMissingBean (types: org.springframework.web.servlet.view.InternalResourceViewResolver; SearchStrategy: all) did not find any beans (OnBeanCondition)

   WebMvcAutoConfiguration.WebMvcAutoConfigurationAdapter#requestContextFilter matched:
      - @ConditionalOnMissingBean (types: org.springframework.web.context.request.RequestContextListener,org.springframework.web.filter.RequestContextFilter; SearchStrategy: all) did not find any beans (OnBeanCondition)

   WebMvcAutoConfiguration.WebMvcAutoConfigurationAdapter#viewResolver matched:
      - @ConditionalOnBean (types: org.springframework.web.servlet.ViewResolver; SearchStrategy: all) found beans 'defaultViewResolver', 'beanNameViewResolver', 'mvcViewResolver'; @ConditionalOnMissingBean (names: viewResolver types: org.springframework.web.servlet.view.ContentNegotiatingViewResolver; SearchStrategy: all) did not find any beans (OnBeanCondition)


Negative matches:
-----------------

   AopAutoConfiguration.AspectJAutoProxyingConfiguration.JdkDynamicAutoProxyConfiguration:
      Did not match:
         - @ConditionalOnBooleanProperty (spring.aop.proxy-target-class=false) did not find property 'spring.aop.proxy-target-class' (OnPropertyCondition)

   AopAutoConfiguration.ClassProxyingConfiguration:
      Did not match:
         - @ConditionalOnMissingClass found unwanted class 'org.aspectj.weaver.Advice' (OnClassCondition)

   DataJpaRepositoriesAutoConfiguration#entityManagerFactoryBootstrapExecutorCustomizer:
      Did not match:
         - @ConditionalOnProperty (spring.data.jpa.repositories.bootstrap-mode=deferred) did not find property 'spring.data.jpa.repositories.bootstrap-mode' (OnPropertyCondition)

   DataRepositoryMetricsAutoConfiguration:
      Did not match:
         - @ConditionalOnBean did not find required type 'io.micrometer.core.instrument.MeterRegistry' (OnBeanCondition)

   DataSourceAutoConfiguration.EmbeddedDatabaseConfiguration:
      Did not match:
         - EmbeddedDataSource spring.datasource.url is set (DataSourceAutoConfiguration.EmbeddedDatabaseCondition)

   DataSourceCheckpointRestoreConfiguration:
      Did not match:
         - @ConditionalOnClass did not find required class 'org.crac.Resource' (OnClassCondition)

   DataSourceConfiguration.Dbcp2:
      Did not match:
         - @ConditionalOnClass did not find required class 'org.apache.commons.dbcp2.BasicDataSource' (OnClassCondition)

   DataSourceConfiguration.Generic:
      Did not match:
         - @ConditionalOnProperty (spring.datasource.type) did not find property 'spring.datasource.type' (OnPropertyCondition)

   DataSourceConfiguration.OracleUcp:
      Did not match:
         - @ConditionalOnClass did not find required classes 'oracle.ucp.jdbc.PoolDataSourceImpl', 'oracle.jdbc.OracleConnection' (OnClassCondition)

   DataSourceConfiguration.Tomcat:
      Did not match:
         - @ConditionalOnClass did not find required class 'org.apache.tomcat.jdbc.pool.DataSource' (OnClassCondition)

   DataSourceHealthContributorAutoConfiguration:
      Did not match:
         - @ConditionalOnClass did not find required class 'org.springframework.boot.health.autoconfigure.contributor.ConditionalOnEnabledHealthIndicator' (OnClassCondition)

   DataSourceJmxConfiguration:
      Did not match:
         - @ConditionalOnBooleanProperty (spring.jmx.enabled=true) did not find property 'spring.jmx.enabled' (OnPropertyCondition)

   DataSourcePoolMetadataProvidersConfiguration.CommonsDbcp2PoolDataSourceMetadataProviderConfiguration:
      Did not match:
         - @ConditionalOnClass did not find required class 'org.apache.commons.dbcp2.BasicDataSource' (OnClassCondition)

   DataSourcePoolMetadataProvidersConfiguration.OracleUcpPoolDataSourceMetadataProviderConfiguration:
      Did not match:
         - @ConditionalOnClass did not find required classes 'oracle.ucp.jdbc.PoolDataSource', 'oracle.jdbc.OracleConnection' (OnClassCondition)

   DataSourcePoolMetadataProvidersConfiguration.TomcatDataSourcePoolMetadataProviderConfiguration:
      Did not match:
         - @ConditionalOnClass did not find required class 'org.apache.tomcat.jdbc.pool.DataSource' (OnClassCondition)

   DataSourcePoolMetricsAutoConfiguration:
      Did not match:
         - @ConditionalOnClass did not find required class 'io.micrometer.core.instrument.MeterRegistry' (OnClassCondition)

   DataSourceTransactionManagerAutoConfiguration.JdbcTransactionManagerConfiguration#transactionManager:
      Did not match:
         - @ConditionalOnMissingBean (types: org.springframework.transaction.TransactionManager; SearchStrategy: all) found beans of type 'org.springframework.transaction.TransactionManager' transactionManager (OnBeanCondition)

   DefaultTaskSchedulerConfiguration#taskSchedulerVirtualThreads:
      Did not match:
         - @ConditionalOnThreading did not find VIRTUAL (OnThreadingCondition)
      Matched:
         - @ConditionalOnBean (types: org.springframework.boot.task.SimpleAsyncTaskSchedulerBuilder; SearchStrategy: all) found bean 'simpleAsyncTaskSchedulerBuilder' (OnBeanCondition)

   DispatcherServletAutoConfiguration.DispatcherServletConfiguration#multipartResolver:
      Did not match:
         - @ConditionalOnBean (types: org.springframework.web.multipart.MultipartResolver; SearchStrategy: all) did not find any beans of type org.springframework.web.multipart.MultipartResolver (OnBeanCondition)

   GsonHttpMessageConvertersConfiguration:
      Did not match:
         - @ConditionalOnClass did not find required class 'com.google.gson.Gson' (OnClassCondition)

   HibernateMetricsAutoConfiguration:
      Did not match:
         - @ConditionalOnClass did not find required class 'io.micrometer.core.instrument.MeterRegistry' (OnClassCondition)

   Jackson2HttpMessageConvertersConfiguration.MappingJackson2HttpMessageConverterConfiguration:
      Did not match:
         - @ConditionalOnClass did not find required class 'com.fasterxml.jackson.databind.ObjectMapper' (OnClassCondition)

   Jackson2HttpMessageConvertersConfiguration.MappingJackson2XmlHttpMessageConverterConfiguration:
      Did not match:
         - @ConditionalOnClass did not find required class 'com.fasterxml.jackson.dataformat.xml.XmlMapper' (OnClassCondition)

   JacksonAutoConfiguration.CborConfiguration:
      Did not match:
         - @ConditionalOnClass did not find required class 'tools.jackson.dataformat.cbor.CBORMapper' (OnClassCondition)

   JacksonAutoConfiguration.XmlConfiguration:
      Did not match:
         - @ConditionalOnClass did not find required class 'tools.jackson.dataformat.xml.XmlMapper' (OnClassCondition)

   JacksonHttpMessageConvertersConfiguration.JacksonXmlHttpMessageConverterConfiguration:
      Did not match:
         - @ConditionalOnClass did not find required class 'tools.jackson.dataformat.xml.XmlMapper' (OnClassCondition)

   JmxAutoConfiguration:
      Did not match:
         - @ConditionalOnBooleanProperty (spring.jmx.enabled=true) did not find property 'spring.jmx.enabled' (OnPropertyCondition)
      Matched:
         - @ConditionalOnClass found required class 'org.springframework.jmx.export.MBeanExporter' (OnClassCondition)

   JndiDataSourceAutoConfiguration:
      Did not match:
         - @ConditionalOnProperty (spring.datasource.jndi-name) did not find property 'spring.datasource.jndi-name' (OnPropertyCondition)
      Matched:
         - @ConditionalOnClass found required classes 'javax.sql.DataSource', 'org.springframework.jdbc.datasource.embedded.EmbeddedDatabaseType' (OnClassCondition)

   JndiJtaConfiguration:
      Did not match:
         - @ConditionalOnJndi JNDI environment is not available (OnJndiCondition)
      Matched:
         - @ConditionalOnClass found required class 'org.springframework.transaction.jta.JtaTransactionManager' (OnClassCondition)

   JpaBaseConfiguration.JpaWebConfiguration:
      Did not match:
         - @ConditionalOnBooleanProperty (spring.jpa.open-in-view=true) found different value in property 'spring.jpa.open-in-view' (OnPropertyCondition)
      Matched:
         - @ConditionalOnClass found required class 'org.springframework.web.servlet.config.annotation.WebMvcConfigurer' (OnClassCondition)
         - found 'session' scope (OnWebApplicationCondition)

   JsonbHttpMessageConvertersConfiguration:
      Did not match:
         - @ConditionalOnClass did not find required class 'jakarta.json.bind.Jsonb' (OnClassCondition)

   KotlinSerializationHttpMessageConvertersConfiguration:
      Did not match:
         - @ConditionalOnClass did not find required classes 'kotlinx.serialization.Serializable', 'kotlinx.serialization.json.Json' (OnClassCondition)

   LazyConnectionDataSourceConfiguration:
      Did not match:
         - @ConditionalOnProperty (spring.datasource.connection-fetch=lazy) did not find property 'spring.datasource.connection-fetch' (OnPropertyCondition)

   MailHealthContributorAutoConfiguration:
      Did not match:
         - @ConditionalOnClass did not find required class 'org.springframework.boot.health.autoconfigure.contributor.ConditionalOnEnabledHealthIndicator' (OnClassCondition)

   MailSenderJndiConfiguration:
      Did not match:
         - @ConditionalOnProperty (spring.mail.jndi-name) did not find property 'spring.mail.jndi-name' (OnPropertyCondition)
      Matched:
         - @ConditionalOnClass found required class 'jakarta.mail.Session' (OnClassCondition)

   MailSenderValidatorAutoConfiguration:
      Did not match:
         - @ConditionalOnBooleanProperty (spring.mail.test-connection=true) did not find property 'spring.mail.test-connection' (OnPropertyCondition)

   ManagementWebSecurityAutoConfiguration:
      Did not match:
         - @ConditionalOnClass did not find required class 'org.springframework.boot.actuate.autoconfigure.endpoint.web.WebEndpointAutoConfiguration' (OnClassCondition)

   MessageSourceAutoConfiguration:
      Did not match:
         - ResourceBundle did not find bundle with basename messages (MessageSourceAutoConfiguration.ResourceBundleCondition)

   ProjectInfoAutoConfiguration#buildProperties:
      Did not match:
         - @ConditionalOnResource did not find resource '${spring.info.build.location:classpath:META-INF/build-info.properties}' (OnResourceCondition)

   ProjectInfoAutoConfiguration#gitProperties:
      Did not match:
         - GitResource did not find git info at classpath:git.properties (ProjectInfoAutoConfiguration.GitResourceAvailableCondition)

   RSocketSecurityAutoConfiguration:
      Did not match:
         - @ConditionalOnClass did not find required class 'org.springframework.boot.rsocket.server.RSocketServerCustomizer' (OnClassCondition)

   ReactiveManagementWebSecurityAutoConfiguration:
      Did not match:
         - @ConditionalOnClass did not find required class 'org.springframework.boot.actuate.autoconfigure.endpoint.web.WebEndpointAutoConfiguration' (OnClassCondition)

   ReactiveUserDetailsServiceAutoConfiguration:
      Did not match:
         - AnyNestedCondition 0 matched 2 did not; NestedCondition on ReactiveUserDetailsServiceAutoConfiguration.RSocketEnabledOrReactiveWebApplication.ReactiveWebApplicationCondition did not find reactive web application classes; NestedCondition on ReactiveUserDetailsServiceAutoConfiguration.RSocketEnabledOrReactiveWebApplication.RSocketSecurityEnabledCondition @ConditionalOnBean (types: org.springframework.messaging.rsocket.annotation.support.RSocketMessageHandler; SearchStrategy: all) did not find any beans of type org.springframework.messaging.rsocket.annotation.support.RSocketMessageHandler (ReactiveUserDetailsServiceAutoConfiguration.RSocketEnabledOrReactiveWebApplication)
      Matched:
         - @ConditionalOnClass found required class 'org.springframework.security.authentication.ReactiveAuthenticationManager' (OnClassCondition)
         - AnyNestedCondition 1 matched 2 did not; NestedCondition on MissingAlternativeUserDetailsManagerOrUserPropertiesConfigured.PasswordConfigured @ConditionalOnProperty (spring.security.user.password) did not find property 'spring.security.user.password'; NestedCondition on MissingAlternativeUserDetailsManagerOrUserPropertiesConfigured.NameConfigured @ConditionalOnProperty (spring.security.user.name) did not find property 'spring.security.user.name'; NestedCondition on MissingAlternativeUserDetailsManagerOrUserPropertiesConfigured.MissingAlternative @ConditionalOnMissingClass did not find unwanted classes 'org.springframework.security.oauth2.client.registration.ClientRegistrationRepository', 'org.springframework.security.oauth2.server.resource.introspection.OpaqueTokenIntrospector', 'org.springframework.security.saml2.provider.service.registration.RelyingPartyRegistrationRepository' (MissingAlternativeUserDetailsManagerOrUserPropertiesConfigured)

   ReactiveWebSecurityAutoConfiguration:
      Did not match:
         - @ConditionalOnClass did not find required class 'reactor.core.publisher.Flux' (OnClassCondition)

   SecurityAutoConfiguration.SecurityDataConfiguration:
      Did not match:
         - @ConditionalOnClass did not find required class 'org.springframework.security.data.repository.query.SecurityEvaluationContextExtension' (OnClassCondition)

   ServletHttpExchangesAutoConfiguration:
      Did not match:
         - @ConditionalOnBean did not find required type 'org.springframework.boot.actuate.web.exchanges.HttpExchangeRepository' (OnBeanCondition)

   ServletManagementContextAutoConfiguration:
      Did not match:
         - @ConditionalOnClass did not find required class 'org.springframework.boot.actuate.autoconfigure.endpoint.web.WebEndpointProperties' (OnClassCondition)

   ServletMappingsAutoConfiguration:
      Did not match:
         - @ConditionalOnClass did not find required class 'org.springframework.boot.actuate.autoconfigure.endpoint.condition.ConditionalOnAvailableEndpoint' (OnClassCondition)

   ServletWebSecurityAutoConfiguration.SecurityFilterChainConfiguration:
      Did not match:
         - AllNestedConditions 1 matched 1 did not; NestedCondition on DefaultWebSecurityCondition.Beans @ConditionalOnMissingBean (types: org.springframework.security.web.SecurityFilterChain; SearchStrategy: all) found beans of type 'org.springframework.security.web.SecurityFilterChain' securityFilterChain; NestedCondition on DefaultWebSecurityCondition.Classes @ConditionalOnClass found required classes 'org.springframework.security.web.SecurityFilterChain', 'org.springframework.security.config.annotation.web.builders.HttpSecurity' (DefaultWebSecurityCondition)

   ServletWebServerConfiguration#forwardedHeaderFilter:
      Did not match:
         - @ConditionalOnProperty (server.forward-headers-strategy=framework) did not find property 'server.forward-headers-strategy' (OnPropertyCondition)

   SpringApplicationAdminJmxAutoConfiguration:
      Did not match:
         - @ConditionalOnBooleanProperty (spring.application.admin.enabled=true) did not find property 'spring.application.admin.enabled' (OnPropertyCondition)

   TaskExecutorConfigurations.AsyncConfigurerWrapperConfiguration:
      Did not match:
         - @ConditionalOnBean (types: org.springframework.scheduling.annotation.AsyncConfigurer; SearchStrategy: all) did not find any beans of type org.springframework.scheduling.annotation.AsyncConfigurer (OnBeanCondition)

   TaskExecutorConfigurations.SimpleAsyncTaskExecutorBuilderConfiguration#simpleAsyncTaskExecutorBuilderVirtualThreads:
      Did not match:
         - @ConditionalOnMissingBean (types: org.springframework.boot.task.SimpleAsyncTaskExecutorBuilder; SearchStrategy: all) found beans of type 'org.springframework.boot.task.SimpleAsyncTaskExecutorBuilder' simpleAsyncTaskExecutorBuilder (OnBeanCondition)

   TaskExecutorConfigurations.TaskExecutorConfiguration#applicationTaskExecutorVirtualThreads:
      Did not match:
         - @ConditionalOnThreading did not find VIRTUAL (OnThreadingCondition)

   TaskExecutorConfigurations.TaskExecutorContextPropagationConfiguration:
      Did not match:
         - @ConditionalOnClass did not find required class 'io.micrometer.context.ContextSnapshot' (OnClassCondition)

   TaskSchedulingConfigurations.SimpleAsyncTaskSchedulerBuilderConfiguration#simpleAsyncTaskSchedulerBuilderVirtualThreads:
      Did not match:
         - @ConditionalOnMissingBean (types: org.springframework.boot.task.SimpleAsyncTaskSchedulerBuilder; SearchStrategy: all) found beans of type 'org.springframework.boot.task.SimpleAsyncTaskSchedulerBuilder' simpleAsyncTaskSchedulerBuilder (OnBeanCondition)

   TomcatMetricsAutoConfiguration:
      Did not match:
         - @ConditionalOnClass did not find required class 'io.micrometer.core.instrument.binder.tomcat.TomcatMetrics' (OnClassCondition)

   TomcatReactiveManagementContextAutoConfiguration:
      Did not match:
         - @ConditionalOnClass did not find required class 'org.springframework.boot.actuate.autoconfigure.web.server.ManagementContextFactory' (OnClassCondition)

   TomcatReactiveWebServerAutoConfiguration:
      Did not match:
         - @ConditionalOnWebApplication did not find reactive web application classes (OnWebApplicationCondition)

   TomcatServletManagementContextAutoConfiguration:
      Did not match:
         - @ConditionalOnClass did not find required class 'org.springframework.boot.actuate.autoconfigure.web.server.ManagementContextFactory' (OnClassCondition)

   TomcatServletWebServerAutoConfiguration#tomcatForwardedHeaderFilterCustomizer:
      Did not match:
         - @ConditionalOnProperty (server.forward-headers-strategy=framework) did not find property 'server.forward-headers-strategy' (OnPropertyCondition)

   TomcatWebServerConfiguration#tomcatVirtualThreadsProtocolHandlerCustomizer:
      Did not match:
         - @ConditionalOnThreading did not find VIRTUAL (OnThreadingCondition)

   TransactionAutoConfiguration#transactionalOperator:
      Did not match:
         - @ConditionalOnSingleCandidate (types: org.springframework.transaction.ReactiveTransactionManager; SearchStrategy: all) did not find any beans (OnBeanCondition)

   TransactionAutoConfiguration.AspectJTransactionManagementConfiguration:
      Did not match:
         - @ConditionalOnBean (types: org.springframework.transaction.aspectj.AbstractTransactionAspect; SearchStrategy: all) did not find any beans of type org.springframework.transaction.aspectj.AbstractTransactionAspect (OnBeanCondition)

   TransactionAutoConfiguration.EnableTransactionManagementConfiguration.JdkDynamicAutoProxyConfiguration:
      Did not match:
         - @ConditionalOnBooleanProperty (spring.aop.proxy-target-class=false) did not find property 'spring.aop.proxy-target-class' (OnPropertyCondition)

   WebMvcAutoConfiguration#hiddenHttpMethodFilter:
      Did not match:
         - @ConditionalOnBooleanProperty (spring.mvc.hiddenmethod.filter.enabled=true) did not find property 'spring.mvc.hiddenmethod.filter.enabled' (OnPropertyCondition)

   WebMvcAutoConfiguration.ProblemDetailsErrorHandlingConfiguration:
      Did not match:
         - @ConditionalOnBooleanProperty (spring.mvc.problemdetails.enabled=true) did not find property 'spring.mvc.problemdetails.enabled' (OnPropertyCondition)

   WebMvcAutoConfiguration.ResourceChainCustomizerConfiguration:
      Did not match:
         - @ConditionalOnEnabledResourceChain did not find class org.webjars.WebJarVersionLocator (OnEnabledResourceChainCondition)

   WebMvcAutoConfiguration.WebMvcAutoConfigurationAdapter#beanNameViewResolver:
      Did not match:
         - @ConditionalOnMissingBean (types: org.springframework.web.servlet.view.BeanNameViewResolver; SearchStrategy: all) found beans of type 'org.springframework.web.servlet.view.BeanNameViewResolver' beanNameViewResolver (OnBeanCondition)

   WebMvcHealthEndpointExtensionAutoConfiguration:
      Did not match:
         - @ConditionalOnClass did not find required class 'org.springframework.boot.health.actuate.endpoint.HealthEndpoint' (OnClassCondition)

   WebMvcMappingsAutoConfiguration:
      Did not match:
         - @ConditionalOnClass did not find required class 'org.springframework.boot.actuate.autoconfigure.endpoint.condition.ConditionalOnAvailableEndpoint' (OnClassCondition)

   WebMvcObservationAutoConfiguration:
      Did not match:
         - @ConditionalOnClass did not find required class 'org.springframework.boot.micrometer.observation.autoconfigure.ObservationProperties' (OnClassCondition)

   XADataSourceAutoConfiguration:
      Did not match:
         - @ConditionalOnBean (types: org.springframework.boot.jdbc.XADataSourceWrapper; SearchStrategy: all) did not find any beans of type org.springframework.boot.jdbc.XADataSourceWrapper (OnBeanCondition)
      Matched:
         - @ConditionalOnClass found required classes 'javax.sql.DataSource', 'jakarta.transaction.TransactionManager', 'org.springframework.jdbc.datasource.embedded.EmbeddedDatabaseType' (OnClassCondition)


Exclusions:
-----------

    None


Unconditional classes:
----------------------

    org.springframework.boot.autoconfigure.context.ConfigurationPropertiesAutoConfiguration

    org.springframework.boot.autoconfigure.ssl.SslAutoConfiguration

    org.springframework.boot.autoconfigure.context.LifecycleAutoConfiguration

    org.springframework.boot.autoconfigure.context.PropertyPlaceholderAutoConfiguration

    org.springframework.boot.autoconfigure.availability.ApplicationAvailabilityAutoConfiguration

    org.springframework.boot.autoconfigure.info.ProjectInfoAutoConfiguration



2026-09-25T19:00:22.978+07:00  INFO 34476 --- [library_management] [           main] c.g.l.LibraryManagementApplication       : Started LibraryManagementApplication in 71.882 seconds (process running for 72.663)
2026-09-25T19:00:22.981+07:00 DEBUG 34476 --- [library_management] [           main] o.s.b.a.ApplicationAvailabilityBean      : Application availability state LivenessState changed to CORRECT
2026-09-25T19:00:22.988+07:00 DEBUG 34476 --- [library_management] [           main] o.s.b.a.ApplicationAvailabilityBean      : Application availability state ReadinessState changed to ACCEPTING_TRAFFIC
2026-09-25T19:00:23.148+07:00 DEBUG 34476 --- [library_management] [   scheduling-1] org.hibernate.SQL                        : select bas1_0.id,bas1_0.book_id,bas1_0.created_at,bas1_0.last_available_quantity,bas1_0.user_id from book_availability_subscriptions bas1_0
2026-09-25T19:00:23.204+07:00 DEBUG 34476 --- [library_management] [   scheduling-1] org.hibernate.SQL                        : select b1_0.id,b1_0.active,b1_0.average_rating,b1_0.borrow_fee,b1_0.category_id,b1_0.cover_image_url,b1_0.created_at,b1_0.description,b1_0.isbn,b1_0.publish_year,b1_0.publisher_id,b1_0.rating_count,b1_0.title,b1_0.updated_at,b1_0.version from books b1_0 where b1_0.id=?
2026-09-25T19:00:23.256+07:00 DEBUG 34476 --- [library_management] [   scheduling-1] org.hibernate.SQL                        : select u1_0.id,u1_0.active,u1_0.created_at,u1_0.email,u1_0.full_name,u1_0.password_hash,u1_0.phone,u1_0.role,u1_0.updated_at from users u1_0 where u1_0.id=?
2026-09-25T19:00:23.259+07:00 DEBUG 34476 --- [library_management] [   scheduling-1] org.hibernate.SQL                        : select b1_0.id,b1_0.active,b1_0.average_rating,b1_0.borrow_fee,b1_0.category_id,b1_0.cover_image_url,b1_0.created_at,b1_0.description,b1_0.isbn,b1_0.publish_year,b1_0.publisher_id,b1_0.rating_count,b1_0.title,b1_0.updated_at,b1_0.version from books b1_0 where b1_0.id=?
2026-09-25T19:00:23.268+07:00 DEBUG 34476 --- [library_management] [   scheduling-1] org.hibernate.SQL                        : select b1_0.id,b1_0.active,b1_0.average_rating,b1_0.borrow_fee,b1_0.category_id,b1_0.cover_image_url,b1_0.created_at,b1_0.description,b1_0.isbn,b1_0.publish_year,b1_0.publisher_id,b1_0.rating_count,b1_0.title,b1_0.updated_at,b1_0.version from books b1_0 where b1_0.id=?
2026-09-25T19:00:23.413+07:00 DEBUG 34476 --- [library_management] [   scheduling-1] org.hibernate.SQL                        : select count(bc1_0.id) from book_copies bc1_0 where bc1_0.book_id=? and bc1_0.status=?
2026-09-25T19:00:23.422+07:00 DEBUG 34476 --- [library_management] [   scheduling-1] org.hibernate.SQL                        : select count(bc1_0.id) from book_copies bc1_0 where bc1_0.book_id=? and bc1_0.status=?
2026-09-25T19:00:23.427+07:00 DEBUG 34476 --- [library_management] [   scheduling-1] org.hibernate.SQL                        : select count(bc1_0.id) from book_copies bc1_0 where bc1_0.book_id=? and bc1_0.status=?
2026-09-25T19:00:23.494+07:00 DEBUG 34476 --- [library_management] [   scheduling-1] org.hibernate.SQL                        : select br1_0.id,br1_0.book_copy_id,bc1_0.id,bc1_0.acquired_date,bc1_0.barcode,bc1_0.book_id,b1_0.id,b1_0.active,b1_0.average_rating,b1_0.borrow_fee,b1_0.category_id,b1_0.cover_image_url,b1_0.created_at,b1_0.description,b1_0.isbn,b1_0.publish_year,b1_0.publisher_id,b1_0.rating_count,b1_0.title,b1_0.updated_at,b1_0.version,bc1_0.created_at,bc1_0.shelf_location,bc1_0.status,bc1_0.updated_at,bc1_0.version,br1_0.borrow_days,br1_0.borrow_fee,br1_0.borrowed_at,br1_0.cancelled_at,br1_0.created_at,br1_0.deposit_amount,br1_0.deposit_refunded_at,br1_0.due_at,br1_0.paid_amount,br1_0.paid_at,br1_0.payment_code,br1_0.payment_method,br1_0.pickup_location,br1_0.reference_code,br1_0.returned_at,br1_0.status,br1_0.total_amount,br1_0.updated_at,br1_0.user_id,u1_0.id,u1_0.active,u1_0.created_at,u1_0.email,u1_0.full_name,u1_0.password_hash,u1_0.phone,u1_0.role,u1_0.updated_at from borrow_records br1_0 join book_copies bc1_0 on bc1_0.id=br1_0.book_copy_id join books b1_0 on b1_0.id=bc1_0.book_id join users u1_0 on u1_0.id=br1_0.user_id where br1_0.status=? and br1_0.due_at between ? and ?
2026-09-25T19:00:23.522+07:00 DEBUG 34476 --- [library_management] [   scheduling-1] org.hibernate.SQL                        : select br1_0.id,br1_0.book_copy_id,bc1_0.id,bc1_0.acquired_date,bc1_0.barcode,bc1_0.book_id,b1_0.id,b1_0.active,b1_0.average_rating,b1_0.borrow_fee,b1_0.category_id,b1_0.cover_image_url,b1_0.created_at,b1_0.description,b1_0.isbn,b1_0.publish_year,b1_0.publisher_id,b1_0.rating_count,b1_0.title,b1_0.updated_at,b1_0.version,bc1_0.created_at,bc1_0.shelf_location,bc1_0.status,bc1_0.updated_at,bc1_0.version,br1_0.borrow_days,br1_0.borrow_fee,br1_0.borrowed_at,br1_0.cancelled_at,br1_0.created_at,br1_0.deposit_amount,br1_0.deposit_refunded_at,br1_0.due_at,br1_0.paid_amount,br1_0.paid_at,br1_0.payment_code,br1_0.payment_method,br1_0.pickup_location,br1_0.reference_code,br1_0.returned_at,br1_0.status,br1_0.total_amount,br1_0.updated_at,br1_0.user_id,u1_0.id,u1_0.active,u1_0.created_at,u1_0.email,u1_0.full_name,u1_0.password_hash,u1_0.phone,u1_0.role,u1_0.updated_at from borrow_records br1_0 join book_copies bc1_0 on bc1_0.id=br1_0.book_copy_id join books b1_0 on b1_0.id=bc1_0.book_id join users u1_0 on u1_0.id=br1_0.user_id where br1_0.status in (?,?) and br1_0.due_at<?
2026-09-25T19:00:38.451+07:00 DEBUG 34476 --- [library_management] [   scheduling-1] org.hibernate.SQL                        : select bas1_0.id,bas1_0.book_id,bas1_0.created_at,bas1_0.last_available_quantity,bas1_0.user_id from book_availability_subscriptions bas1_0
2026-09-25T19:00:38.453+07:00 DEBUG 34476 --- [library_management] [   scheduling-1] org.hibernate.SQL                        : select b1_0.id,b1_0.active,b1_0.average_rating,b1_0.borrow_fee,b1_0.category_id,b1_0.cover_image_url,b1_0.created_at,b1_0.description,b1_0.isbn,b1_0.publish_year,b1_0.publisher_id,b1_0.rating_count,b1_0.title,b1_0.updated_at,b1_0.version from books b1_0 where b1_0.id=?
2026-09-25T19:00:38.457+07:00 DEBUG 34476 --- [library_management] [   scheduling-1] org.hibernate.SQL                        : select u1_0.id,u1_0.active,u1_0.created_at,u1_0.email,u1_0.full_name,u1_0.password_hash,u1_0.phone,u1_0.role,u1_0.updated_at from users u1_0 where u1_0.id=?
2026-09-25T19:00:38.460+07:00 DEBUG 34476 --- [library_management] [   scheduling-1] org.hibernate.SQL                        : select b1_0.id,b1_0.active,b1_0.average_rating,b1_0.borrow_fee,b1_0.category_id,b1_0.cover_image_url,b1_0.created_at,b1_0.description,b1_0.isbn,b1_0.publish_year,b1_0.publisher_id,b1_0.rating_count,b1_0.title,b1_0.updated_at,b1_0.version from books b1_0 where b1_0.id=?
2026-09-25T19:00:38.464+07:00 DEBUG 34476 --- [library_management] [   scheduling-1] org.hibernate.SQL                        : select b1_0.id,b1_0.active,b1_0.average_rating,b1_0.borrow_fee,b1_0.category_id,b1_0.cover_image_url,b1_0.created_at,b1_0.description,b1_0.isbn,b1_0.publish_year,b1_0.publisher_id,b1_0.rating_count,b1_0.title,b1_0.updated_at,b1_0.version from books b1_0 where b1_0.id=?
2026-09-25T19:00:38.470+07:00 DEBUG 34476 --- [library_management] [   scheduling-1] org.hibernate.SQL                        : select count(bc1_0.id) from book_copies bc1_0 where bc1_0.book_id=? and bc1_0.status=?
2026-09-25T19:00:38.474+07:00 DEBUG 34476 --- [library_management] [   scheduling-1] org.hibernate.SQL                        : select count(bc1_0.id) from book_copies bc1_0 where bc1_0.book_id=? and bc1_0.status=?
2026-09-25T19:00:38.477+07:00 DEBUG 34476 --- [library_management] [   scheduling-1] org.hibernate.SQL                        : select count(bc1_0.id) from book_copies bc1_0 where bc1_0.book_id=? and bc1_0.status=?
2026-09-25T19:00:39.781+07:00  INFO 34476 --- [library_management] [0.0-8386-exec-1] o.a.c.c.C.[Tomcat].[localhost].[/]       : Initializing Spring DispatcherServlet 'dispatcherServlet'
2026-09-25T19:00:39.786+07:00  INFO 34476 --- [library_management] [0.0-8386-exec-1] o.s.web.servlet.DispatcherServlet        : Initializing Servlet 'dispatcherServlet'
2026-09-25T19:00:39.786+07:00 DEBUG 34476 --- [library_management] [0.0-8386-exec-1] o.s.web.servlet.DispatcherServlet        : Detected StandardServletMultipartResolver
2026-09-25T19:00:39.787+07:00 DEBUG 34476 --- [library_management] [0.0-8386-exec-1] o.s.web.servlet.DispatcherServlet        : Detected AcceptHeaderLocaleResolver
2026-09-25T19:00:39.789+07:00 DEBUG 34476 --- [library_management] [0.0-8386-exec-1] o.s.web.servlet.DispatcherServlet        : Detected org.springframework.web.servlet.view.DefaultRequestToViewNameTranslator@7c1d42ed
2026-09-25T19:00:39.790+07:00 DEBUG 34476 --- [library_management] [0.0-8386-exec-1] o.s.web.servlet.DispatcherServlet        : Detected org.springframework.web.servlet.support.SessionFlashMapManager@4fb852f2
2026-09-25T19:00:39.792+07:00 DEBUG 34476 --- [library_management] [0.0-8386-exec-1] o.s.web.servlet.DispatcherServlet        : enableLoggingRequestDetails='false': request parameters and headers will be masked to prevent unsafe logging of potentially sensitive data
2026-09-25T19:00:39.793+07:00  INFO 34476 --- [library_management] [0.0-8386-exec-1] o.s.web.servlet.DispatcherServlet        : Completed initialization in 7 ms
2026-09-25T19:00:53.499+07:00 DEBUG 34476 --- [library_management] [   scheduling-1] org.hibernate.SQL                        : select bas1_0.id,bas1_0.book_id,bas1_0.created_at,bas1_0.last_available_quantity,bas1_0.user_id from book_availability_subscriptions bas1_0
2026-09-25T19:00:53.503+07:00 DEBUG 34476 --- [library_management] [   scheduling-1] org.hibernate.SQL                        : select b1_0.id,b1_0.active,b1_0.average_rating,b1_0.borrow_fee,b1_0.category_id,b1_0.cover_image_url,b1_0.created_at,b1_0.description,b1_0.isbn,b1_0.publish_year,b1_0.publisher_id,b1_0.rating_count,b1_0.title,b1_0.updated_at,b1_0.version from books b1_0 where b1_0.id=?
2026-09-25T19:00:53.507+07:00 DEBUG 34476 --- [library_management] [   scheduling-1] org.hibernate.SQL                        : select u1_0.id,u1_0.active,u1_0.created_at,u1_0.email,u1_0.full_name,u1_0.password_hash,u1_0.phone,u1_0.role,u1_0.updated_at from users u1_0 where u1_0.id=?
2026-09-25T19:00:53.510+07:00 DEBUG 34476 --- [library_management] [   scheduling-1] org.hibernate.SQL                        : select b1_0.id,b1_0.active,b1_0.average_rating,b1_0.borrow_fee,b1_0.category_id,b1_0.cover_image_url,b1_0.created_at,b1_0.description,b1_0.isbn,b1_0.publish_year,b1_0.publisher_id,b1_0.rating_count,b1_0.title,b1_0.updated_at,b1_0.version from books b1_0 where b1_0.id=?
2026-09-25T19:00:53.514+07:00 DEBUG 34476 --- [library_management] [   scheduling-1] org.hibernate.SQL                        : select b1_0.id,b1_0.active,b1_0.average_rating,b1_0.borrow_fee,b1_0.category_id,b1_0.cover_image_url,b1_0.created_at,b1_0.description,b1_0.isbn,b1_0.publish_year,b1_0.publisher_id,b1_0.rating_count,b1_0.title,b1_0.updated_at,b1_0.version from books b1_0 where b1_0.id=?
2026-09-25T19:00:53.521+07:00 DEBUG 34476 --- [library_management] [   scheduling-1] org.hibernate.SQL                        : select count(bc1_0.id) from book_copies bc1_0 where bc1_0.book_id=? and bc1_0.status=?
2026-09-25T19:00:53.524+07:00 DEBUG 34476 --- [library_management] [   scheduling-1] org.hibernate.SQL                        : select count(bc1_0.id) from book_copies bc1_0 where bc1_0.book_id=? and bc1_0.status=?
2026-09-25T19:00:53.528+07:00 DEBUG 34476 --- [library_management] [   scheduling-1] org.hibernate.SQL                        : select count(bc1_0.id) from book_copies bc1_0 where bc1_0.book_id=? and bc1_0.status=?
2026-09-25T19:01:08.538+07:00 DEBUG 34476 --- [library_management] [   scheduling-1] org.hibernate.SQL                        : select bas1_0.id,bas1_0.book_id,bas1_0.created_at,bas1_0.last_available_quantity,bas1_0.user_id from book_availability_subscriptions bas1_0
2026-09-25T19:01:08.540+07:00 DEBUG 34476 --- [library_management] [   scheduling-1] org.hibernate.SQL                        : select b1_0.id,b1_0.active,b1_0.average_rating,b1_0.borrow_fee,b1_0.category_id,b1_0.cover_image_url,b1_0.created_at,b1_0.description,b1_0.isbn,b1_0.publish_year,b1_0.publisher_id,b1_0.rating_count,b1_0.title,b1_0.updated_at,b1_0.version from books b1_0 where b1_0.id=?
2026-09-25T19:01:08.543+07:00 DEBUG 34476 --- [library_management] [   scheduling-1] org.hibernate.SQL                        : select u1_0.id,u1_0.active,u1_0.created_at,u1_0.email,u1_0.full_name,u1_0.password_hash,u1_0.phone,u1_0.role,u1_0.updated_at from users u1_0 where u1_0.id=?
2026-09-25T19:01:08.545+07:00 DEBUG 34476 --- [library_management] [   scheduling-1] org.hibernate.SQL                        : select b1_0.id,b1_0.active,b1_0.average_rating,b1_0.borrow_fee,b1_0.category_id,b1_0.cover_image_url,b1_0.created_at,b1_0.description,b1_0.isbn,b1_0.publish_year,b1_0.publisher_id,b1_0.rating_count,b1_0.title,b1_0.updated_at,b1_0.version from books b1_0 where b1_0.id=?
2026-09-25T19:01:08.547+07:00 DEBUG 34476 --- [library_management] [   scheduling-1] org.hibernate.SQL                        : select b1_0.id,b1_0.active,b1_0.average_rating,b1_0.borrow_fee,b1_0.category_id,b1_0.cover_image_url,b1_0.created_at,b1_0.description,b1_0.isbn,b1_0.publish_year,b1_0.publisher_id,b1_0.rating_count,b1_0.title,b1_0.updated_at,b1_0.version from books b1_0 where b1_0.id=?
2026-09-25T19:01:08.551+07:00 DEBUG 34476 --- [library_management] [   scheduling-1] org.hibernate.SQL                        : select count(bc1_0.id) from book_copies bc1_0 where bc1_0.book_id=? and bc1_0.status=?
2026-09-25T19:01:08.554+07:00 DEBUG 34476 --- [library_management] [   scheduling-1] org.hibernate.SQL                        : select count(bc1_0.id) from book_copies bc1_0 where bc1_0.book_id=? and bc1_0.status=?
2026-09-25T19:01:08.558+07:00 DEBUG 34476 --- [library_management] [   scheduling-1] org.hibernate.SQL                        : select count(bc1_0.id) from book_copies bc1_0 where bc1_0.book_id=? and bc1_0.status=?
2026-09-25T19:01:23.532+07:00 DEBUG 34476 --- [library_management] [   scheduling-1] org.hibernate.SQL                        : select br1_0.id,br1_0.book_copy_id,bc1_0.id,bc1_0.acquired_date,bc1_0.barcode,bc1_0.book_id,b1_0.id,b1_0.active,b1_0.average_rating,b1_0.borrow_fee,b1_0.category_id,b1_0.cover_image_url,b1_0.created_at,b1_0.description,b1_0.isbn,b1_0.publish_year,b1_0.publisher_id,b1_0.rating_count,b1_0.title,b1_0.updated_at,b1_0.version,bc1_0.created_at,bc1_0.shelf_location,bc1_0.status,bc1_0.updated_at,bc1_0.version,br1_0.borrow_days,br1_0.borrow_fee,br1_0.borrowed_at,br1_0.cancelled_at,br1_0.created_at,br1_0.deposit_amount,br1_0.deposit_refunded_at,br1_0.due_at,br1_0.paid_amount,br1_0.paid_at,br1_0.payment_code,br1_0.payment_method,br1_0.pickup_location,br1_0.reference_code,br1_0.returned_at,br1_0.status,br1_0.total_amount,br1_0.updated_at,br1_0.user_id,u1_0.id,u1_0.active,u1_0.created_at,u1_0.email,u1_0.full_name,u1_0.password_hash,u1_0.phone,u1_0.role,u1_0.updated_at from borrow_records br1_0 join book_copies bc1_0 on bc1_0.id=br1_0.book_copy_id join books b1_0 on b1_0.id=bc1_0.book_id join users u1_0 on u1_0.id=br1_0.user_id where br1_0.status=? and br1_0.due_at between ? and ?
2026-09-25T19:01:23.538+07:00 DEBUG 34476 --- [library_management] [   scheduling-1] org.hibernate.SQL                        : select br1_0.id,br1_0.book_copy_id,bc1_0.id,bc1_0.acquired_date,bc1_0.barcode,bc1_0.book_id,b1_0.id,b1_0.active,b1_0.average_rating,b1_0.borrow_fee,b1_0.category_id,b1_0.cover_image_url,b1_0.created_at,b1_0.description,b1_0.isbn,b1_0.publish_year,b1_0.publisher_id,b1_0.rating_count,b1_0.title,b1_0.updated_at,b1_0.version,bc1_0.created_at,bc1_0.shelf_location,bc1_0.status,bc1_0.updated_at,bc1_0.version,br1_0.borrow_days,br1_0.borrow_fee,br1_0.borrowed_at,br1_0.cancelled_at,br1_0.created_at,br1_0.deposit_amount,br1_0.deposit_refunded_at,br1_0.due_at,br1_0.paid_amount,br1_0.paid_at,br1_0.payment_code,br1_0.payment_method,br1_0.pickup_location,br1_0.reference_code,br1_0.returned_at,br1_0.status,br1_0.total_amount,br1_0.updated_at,br1_0.user_id,u1_0.id,u1_0.active,u1_0.created_at,u1_0.email,u1_0.full_name,u1_0.password_hash,u1_0.phone,u1_0.role,u1_0.updated_at from borrow_records br1_0 join book_copies bc1_0 on bc1_0.id=br1_0.book_copy_id join books b1_0 on b1_0.id=bc1_0.book_id join users u1_0 on u1_0.id=br1_0.user_id where br1_0.status in (?,?) and br1_0.due_at<?
2026-09-25T19:01:23.564+07:00 DEBUG 34476 --- [library_management] [   scheduling-1] org.hibernate.SQL                        : select bas1_0.id,bas1_0.book_id,bas1_0.created_at,bas1_0.last_available_quantity,bas1_0.user_id from book_availability_subscriptions bas1_0
2026-09-25T19:01:23.566+07:00 DEBUG 34476 --- [library_management] [   scheduling-1] org.hibernate.SQL                        : select b1_0.id,b1_0.active,b1_0.average_rating,b1_0.borrow_fee,b1_0.category_id,b1_0.cover_image_url,b1_0.created_at,b1_0.description,b1_0.isbn,b1_0.publish_year,b1_0.publisher_id,b1_0.rating_count,b1_0.title,b1_0.updated_at,b1_0.version from books b1_0 where b1_0.id=?
2026-09-25T19:01:23.568+07:00 DEBUG 34476 --- [library_management] [   scheduling-1] org.hibernate.SQL                        : select u1_0.id,u1_0.active,u1_0.created_at,u1_0.email,u1_0.full_name,u1_0.password_hash,u1_0.phone,u1_0.role,u1_0.updated_at from users u1_0 where u1_0.id=?
2026-09-25T19:01:23.569+07:00 DEBUG 34476 --- [library_management] [   scheduling-1] org.hibernate.SQL                        : select b1_0.id,b1_0.active,b1_0.average_rating,b1_0.borrow_fee,b1_0.category_id,b1_0.cover_image_url,b1_0.created_at,b1_0.description,b1_0.isbn,b1_0.publish_year,b1_0.publisher_id,b1_0.rating_count,b1_0.title,b1_0.updated_at,b1_0.version from books b1_0 where b1_0.id=?
2026-09-25T19:01:23.571+07:00 DEBUG 34476 --- [library_management] [   scheduling-1] org.hibernate.SQL                        : select b1_0.id,b1_0.active,b1_0.average_rating,b1_0.borrow_fee,b1_0.category_id,b1_0.cover_image_url,b1_0.created_at,b1_0.description,b1_0.isbn,b1_0.publish_year,b1_0.publisher_id,b1_0.rating_count,b1_0.title,b1_0.updated_at,b1_0.version from books b1_0 where b1_0.id=?
2026-09-25T19:01:23.574+07:00 DEBUG 34476 --- [library_management] [   scheduling-1] org.hibernate.SQL                        : select count(bc1_0.id) from book_copies bc1_0 where bc1_0.book_id=? and bc1_0.status=?
2026-09-25T19:01:23.575+07:00 DEBUG 34476 --- [library_management] [   scheduling-1] org.hibernate.SQL                        : select count(bc1_0.id) from book_copies bc1_0 where bc1_0.book_id=? and bc1_0.status=?
2026-09-25T19:01:23.577+07:00 DEBUG 34476 --- [library_management] [   scheduling-1] org.hibernate.SQL                        : select count(bc1_0.id) from book_copies bc1_0 where bc1_0.book_id=? and bc1_0.status=?
2026-09-25T19:01:38.583+07:00 DEBUG 34476 --- [library_management] [   scheduling-1] org.hibernate.SQL                        : select bas1_0.id,bas1_0.book_id,bas1_0.created_at,bas1_0.last_available_quantity,bas1_0.user_id from book_availability_subscriptions bas1_0
2026-09-25T19:01:38.585+07:00 DEBUG 34476 --- [library_management] [   scheduling-1] org.hibernate.SQL                        : select b1_0.id,b1_0.active,b1_0.average_rating,b1_0.borrow_fee,b1_0.category_id,b1_0.cover_image_url,b1_0.created_at,b1_0.description,b1_0.isbn,b1_0.publish_year,b1_0.publisher_id,b1_0.rating_count,b1_0.title,b1_0.updated_at,b1_0.version from books b1_0 where b1_0.id=?
2026-09-25T19:01:38.587+07:00 DEBUG 34476 --- [library_management] [   scheduling-1] org.hibernate.SQL                        : select u1_0.id,u1_0.active,u1_0.created_at,u1_0.email,u1_0.full_name,u1_0.password_hash,u1_0.phone,u1_0.role,u1_0.updated_at from users u1_0 where u1_0.id=?
2026-09-25T19:01:38.588+07:00 DEBUG 34476 --- [library_management] [   scheduling-1] org.hibernate.SQL                        : select b1_0.id,b1_0.active,b1_0.average_rating,b1_0.borrow_fee,b1_0.category_id,b1_0.cover_image_url,b1_0.created_at,b1_0.description,b1_0.isbn,b1_0.publish_year,b1_0.publisher_id,b1_0.rating_count,b1_0.title,b1_0.updated_at,b1_0.version from books b1_0 where b1_0.id=?
2026-09-25T19:01:38.590+07:00 DEBUG 34476 --- [library_management] [   scheduling-1] org.hibernate.SQL                        : select b1_0.id,b1_0.active,b1_0.average_rating,b1_0.borrow_fee,b1_0.category_id,b1_0.cover_image_url,b1_0.created_at,b1_0.description,b1_0.isbn,b1_0.publish_year,b1_0.publisher_id,b1_0.rating_count,b1_0.title,b1_0.updated_at,b1_0.version from books b1_0 where b1_0.id=?
2026-09-25T19:01:38.593+07:00 DEBUG 34476 --- [library_management] [   scheduling-1] org.hibernate.SQL                        : select count(bc1_0.id) from book_copies bc1_0 where bc1_0.book_id=? and bc1_0.status=?
2026-09-25T19:01:38.595+07:00 DEBUG 34476 --- [library_management] [   scheduling-1] org.hibernate.SQL                        : select count(bc1_0.id) from book_copies bc1_0 where bc1_0.book_id=? and bc1_0.status=?
2026-09-25T19:01:38.598+07:00 DEBUG 34476 --- [library_management] [   scheduling-1] org.hibernate.SQL                        : select count(bc1_0.id) from book_copies bc1_0 where bc1_0.book_id=? and bc1_0.status=?
2026-09-25T19:01:53.603+07:00 DEBUG 34476 --- [library_management] [   scheduling-1] org.hibernate.SQL                        : select bas1_0.id,bas1_0.book_id,bas1_0.created_at,bas1_0.last_available_quantity,bas1_0.user_id from book_availability_subscriptions bas1_0
2026-09-25T19:01:53.605+07:00 DEBUG 34476 --- [library_management] [   scheduling-1] org.hibernate.SQL                        : select b1_0.id,b1_0.active,b1_0.average_rating,b1_0.borrow_fee,b1_0.category_id,b1_0.cover_image_url,b1_0.created_at,b1_0.description,b1_0.isbn,b1_0.publish_year,b1_0.publisher_id,b1_0.rating_count,b1_0.title,b1_0.updated_at,b1_0.version from books b1_0 where b1_0.id=?
2026-09-25T19:01:53.607+07:00 DEBUG 34476 --- [library_management] [   scheduling-1] org.hibernate.SQL                        : select u1_0.id,u1_0.active,u1_0.created_at,u1_0.email,u1_0.full_name,u1_0.password_hash,u1_0.phone,u1_0.role,u1_0.updated_at from users u1_0 where u1_0.id=?
2026-09-25T19:01:53.608+07:00 DEBUG 34476 --- [library_management] [   scheduling-1] org.hibernate.SQL                        : select b1_0.id,b1_0.active,b1_0.average_rating,b1_0.borrow_fee,b1_0.category_id,b1_0.cover_image_url,b1_0.created_at,b1_0.description,b1_0.isbn,b1_0.publish_year,b1_0.publisher_id,b1_0.rating_count,b1_0.title,b1_0.updated_at,b1_0.version from books b1_0 where b1_0.id=?
2026-09-25T19:01:53.609+07:00 DEBUG 34476 --- [library_management] [   scheduling-1] org.hibernate.SQL                        : select b1_0.id,b1_0.active,b1_0.average_rating,b1_0.borrow_fee,b1_0.category_id,b1_0.cover_image_url,b1_0.created_at,b1_0.description,b1_0.isbn,b1_0.publish_year,b1_0.publisher_id,b1_0.rating_count,b1_0.title,b1_0.updated_at,b1_0.version from books b1_0 where b1_0.id=?
2026-09-25T19:01:53.611+07:00 DEBUG 34476 --- [library_management] [   scheduling-1] org.hibernate.SQL                        : select count(bc1_0.id) from book_copies bc1_0 where bc1_0.book_id=? and bc1_0.status=?
2026-09-25T19:01:53.614+07:00 DEBUG 34476 --- [library_management] [   scheduling-1] org.hibernate.SQL                        : select count(bc1_0.id) from book_copies bc1_0 where bc1_0.book_id=? and bc1_0.status=?
2026-09-25T19:01:53.615+07:00 DEBUG 34476 --- [library_management] [   scheduling-1] org.hibernate.SQL                        : select count(bc1_0.id) from book_copies bc1_0 where bc1_0.book_id=? and bc1_0.status=?
2026-09-25T19:02:08.621+07:00 DEBUG 34476 --- [library_management] [   scheduling-1] org.hibernate.SQL                        : select bas1_0.id,bas1_0.book_id,bas1_0.created_at,bas1_0.last_available_quantity,bas1_0.user_id from book_availability_subscriptions bas1_0
2026-09-25T19:02:08.635+07:00 DEBUG 34476 --- [library_management] [   scheduling-1] org.hibernate.SQL                        : select b1_0.id,b1_0.active,b1_0.average_rating,b1_0.borrow_fee,b1_0.category_id,b1_0.cover_image_url,b1_0.created_at,b1_0.description,b1_0.isbn,b1_0.publish_year,b1_0.publisher_id,b1_0.rating_count,b1_0.title,b1_0.updated_at,b1_0.version from books b1_0 where b1_0.id=?
2026-09-25T19:02:08.637+07:00 DEBUG 34476 --- [library_management] [   scheduling-1] org.hibernate.SQL                        : select u1_0.id,u1_0.active,u1_0.created_at,u1_0.email,u1_0.full_name,u1_0.password_hash,u1_0.phone,u1_0.role,u1_0.updated_at from users u1_0 where u1_0.id=?
2026-09-25T19:02:08.639+07:00 DEBUG 34476 --- [library_management] [   scheduling-1] org.hibernate.SQL                        : select b1_0.id,b1_0.active,b1_0.average_rating,b1_0.borrow_fee,b1_0.category_id,b1_0.cover_image_url,b1_0.created_at,b1_0.description,b1_0.isbn,b1_0.publish_year,b1_0.publisher_id,b1_0.rating_count,b1_0.title,b1_0.updated_at,b1_0.version from books b1_0 where b1_0.id=?
2026-09-25T19:02:08.641+07:00 DEBUG 34476 --- [library_management] [   scheduling-1] org.hibernate.SQL                        : select b1_0.id,b1_0.active,b1_0.average_rating,b1_0.borrow_fee,b1_0.category_id,b1_0.cover_image_url,b1_0.created_at,b1_0.description,b1_0.isbn,b1_0.publish_year,b1_0.publisher_id,b1_0.rating_count,b1_0.title,b1_0.updated_at,b1_0.version from books b1_0 where b1_0.id=?
2026-09-25T19:02:08.643+07:00 DEBUG 34476 --- [library_management] [   scheduling-1] org.hibernate.SQL                        : select count(bc1_0.id) from book_copies bc1_0 where bc1_0.book_id=? and bc1_0.status=?
2026-09-25T19:02:08.645+07:00 DEBUG 34476 --- [library_management] [   scheduling-1] org.hibernate.SQL                        : select count(bc1_0.id) from book_copies bc1_0 where bc1_0.book_id=? and bc1_0.status=?
2026-09-25T19:02:08.646+07:00 DEBUG 34476 --- [library_management] [   scheduling-1] org.hibernate.SQL                        : select count(bc1_0.id) from book_copies bc1_0 where bc1_0.book_id=? and bc1_0.status=?
2026-09-25T19:02:23.544+07:00 DEBUG 34476 --- [library_management] [   scheduling-1] org.hibernate.SQL                        : select br1_0.id,br1_0.book_copy_id,bc1_0.id,bc1_0.acquired_date,bc1_0.barcode,bc1_0.book_id,b1_0.id,b1_0.active,b1_0.average_rating,b1_0.borrow_fee,b1_0.category_id,b1_0.cover_image_url,b1_0.created_at,b1_0.description,b1_0.isbn,b1_0.publish_year,b1_0.publisher_id,b1_0.rating_count,b1_0.title,b1_0.updated_at,b1_0.version,bc1_0.created_at,bc1_0.shelf_location,bc1_0.status,bc1_0.updated_at,bc1_0.version,br1_0.borrow_days,br1_0.borrow_fee,br1_0.borrowed_at,br1_0.cancelled_at,br1_0.created_at,br1_0.deposit_amount,br1_0.deposit_refunded_at,br1_0.due_at,br1_0.paid_amount,br1_0.paid_at,br1_0.payment_code,br1_0.payment_method,br1_0.pickup_location,br1_0.reference_code,br1_0.returned_at,br1_0.status,br1_0.total_amount,br1_0.updated_at,br1_0.user_id,u1_0.id,u1_0.active,u1_0.created_at,u1_0.email,u1_0.full_name,u1_0.password_hash,u1_0.phone,u1_0.role,u1_0.updated_at from borrow_records br1_0 join book_copies bc1_0 on bc1_0.id=br1_0.book_copy_id join books b1_0 on b1_0.id=bc1_0.book_id join users u1_0 on u1_0.id=br1_0.user_id where br1_0.status=? and br1_0.due_at between ? and ?
2026-09-25T19:02:23.549+07:00 DEBUG 34476 --- [library_management] [   scheduling-1] org.hibernate.SQL                        : select br1_0.id,br1_0.book_copy_id,bc1_0.id,bc1_0.acquired_date,bc1_0.barcode,bc1_0.book_id,b1_0.id,b1_0.active,b1_0.average_rating,b1_0.borrow_fee,b1_0.category_id,b1_0.cover_image_url,b1_0.created_at,b1_0.description,b1_0.isbn,b1_0.publish_year,b1_0.publisher_id,b1_0.rating_count,b1_0.title,b1_0.updated_at,b1_0.version,bc1_0.created_at,bc1_0.shelf_location,bc1_0.status,bc1_0.updated_at,bc1_0.version,br1_0.borrow_days,br1_0.borrow_fee,br1_0.borrowed_at,br1_0.cancelled_at,br1_0.created_at,br1_0.deposit_amount,br1_0.deposit_refunded_at,br1_0.due_at,br1_0.paid_amount,br1_0.paid_at,br1_0.payment_code,br1_0.payment_method,br1_0.pickup_location,br1_0.reference_code,br1_0.returned_at,br1_0.status,br1_0.total_amount,br1_0.updated_at,br1_0.user_id,u1_0.id,u1_0.active,u1_0.created_at,u1_0.email,u1_0.full_name,u1_0.password_hash,u1_0.phone,u1_0.role,u1_0.updated_at from borrow_records br1_0 join book_copies bc1_0 on bc1_0.id=br1_0.book_copy_id join books b1_0 on b1_0.id=bc1_0.book_id join users u1_0 on u1_0.id=br1_0.user_id where br1_0.status in (?,?) and br1_0.due_at<?
2026-09-25T19:02:23.651+07:00 DEBUG 34476 --- [library_management] [   scheduling-1] org.hibernate.SQL                        : select bas1_0.id,bas1_0.book_id,bas1_0.created_at,bas1_0.last_available_quantity,bas1_0.user_id from book_availability_subscriptions bas1_0
2026-09-25T19:02:23.654+07:00 DEBUG 34476 --- [library_management] [   scheduling-1] org.hibernate.SQL                        : select b1_0.id,b1_0.active,b1_0.average_rating,b1_0.borrow_fee,b1_0.category_id,b1_0.cover_image_url,b1_0.created_at,b1_0.description,b1_0.isbn,b1_0.publish_year,b1_0.publisher_id,b1_0.rating_count,b1_0.title,b1_0.updated_at,b1_0.version from books b1_0 where b1_0.id=?
2026-09-25T19:02:23.656+07:00 DEBUG 34476 --- [library_management] [   scheduling-1] org.hibernate.SQL                        : select u1_0.id,u1_0.active,u1_0.created_at,u1_0.email,u1_0.full_name,u1_0.password_hash,u1_0.phone,u1_0.role,u1_0.updated_at from users u1_0 where u1_0.id=?
2026-09-25T19:02:23.657+07:00 DEBUG 34476 --- [library_management] [   scheduling-1] org.hibernate.SQL                        : select b1_0.id,b1_0.active,b1_0.average_rating,b1_0.borrow_fee,b1_0.category_id,b1_0.cover_image_url,b1_0.created_at,b1_0.description,b1_0.isbn,b1_0.publish_year,b1_0.publisher_id,b1_0.rating_count,b1_0.title,b1_0.updated_at,b1_0.version from books b1_0 where b1_0.id=?
2026-09-25T19:02:23.659+07:00 DEBUG 34476 --- [library_management] [   scheduling-1] org.hibernate.SQL                        : select b1_0.id,b1_0.active,b1_0.average_rating,b1_0.borrow_fee,b1_0.category_id,b1_0.cover_image_url,b1_0.created_at,b1_0.description,b1_0.isbn,b1_0.publish_year,b1_0.publisher_id,b1_0.rating_count,b1_0.title,b1_0.updated_at,b1_0.version from books b1_0 where b1_0.id=?
2026-09-25T19:02:23.662+07:00 DEBUG 34476 --- [library_management] [   scheduling-1] org.hibernate.SQL                        : select count(bc1_0.id) from book_copies bc1_0 where bc1_0.book_id=? and bc1_0.status=?
2026-09-25T19:02:23.664+07:00 DEBUG 34476 --- [library_management] [   scheduling-1] org.hibernate.SQL                        : select count(bc1_0.id) from book_copies bc1_0 where bc1_0.book_id=? and bc1_0.status=?
2026-09-25T19:02:23.666+07:00 DEBUG 34476 --- [library_management] [   scheduling-1] org.hibernate.SQL                        : select count(bc1_0.id) from book_copies bc1_0 where bc1_0.book_id=? and bc1_0.status=?
2026-09-25T19:02:38.670+07:00 DEBUG 34476 --- [library_management] [   scheduling-1] org.hibernate.SQL                        : select bas1_0.id,bas1_0.book_id,bas1_0.created_at,bas1_0.last_available_quantity,bas1_0.user_id from book_availability_subscriptions bas1_0
2026-09-25T19:02:38.672+07:00 DEBUG 34476 --- [library_management] [   scheduling-1] org.hibernate.SQL                        : select b1_0.id,b1_0.active,b1_0.average_rating,b1_0.borrow_fee,b1_0.category_id,b1_0.cover_image_url,b1_0.created_at,b1_0.description,b1_0.isbn,b1_0.publish_year,b1_0.publisher_id,b1_0.rating_count,b1_0.title,b1_0.updated_at,b1_0.version from books b1_0 where b1_0.id=?
2026-09-25T19:02:38.673+07:00 DEBUG 34476 --- [library_management] [   scheduling-1] org.hibernate.SQL                        : select u1_0.id,u1_0.active,u1_0.created_at,u1_0.email,u1_0.full_name,u1_0.password_hash,u1_0.phone,u1_0.role,u1_0.updated_at from users u1_0 where u1_0.id=?
2026-09-25T19:02:38.676+07:00 DEBUG 34476 --- [library_management] [   scheduling-1] org.hibernate.SQL                        : select b1_0.id,b1_0.active,b1_0.average_rating,b1_0.borrow_fee,b1_0.category_id,b1_0.cover_image_url,b1_0.created_at,b1_0.description,b1_0.isbn,b1_0.publish_year,b1_0.publisher_id,b1_0.rating_count,b1_0.title,b1_0.updated_at,b1_0.version from books b1_0 where b1_0.id=?
2026-09-25T19:02:38.678+07:00 DEBUG 34476 --- [library_management] [   scheduling-1] org.hibernate.SQL                        : select b1_0.id,b1_0.active,b1_0.average_rating,b1_0.borrow_fee,b1_0.category_id,b1_0.cover_image_url,b1_0.created_at,b1_0.description,b1_0.isbn,b1_0.publish_year,b1_0.publisher_id,b1_0.rating_count,b1_0.title,b1_0.updated_at,b1_0.version from books b1_0 where b1_0.id=?
2026-09-25T19:02:38.680+07:00 DEBUG 34476 --- [library_management] [   scheduling-1] org.hibernate.SQL                        : select count(bc1_0.id) from book_copies bc1_0 where bc1_0.book_id=? and bc1_0.status=?
2026-09-25T19:02:38.682+07:00 DEBUG 34476 --- [library_management] [   scheduling-1] org.hibernate.SQL                        : select count(bc1_0.id) from book_copies bc1_0 where bc1_0.book_id=? and bc1_0.status=?
2026-09-25T19:02:38.683+07:00 DEBUG 34476 --- [library_management] [   scheduling-1] org.hibernate.SQL                        : select count(bc1_0.id) from book_copies bc1_0 where bc1_0.book_id=? and bc1_0.status=?
2026-09-25T19:02:53.690+07:00 DEBUG 34476 --- [library_management] [   scheduling-1] org.hibernate.SQL                        : select bas1_0.id,bas1_0.book_id,bas1_0.created_at,bas1_0.last_available_quantity,bas1_0.user_id from book_availability_subscriptions bas1_0
2026-09-25T19:02:53.693+07:00 DEBUG 34476 --- [library_management] [   scheduling-1] org.hibernate.SQL                        : select b1_0.id,b1_0.active,b1_0.average_rating,b1_0.borrow_fee,b1_0.category_id,b1_0.cover_image_url,b1_0.created_at,b1_0.description,b1_0.isbn,b1_0.publish_year,b1_0.publisher_id,b1_0.rating_count,b1_0.title,b1_0.updated_at,b1_0.version from books b1_0 where b1_0.id=?
2026-09-25T19:02:53.694+07:00 DEBUG 34476 --- [library_management] [   scheduling-1] org.hibernate.SQL                        : select u1_0.id,u1_0.active,u1_0.created_at,u1_0.email,u1_0.full_name,u1_0.password_hash,u1_0.phone,u1_0.role,u1_0.updated_at from users u1_0 where u1_0.id=?
2026-09-25T19:02:53.696+07:00 DEBUG 34476 --- [library_management] [   scheduling-1] org.hibernate.SQL                        : select b1_0.id,b1_0.active,b1_0.average_rating,b1_0.borrow_fee,b1_0.category_id,b1_0.cover_image_url,b1_0.created_at,b1_0.description,b1_0.isbn,b1_0.publish_year,b1_0.publisher_id,b1_0.rating_count,b1_0.title,b1_0.updated_at,b1_0.version from books b1_0 where b1_0.id=?
2026-09-25T19:02:53.697+07:00 DEBUG 34476 --- [library_management] [   scheduling-1] org.hibernate.SQL                        : select b1_0.id,b1_0.active,b1_0.average_rating,b1_0.borrow_fee,b1_0.category_id,b1_0.cover_image_url,b1_0.created_at,b1_0.description,b1_0.isbn,b1_0.publish_year,b1_0.publisher_id,b1_0.rating_count,b1_0.title,b1_0.updated_at,b1_0.version from books b1_0 where b1_0.id=?
2026-09-25T19:02:53.700+07:00 DEBUG 34476 --- [library_management] [   scheduling-1] org.hibernate.SQL                        : select count(bc1_0.id) from book_copies bc1_0 where bc1_0.book_id=? and bc1_0.status=?
2026-09-25T19:02:53.702+07:00 DEBUG 34476 --- [library_management] [   scheduling-1] org.hibernate.SQL                        : select count(bc1_0.id) from book_copies bc1_0 where bc1_0.book_id=? and bc1_0.status=?
2026-09-25T19:02:53.706+07:00 DEBUG 34476 --- [library_management] [   scheduling-1] org.hibernate.SQL                        : select count(bc1_0.id) from book_copies bc1_0 where bc1_0.book_id=? and bc1_0.status=?
2026-09-25T19:03:08.712+07:00 DEBUG 34476 --- [library_management] [   scheduling-1] org.hibernate.SQL                        : select bas1_0.id,bas1_0.book_id,bas1_0.created_at,bas1_0.last_available_quantity,bas1_0.user_id from book_availability_subscriptions bas1_0
2026-09-25T19:03:08.714+07:00 DEBUG 34476 --- [library_management] [   scheduling-1] org.hibernate.SQL                        : select b1_0.id,b1_0.active,b1_0.average_rating,b1_0.borrow_fee,b1_0.category_id,b1_0.cover_image_url,b1_0.created_at,b1_0.description,b1_0.isbn,b1_0.publish_year,b1_0.publisher_id,b1_0.rating_count,b1_0.title,b1_0.updated_at,b1_0.version from books b1_0 where b1_0.id=?
2026-09-25T19:03:08.717+07:00 DEBUG 34476 --- [library_management] [   scheduling-1] org.hibernate.SQL                        : select u1_0.id,u1_0.active,u1_0.created_at,u1_0.email,u1_0.full_name,u1_0.password_hash,u1_0.phone,u1_0.role,u1_0.updated_at from users u1_0 where u1_0.id=?
2026-09-25T19:03:08.719+07:00 DEBUG 34476 --- [library_management] [   scheduling-1] org.hibernate.SQL                        : select b1_0.id,b1_0.active,b1_0.average_rating,b1_0.borrow_fee,b1_0.category_id,b1_0.cover_image_url,b1_0.created_at,b1_0.description,b1_0.isbn,b1_0.publish_year,b1_0.publisher_id,b1_0.rating_count,b1_0.title,b1_0.updated_at,b1_0.version from books b1_0 where b1_0.id=?
2026-09-25T19:03:08.721+07:00 DEBUG 34476 --- [library_management] [   scheduling-1] org.hibernate.SQL                        : select b1_0.id,b1_0.active,b1_0.average_rating,b1_0.borrow_fee,b1_0.category_id,b1_0.cover_image_url,b1_0.created_at,b1_0.description,b1_0.isbn,b1_0.publish_year,b1_0.publisher_id,b1_0.rating_count,b1_0.title,b1_0.updated_at,b1_0.version from books b1_0 where b1_0.id=?
2026-09-25T19:03:08.727+07:00 DEBUG 34476 --- [library_management] [   scheduling-1] org.hibernate.SQL                        : select count(bc1_0.id) from book_copies bc1_0 where bc1_0.book_id=? and bc1_0.status=?
2026-09-25T19:03:08.731+07:00 DEBUG 34476 --- [library_management] [   scheduling-1] org.hibernate.SQL                        : select count(bc1_0.id) from book_copies bc1_0 where bc1_0.book_id=? and bc1_0.status=?
2026-09-25T19:03:08.735+07:00 DEBUG 34476 --- [library_management] [   scheduling-1] org.hibernate.SQL                        : select count(bc1_0.id) from book_copies bc1_0 where bc1_0.book_id=? and bc1_0.status=?
2026-09-25T19:03:23.570+07:00 DEBUG 34476 --- [library_management] [   scheduling-1] org.hibernate.SQL                        : select br1_0.id,br1_0.book_copy_id,bc1_0.id,bc1_0.acquired_date,bc1_0.barcode,bc1_0.book_id,b1_0.id,b1_0.active,b1_0.average_rating,b1_0.borrow_fee,b1_0.category_id,b1_0.cover_image_url,b1_0.created_at,b1_0.description,b1_0.isbn,b1_0.publish_year,b1_0.publisher_id,b1_0.rating_count,b1_0.title,b1_0.updated_at,b1_0.version,bc1_0.created_at,bc1_0.shelf_location,bc1_0.status,bc1_0.updated_at,bc1_0.version,br1_0.borrow_days,br1_0.borrow_fee,br1_0.borrowed_at,br1_0.cancelled_at,br1_0.created_at,br1_0.deposit_amount,br1_0.deposit_refunded_at,br1_0.due_at,br1_0.paid_amount,br1_0.paid_at,br1_0.payment_code,br1_0.payment_method,br1_0.pickup_location,br1_0.reference_code,br1_0.returned_at,br1_0.status,br1_0.total_amount,br1_0.updated_at,br1_0.user_id,u1_0.id,u1_0.active,u1_0.created_at,u1_0.email,u1_0.full_name,u1_0.password_hash,u1_0.phone,u1_0.role,u1_0.updated_at from borrow_records br1_0 join book_copies bc1_0 on bc1_0.id=br1_0.book_copy_id join books b1_0 on b1_0.id=bc1_0.book_id join users u1_0 on u1_0.id=br1_0.user_id where br1_0.status=? and br1_0.due_at between ? and ?
2026-09-25T19:03:23.579+07:00 DEBUG 34476 --- [library_management] [   scheduling-1] org.hibernate.SQL                        : select br1_0.id,br1_0.book_copy_id,bc1_0.id,bc1_0.acquired_date,bc1_0.barcode,bc1_0.book_id,b1_0.id,b1_0.active,b1_0.average_rating,b1_0.borrow_fee,b1_0.category_id,b1_0.cover_image_url,b1_0.created_at,b1_0.description,b1_0.isbn,b1_0.publish_year,b1_0.publisher_id,b1_0.rating_count,b1_0.title,b1_0.updated_at,b1_0.version,bc1_0.created_at,bc1_0.shelf_location,bc1_0.status,bc1_0.updated_at,bc1_0.version,br1_0.borrow_days,br1_0.borrow_fee,br1_0.borrowed_at,br1_0.cancelled_at,br1_0.created_at,br1_0.deposit_amount,br1_0.deposit_refunded_at,br1_0.due_at,br1_0.paid_amount,br1_0.paid_at,br1_0.payment_code,br1_0.payment_method,br1_0.pickup_location,br1_0.reference_code,br1_0.returned_at,br1_0.status,br1_0.total_amount,br1_0.updated_at,br1_0.user_id,u1_0.id,u1_0.active,u1_0.created_at,u1_0.email,u1_0.full_name,u1_0.password_hash,u1_0.phone,u1_0.role,u1_0.updated_at from borrow_records br1_0 join book_copies bc1_0 on bc1_0.id=br1_0.book_copy_id join books b1_0 on b1_0.id=bc1_0.book_id join users u1_0 on u1_0.id=br1_0.user_id where br1_0.status in (?,?) and br1_0.due_at<?
2026-09-25T19:03:23.748+07:00 DEBUG 34476 --- [library_management] [   scheduling-1] org.hibernate.SQL                        : select bas1_0.id,bas1_0.book_id,bas1_0.created_at,bas1_0.last_available_quantity,bas1_0.user_id from book_availability_subscriptions bas1_0
2026-09-25T19:03:23.750+07:00 DEBUG 34476 --- [library_management] [   scheduling-1] org.hibernate.SQL                        : select b1_0.id,b1_0.active,b1_0.average_rating,b1_0.borrow_fee,b1_0.category_id,b1_0.cover_image_url,b1_0.created_at,b1_0.description,b1_0.isbn,b1_0.publish_year,b1_0.publisher_id,b1_0.rating_count,b1_0.title,b1_0.updated_at,b1_0.version from books b1_0 where b1_0.id=?
2026-09-25T19:03:23.753+07:00 DEBUG 34476 --- [library_management] [   scheduling-1] org.hibernate.SQL                        : select u1_0.id,u1_0.active,u1_0.created_at,u1_0.email,u1_0.full_name,u1_0.password_hash,u1_0.phone,u1_0.role,u1_0.updated_at from users u1_0 where u1_0.id=?
2026-09-25T19:03:23.756+07:00 DEBUG 34476 --- [library_management] [   scheduling-1] org.hibernate.SQL                        : select b1_0.id,b1_0.active,b1_0.average_rating,b1_0.borrow_fee,b1_0.category_id,b1_0.cover_image_url,b1_0.created_at,b1_0.description,b1_0.isbn,b1_0.publish_year,b1_0.publisher_id,b1_0.rating_count,b1_0.title,b1_0.updated_at,b1_0.version from books b1_0 where b1_0.id=?
2026-09-25T19:03:23.759+07:00 DEBUG 34476 --- [library_management] [   scheduling-1] org.hibernate.SQL                        : select b1_0.id,b1_0.active,b1_0.average_rating,b1_0.borrow_fee,b1_0.category_id,b1_0.cover_image_url,b1_0.created_at,b1_0.description,b1_0.isbn,b1_0.publish_year,b1_0.publisher_id,b1_0.rating_count,b1_0.title,b1_0.updated_at,b1_0.version from books b1_0 where b1_0.id=?
2026-09-25T19:03:23.765+07:00 DEBUG 34476 --- [library_management] [   scheduling-1] org.hibernate.SQL                        : select count(bc1_0.id) from book_copies bc1_0 where bc1_0.book_id=? and bc1_0.status=?
2026-09-25T19:03:23.768+07:00 DEBUG 34476 --- [library_management] [   scheduling-1] org.hibernate.SQL                        : select count(bc1_0.id) from book_copies bc1_0 where bc1_0.book_id=? and bc1_0.status=?
2026-09-25T19:03:23.772+07:00 DEBUG 34476 --- [library_management] [   scheduling-1] org.hibernate.SQL                        : select count(bc1_0.id) from book_copies bc1_0 where bc1_0.book_id=? and bc1_0.status=?
2026-09-25T19:03:38.794+07:00 DEBUG 34476 --- [library_management] [   scheduling-1] org.hibernate.SQL                        : select bas1_0.id,bas1_0.book_id,bas1_0.created_at,bas1_0.last_available_quantity,bas1_0.user_id from book_availability_subscriptions bas1_0
2026-09-25T19:03:38.797+07:00 DEBUG 34476 --- [library_management] [   scheduling-1] org.hibernate.SQL                        : select b1_0.id,b1_0.active,b1_0.average_rating,b1_0.borrow_fee,b1_0.category_id,b1_0.cover_image_url,b1_0.created_at,b1_0.description,b1_0.isbn,b1_0.publish_year,b1_0.publisher_id,b1_0.rating_count,b1_0.title,b1_0.updated_at,b1_0.version from books b1_0 where b1_0.id=?
2026-09-25T19:03:38.801+07:00 DEBUG 34476 --- [library_management] [   scheduling-1] org.hibernate.SQL                        : select u1_0.id,u1_0.active,u1_0.created_at,u1_0.email,u1_0.full_name,u1_0.password_hash,u1_0.phone,u1_0.role,u1_0.updated_at from users u1_0 where u1_0.id=?
2026-09-25T19:03:38.807+07:00 DEBUG 34476 --- [library_management] [   scheduling-1] org.hibernate.SQL                        : select b1_0.id,b1_0.active,b1_0.average_rating,b1_0.borrow_fee,b1_0.category_id,b1_0.cover_image_url,b1_0.created_at,b1_0.description,b1_0.isbn,b1_0.publish_year,b1_0.publisher_id,b1_0.rating_count,b1_0.title,b1_0.updated_at,b1_0.version from books b1_0 where b1_0.id=?
2026-09-25T19:03:38.812+07:00 DEBUG 34476 --- [library_management] [   scheduling-1] org.hibernate.SQL                        : select b1_0.id,b1_0.active,b1_0.average_rating,b1_0.borrow_fee,b1_0.category_id,b1_0.cover_image_url,b1_0.created_at,b1_0.description,b1_0.isbn,b1_0.publish_year,b1_0.publisher_id,b1_0.rating_count,b1_0.title,b1_0.updated_at,b1_0.version from books b1_0 where b1_0.id=?
2026-09-25T19:03:38.824+07:00 DEBUG 34476 --- [library_management] [   scheduling-1] org.hibernate.SQL                        : select count(bc1_0.id) from book_copies bc1_0 where bc1_0.book_id=? and bc1_0.status=?
2026-09-25T19:03:38.830+07:00 DEBUG 34476 --- [library_management] [   scheduling-1] org.hibernate.SQL                        : select count(bc1_0.id) from book_copies bc1_0 where bc1_0.book_id=? and bc1_0.status=?
2026-09-25T19:03:38.834+07:00 DEBUG 34476 --- [library_management] [   scheduling-1] org.hibernate.SQL                        : select count(bc1_0.id) from book_copies bc1_0 where bc1_0.book_id=? and bc1_0.status=?
2026-09-25T19:03:53.855+07:00 DEBUG 34476 --- [library_management] [   scheduling-1] org.hibernate.SQL                        : select bas1_0.id,bas1_0.book_id,bas1_0.created_at,bas1_0.last_available_quantity,bas1_0.user_id from book_availability_subscriptions bas1_0
2026-09-25T19:03:53.858+07:00 DEBUG 34476 --- [library_management] [   scheduling-1] org.hibernate.SQL                        : select b1_0.id,b1_0.active,b1_0.average_rating,b1_0.borrow_fee,b1_0.category_id,b1_0.cover_image_url,b1_0.created_at,b1_0.description,b1_0.isbn,b1_0.publish_year,b1_0.publisher_id,b1_0.rating_count,b1_0.title,b1_0.updated_at,b1_0.version from books b1_0 where b1_0.id=?
2026-09-25T19:03:53.861+07:00 DEBUG 34476 --- [library_management] [   scheduling-1] org.hibernate.SQL                        : select u1_0.id,u1_0.active,u1_0.created_at,u1_0.email,u1_0.full_name,u1_0.password_hash,u1_0.phone,u1_0.role,u1_0.updated_at from users u1_0 where u1_0.id=?
2026-09-25T19:03:53.864+07:00 DEBUG 34476 --- [library_management] [   scheduling-1] org.hibernate.SQL                        : select b1_0.id,b1_0.active,b1_0.average_rating,b1_0.borrow_fee,b1_0.category_id,b1_0.cover_image_url,b1_0.created_at,b1_0.description,b1_0.isbn,b1_0.publish_year,b1_0.publisher_id,b1_0.rating_count,b1_0.title,b1_0.updated_at,b1_0.version from books b1_0 where b1_0.id=?
2026-09-25T19:03:53.867+07:00 DEBUG 34476 --- [library_management] [   scheduling-1] org.hibernate.SQL                        : select b1_0.id,b1_0.active,b1_0.average_rating,b1_0.borrow_fee,b1_0.category_id,b1_0.cover_image_url,b1_0.created_at,b1_0.description,b1_0.isbn,b1_0.publish_year,b1_0.publisher_id,b1_0.rating_count,b1_0.title,b1_0.updated_at,b1_0.version from books b1_0 where b1_0.id=?
2026-09-25T19:03:53.875+07:00 DEBUG 34476 --- [library_management] [   scheduling-1] org.hibernate.SQL                        : select count(bc1_0.id) from book_copies bc1_0 where bc1_0.book_id=? and bc1_0.status=?
2026-09-25T19:03:53.879+07:00 DEBUG 34476 --- [library_management] [   scheduling-1] org.hibernate.SQL                        : select count(bc1_0.id) from book_copies bc1_0 where bc1_0.book_id=? and bc1_0.status=?
2026-09-25T19:03:53.882+07:00 DEBUG 34476 --- [library_management] [   scheduling-1] org.hibernate.SQL                        : select count(bc1_0.id) from book_copies bc1_0 where bc1_0.book_id=? and bc1_0.status=?
2026-09-25T19:04:08.889+07:00 DEBUG 34476 --- [library_management] [   scheduling-1] org.hibernate.SQL                        : select bas1_0.id,bas1_0.book_id,bas1_0.created_at,bas1_0.last_available_quantity,bas1_0.user_id from book_availability_subscriptions bas1_0
2026-09-25T19:04:08.891+07:00 DEBUG 34476 --- [library_management] [   scheduling-1] org.hibernate.SQL                        : select b1_0.id,b1_0.active,b1_0.average_rating,b1_0.borrow_fee,b1_0.category_id,b1_0.cover_image_url,b1_0.created_at,b1_0.description,b1_0.isbn,b1_0.publish_year,b1_0.publisher_id,b1_0.rating_count,b1_0.title,b1_0.updated_at,b1_0.version from books b1_0 where b1_0.id=?
2026-09-25T19:04:08.893+07:00 DEBUG 34476 --- [library_management] [   scheduling-1] org.hibernate.SQL                        : select u1_0.id,u1_0.active,u1_0.created_at,u1_0.email,u1_0.full_name,u1_0.password_hash,u1_0.phone,u1_0.role,u1_0.updated_at from users u1_0 where u1_0.id=?
2026-09-25T19:04:08.894+07:00 DEBUG 34476 --- [library_management] [   scheduling-1] org.hibernate.SQL                        : select b1_0.id,b1_0.active,b1_0.average_rating,b1_0.borrow_fee,b1_0.category_id,b1_0.cover_image_url,b1_0.created_at,b1_0.description,b1_0.isbn,b1_0.publish_year,b1_0.publisher_id,b1_0.rating_count,b1_0.title,b1_0.updated_at,b1_0.version from books b1_0 where b1_0.id=?
2026-09-25T19:04:08.895+07:00 DEBUG 34476 --- [library_management] [   scheduling-1] org.hibernate.SQL                        : select b1_0.id,b1_0.active,b1_0.average_rating,b1_0.borrow_fee,b1_0.category_id,b1_0.cover_image_url,b1_0.created_at,b1_0.description,b1_0.isbn,b1_0.publish_year,b1_0.publisher_id,b1_0.rating_count,b1_0.title,b1_0.updated_at,b1_0.version from books b1_0 where b1_0.id=?
2026-09-25T19:04:08.897+07:00 DEBUG 34476 --- [library_management] [   scheduling-1] org.hibernate.SQL                        : select count(bc1_0.id) from book_copies bc1_0 where bc1_0.book_id=? and bc1_0.status=?
2026-09-25T19:04:08.899+07:00 DEBUG 34476 --- [library_management] [   scheduling-1] org.hibernate.SQL                        : select count(bc1_0.id) from book_copies bc1_0 where bc1_0.book_id=? and bc1_0.status=?
2026-09-25T19:04:08.900+07:00 DEBUG 34476 --- [library_management] [   scheduling-1] org.hibernate.SQL                        : select count(bc1_0.id) from book_copies bc1_0 where bc1_0.book_id=? and bc1_0.status=?
2026-09-25T19:04:23.588+07:00 DEBUG 34476 --- [library_management] [   scheduling-1] org.hibernate.SQL                        : select br1_0.id,br1_0.book_copy_id,bc1_0.id,bc1_0.acquired_date,bc1_0.barcode,bc1_0.book_id,b1_0.id,b1_0.active,b1_0.average_rating,b1_0.borrow_fee,b1_0.category_id,b1_0.cover_image_url,b1_0.created_at,b1_0.description,b1_0.isbn,b1_0.publish_year,b1_0.publisher_id,b1_0.rating_count,b1_0.title,b1_0.updated_at,b1_0.version,bc1_0.created_at,bc1_0.shelf_location,bc1_0.status,bc1_0.updated_at,bc1_0.version,br1_0.borrow_days,br1_0.borrow_fee,br1_0.borrowed_at,br1_0.cancelled_at,br1_0.created_at,br1_0.deposit_amount,br1_0.deposit_refunded_at,br1_0.due_at,br1_0.paid_amount,br1_0.paid_at,br1_0.payment_code,br1_0.payment_method,br1_0.pickup_location,br1_0.reference_code,br1_0.returned_at,br1_0.status,br1_0.total_amount,br1_0.updated_at,br1_0.user_id,u1_0.id,u1_0.active,u1_0.created_at,u1_0.email,u1_0.full_name,u1_0.password_hash,u1_0.phone,u1_0.role,u1_0.updated_at from borrow_records br1_0 join book_copies bc1_0 on bc1_0.id=br1_0.book_copy_id join books b1_0 on b1_0.id=bc1_0.book_id join users u1_0 on u1_0.id=br1_0.user_id where br1_0.status=? and br1_0.due_at between ? and ?
2026-09-25T19:04:23.593+07:00 DEBUG 34476 --- [library_management] [   scheduling-1] org.hibernate.SQL                        : select br1_0.id,br1_0.book_copy_id,bc1_0.id,bc1_0.acquired_date,bc1_0.barcode,bc1_0.book_id,b1_0.id,b1_0.active,b1_0.average_rating,b1_0.borrow_fee,b1_0.category_id,b1_0.cover_image_url,b1_0.created_at,b1_0.description,b1_0.isbn,b1_0.publish_year,b1_0.publisher_id,b1_0.rating_count,b1_0.title,b1_0.updated_at,b1_0.version,bc1_0.created_at,bc1_0.shelf_location,bc1_0.status,bc1_0.updated_at,bc1_0.version,br1_0.borrow_days,br1_0.borrow_fee,br1_0.borrowed_at,br1_0.cancelled_at,br1_0.created_at,br1_0.deposit_amount,br1_0.deposit_refunded_at,br1_0.due_at,br1_0.paid_amount,br1_0.paid_at,br1_0.payment_code,br1_0.payment_method,br1_0.pickup_location,br1_0.reference_code,br1_0.returned_at,br1_0.status,br1_0.total_amount,br1_0.updated_at,br1_0.user_id,u1_0.id,u1_0.active,u1_0.created_at,u1_0.email,u1_0.full_name,u1_0.password_hash,u1_0.phone,u1_0.role,u1_0.updated_at from borrow_records br1_0 join book_copies bc1_0 on bc1_0.id=br1_0.book_copy_id join books b1_0 on b1_0.id=bc1_0.book_id join users u1_0 on u1_0.id=br1_0.user_id where br1_0.status in (?,?) and br1_0.due_at<?
2026-09-25T19:04:23.908+07:00 DEBUG 34476 --- [library_management] [   scheduling-1] org.hibernate.SQL                        : select bas1_0.id,bas1_0.book_id,bas1_0.created_at,bas1_0.last_available_quantity,bas1_0.user_id from book_availability_subscriptions bas1_0
2026-09-25T19:04:23.910+07:00 DEBUG 34476 --- [library_management] [   scheduling-1] org.hibernate.SQL                        : select b1_0.id,b1_0.active,b1_0.average_rating,b1_0.borrow_fee,b1_0.category_id,b1_0.cover_image_url,b1_0.created_at,b1_0.description,b1_0.isbn,b1_0.publish_year,b1_0.publisher_id,b1_0.rating_count,b1_0.title,b1_0.updated_at,b1_0.version from books b1_0 where b1_0.id=?
2026-09-25T19:04:23.912+07:00 DEBUG 34476 --- [library_management] [   scheduling-1] org.hibernate.SQL                        : select u1_0.id,u1_0.active,u1_0.created_at,u1_0.email,u1_0.full_name,u1_0.password_hash,u1_0.phone,u1_0.role,u1_0.updated_at from users u1_0 where u1_0.id=?
2026-09-25T19:04:23.916+07:00 DEBUG 34476 --- [library_management] [   scheduling-1] org.hibernate.SQL                        : select b1_0.id,b1_0.active,b1_0.average_rating,b1_0.borrow_fee,b1_0.category_id,b1_0.cover_image_url,b1_0.created_at,b1_0.description,b1_0.isbn,b1_0.publish_year,b1_0.publisher_id,b1_0.rating_count,b1_0.title,b1_0.updated_at,b1_0.version from books b1_0 where b1_0.id=?
2026-09-25T19:04:23.918+07:00 DEBUG 34476 --- [library_management] [   scheduling-1] org.hibernate.SQL                        : select b1_0.id,b1_0.active,b1_0.average_rating,b1_0.borrow_fee,b1_0.category_id,b1_0.cover_image_url,b1_0.created_at,b1_0.description,b1_0.isbn,b1_0.publish_year,b1_0.publisher_id,b1_0.rating_count,b1_0.title,b1_0.updated_at,b1_0.version from books b1_0 where b1_0.id=?
2026-09-25T19:04:23.921+07:00 DEBUG 34476 --- [library_management] [   scheduling-1] org.hibernate.SQL                        : select count(bc1_0.id) from book_copies bc1_0 where bc1_0.book_id=? and bc1_0.status=?
2026-09-25T19:04:23.924+07:00 DEBUG 34476 --- [library_management] [   scheduling-1] org.hibernate.SQL                        : select count(bc1_0.id) from book_copies bc1_0 where bc1_0.book_id=? and bc1_0.status=?
2026-09-25T19:04:23.926+07:00 DEBUG 34476 --- [library_management] [   scheduling-1] org.hibernate.SQL                        : select count(bc1_0.id) from book_copies bc1_0 where bc1_0.book_id=? and bc1_0.status=?
2026-09-25T19:04:38.933+07:00 DEBUG 34476 --- [library_management] [   scheduling-1] org.hibernate.SQL                        : select bas1_0.id,bas1_0.book_id,bas1_0.created_at,bas1_0.last_available_quantity,bas1_0.user_id from book_availability_subscriptions bas1_0
2026-09-25T19:04:38.935+07:00 DEBUG 34476 --- [library_management] [   scheduling-1] org.hibernate.SQL                        : select b1_0.id,b1_0.active,b1_0.average_rating,b1_0.borrow_fee,b1_0.category_id,b1_0.cover_image_url,b1_0.created_at,b1_0.description,b1_0.isbn,b1_0.publish_year,b1_0.publisher_id,b1_0.rating_count,b1_0.title,b1_0.updated_at,b1_0.version from books b1_0 where b1_0.id=?
2026-09-25T19:04:38.937+07:00 DEBUG 34476 --- [library_management] [   scheduling-1] org.hibernate.SQL                        : select u1_0.id,u1_0.active,u1_0.created_at,u1_0.email,u1_0.full_name,u1_0.password_hash,u1_0.phone,u1_0.role,u1_0.updated_at from users u1_0 where u1_0.id=?
2026-09-25T19:04:38.938+07:00 DEBUG 34476 --- [library_management] [   scheduling-1] org.hibernate.SQL                        : select b1_0.id,b1_0.active,b1_0.average_rating,b1_0.borrow_fee,b1_0.category_id,b1_0.cover_image_url,b1_0.created_at,b1_0.description,b1_0.isbn,b1_0.publish_year,b1_0.publisher_id,b1_0.rating_count,b1_0.title,b1_0.updated_at,b1_0.version from books b1_0 where b1_0.id=?
2026-09-25T19:04:38.939+07:00 DEBUG 34476 --- [library_management] [   scheduling-1] org.hibernate.SQL                        : select b1_0.id,b1_0.active,b1_0.average_rating,b1_0.borrow_fee,b1_0.category_id,b1_0.cover_image_url,b1_0.created_at,b1_0.description,b1_0.isbn,b1_0.publish_year,b1_0.publisher_id,b1_0.rating_count,b1_0.title,b1_0.updated_at,b1_0.version from books b1_0 where b1_0.id=?
2026-09-25T19:04:38.942+07:00 DEBUG 34476 --- [library_management] [   scheduling-1] org.hibernate.SQL                        : select count(bc1_0.id) from book_copies bc1_0 where bc1_0.book_id=? and bc1_0.status=?
2026-09-25T19:04:38.945+07:00 DEBUG 34476 --- [library_management] [   scheduling-1] org.hibernate.SQL                        : select count(bc1_0.id) from book_copies bc1_0 where bc1_0.book_id=? and bc1_0.status=?
2026-09-25T19:04:38.947+07:00 DEBUG 34476 --- [library_management] [   scheduling-1] org.hibernate.SQL                        : select count(bc1_0.id) from book_copies bc1_0 where bc1_0.book_id=? and bc1_0.status=?
2026-09-25T19:04:53.951+07:00 DEBUG 34476 --- [library_management] [   scheduling-1] org.hibernate.SQL                        : select bas1_0.id,bas1_0.book_id,bas1_0.created_at,bas1_0.last_available_quantity,bas1_0.user_id from book_availability_subscriptions bas1_0
2026-09-25T19:04:53.953+07:00 DEBUG 34476 --- [library_management] [   scheduling-1] org.hibernate.SQL                        : select b1_0.id,b1_0.active,b1_0.average_rating,b1_0.borrow_fee,b1_0.category_id,b1_0.cover_image_url,b1_0.created_at,b1_0.description,b1_0.isbn,b1_0.publish_year,b1_0.publisher_id,b1_0.rating_count,b1_0.title,b1_0.updated_at,b1_0.version from books b1_0 where b1_0.id=?
2026-09-25T19:04:53.955+07:00 DEBUG 34476 --- [library_management] [   scheduling-1] org.hibernate.SQL                        : select u1_0.id,u1_0.active,u1_0.created_at,u1_0.email,u1_0.full_name,u1_0.password_hash,u1_0.phone,u1_0.role,u1_0.updated_at from users u1_0 where u1_0.id=?
2026-09-25T19:04:53.957+07:00 DEBUG 34476 --- [library_management] [   scheduling-1] org.hibernate.SQL                        : select b1_0.id,b1_0.active,b1_0.average_rating,b1_0.borrow_fee,b1_0.category_id,b1_0.cover_image_url,b1_0.created_at,b1_0.description,b1_0.isbn,b1_0.publish_year,b1_0.publisher_id,b1_0.rating_count,b1_0.title,b1_0.updated_at,b1_0.version from books b1_0 where b1_0.id=?
2026-09-25T19:04:53.958+07:00 DEBUG 34476 --- [library_management] [   scheduling-1] org.hibernate.SQL                        : select b1_0.id,b1_0.active,b1_0.average_rating,b1_0.borrow_fee,b1_0.category_id,b1_0.cover_image_url,b1_0.created_at,b1_0.description,b1_0.isbn,b1_0.publish_year,b1_0.publisher_id,b1_0.rating_count,b1_0.title,b1_0.updated_at,b1_0.version from books b1_0 where b1_0.id=?
2026-09-25T19:04:53.960+07:00 DEBUG 34476 --- [library_management] [   scheduling-1] org.hibernate.SQL                        : select count(bc1_0.id) from book_copies bc1_0 where bc1_0.book_id=? and bc1_0.status=?
2026-09-25T19:04:53.963+07:00 DEBUG 34476 --- [library_management] [   scheduling-1] org.hibernate.SQL                        : select count(bc1_0.id) from book_copies bc1_0 where bc1_0.book_id=? and bc1_0.status=?
2026-09-25T19:04:53.965+07:00 DEBUG 34476 --- [library_management] [   scheduling-1] org.hibernate.SQL                        : select count(bc1_0.id) from book_copies bc1_0 where bc1_0.book_id=? and bc1_0.status=?
2026-09-25T19:05:08.970+07:00 DEBUG 34476 --- [library_management] [   scheduling-1] org.hibernate.SQL                        : select bas1_0.id,bas1_0.book_id,bas1_0.created_at,bas1_0.last_available_quantity,bas1_0.user_id from book_availability_subscriptions bas1_0
2026-09-25T19:05:08.972+07:00 DEBUG 34476 --- [library_management] [   scheduling-1] org.hibernate.SQL                        : select b1_0.id,b1_0.active,b1_0.average_rating,b1_0.borrow_fee,b1_0.category_id,b1_0.cover_image_url,b1_0.created_at,b1_0.description,b1_0.isbn,b1_0.publish_year,b1_0.publisher_id,b1_0.rating_count,b1_0.title,b1_0.updated_at,b1_0.version from books b1_0 where b1_0.id=?
2026-09-25T19:05:08.974+07:00 DEBUG 34476 --- [library_management] [   scheduling-1] org.hibernate.SQL                        : select u1_0.id,u1_0.active,u1_0.created_at,u1_0.email,u1_0.full_name,u1_0.password_hash,u1_0.phone,u1_0.role,u1_0.updated_at from users u1_0 where u1_0.id=?
2026-09-25T19:05:08.975+07:00 DEBUG 34476 --- [library_management] [   scheduling-1] org.hibernate.SQL                        : select b1_0.id,b1_0.active,b1_0.average_rating,b1_0.borrow_fee,b1_0.category_id,b1_0.cover_image_url,b1_0.created_at,b1_0.description,b1_0.isbn,b1_0.publish_year,b1_0.publisher_id,b1_0.rating_count,b1_0.title,b1_0.updated_at,b1_0.version from books b1_0 where b1_0.id=?
2026-09-25T19:05:08.979+07:00 DEBUG 34476 --- [library_management] [   scheduling-1] org.hibernate.SQL                        : select b1_0.id,b1_0.active,b1_0.average_rating,b1_0.borrow_fee,b1_0.category_id,b1_0.cover_image_url,b1_0.created_at,b1_0.description,b1_0.isbn,b1_0.publish_year,b1_0.publisher_id,b1_0.rating_count,b1_0.title,b1_0.updated_at,b1_0.version from books b1_0 where b1_0.id=?
2026-09-25T19:05:08.982+07:00 DEBUG 34476 --- [library_management] [   scheduling-1] org.hibernate.SQL                        : select count(bc1_0.id) from book_copies bc1_0 where bc1_0.book_id=? and bc1_0.status=?
2026-09-25T19:05:08.984+07:00 DEBUG 34476 --- [library_management] [   scheduling-1] org.hibernate.SQL                        : select count(bc1_0.id) from book_copies bc1_0 where bc1_0.book_id=? and bc1_0.status=?
2026-09-25T19:05:08.987+07:00 DEBUG 34476 --- [library_management] [   scheduling-1] org.hibernate.SQL                        : select count(bc1_0.id) from book_copies bc1_0 where bc1_0.book_id=? and bc1_0.status=?
2026-09-25T19:05:23.603+07:00 DEBUG 34476 --- [library_management] [   scheduling-1] org.hibernate.SQL                        : select br1_0.id,br1_0.book_copy_id,bc1_0.id,bc1_0.acquired_date,bc1_0.barcode,bc1_0.book_id,b1_0.id,b1_0.active,b1_0.average_rating,b1_0.borrow_fee,b1_0.category_id,b1_0.cover_image_url,b1_0.created_at,b1_0.description,b1_0.isbn,b1_0.publish_year,b1_0.publisher_id,b1_0.rating_count,b1_0.title,b1_0.updated_at,b1_0.version,bc1_0.created_at,bc1_0.shelf_location,bc1_0.status,bc1_0.updated_at,bc1_0.version,br1_0.borrow_days,br1_0.borrow_fee,br1_0.borrowed_at,br1_0.cancelled_at,br1_0.created_at,br1_0.deposit_amount,br1_0.deposit_refunded_at,br1_0.due_at,br1_0.paid_amount,br1_0.paid_at,br1_0.payment_code,br1_0.payment_method,br1_0.pickup_location,br1_0.reference_code,br1_0.returned_at,br1_0.status,br1_0.total_amount,br1_0.updated_at,br1_0.user_id,u1_0.id,u1_0.active,u1_0.created_at,u1_0.email,u1_0.full_name,u1_0.password_hash,u1_0.phone,u1_0.role,u1_0.updated_at from borrow_records br1_0 join book_copies bc1_0 on bc1_0.id=br1_0.book_copy_id join books b1_0 on b1_0.id=bc1_0.book_id join users u1_0 on u1_0.id=br1_0.user_id where br1_0.status=? and br1_0.due_at between ? and ?
2026-09-25T19:05:23.609+07:00 DEBUG 34476 --- [library_management] [   scheduling-1] org.hibernate.SQL                        : select br1_0.id,br1_0.book_copy_id,bc1_0.id,bc1_0.acquired_date,bc1_0.barcode,bc1_0.book_id,b1_0.id,b1_0.active,b1_0.average_rating,b1_0.borrow_fee,b1_0.category_id,b1_0.cover_image_url,b1_0.created_at,b1_0.description,b1_0.isbn,b1_0.publish_year,b1_0.publisher_id,b1_0.rating_count,b1_0.title,b1_0.updated_at,b1_0.version,bc1_0.created_at,bc1_0.shelf_location,bc1_0.status,bc1_0.updated_at,bc1_0.version,br1_0.borrow_days,br1_0.borrow_fee,br1_0.borrowed_at,br1_0.cancelled_at,br1_0.created_at,br1_0.deposit_amount,br1_0.deposit_refunded_at,br1_0.due_at,br1_0.paid_amount,br1_0.paid_at,br1_0.payment_code,br1_0.payment_method,br1_0.pickup_location,br1_0.reference_code,br1_0.returned_at,br1_0.status,br1_0.total_amount,br1_0.updated_at,br1_0.user_id,u1_0.id,u1_0.active,u1_0.created_at,u1_0.email,u1_0.full_name,u1_0.password_hash,u1_0.phone,u1_0.role,u1_0.updated_at from borrow_records br1_0 join book_copies bc1_0 on bc1_0.id=br1_0.book_copy_id join books b1_0 on b1_0.id=bc1_0.book_id join users u1_0 on u1_0.id=br1_0.user_id where br1_0.status in (?,?) and br1_0.due_at<?
2026-09-25T19:05:23.992+07:00 DEBUG 34476 --- [library_management] [   scheduling-1] org.hibernate.SQL                        : select bas1_0.id,bas1_0.book_id,bas1_0.created_at,bas1_0.last_available_quantity,bas1_0.user_id from book_availability_subscriptions bas1_0
2026-09-25T19:05:23.993+07:00 DEBUG 34476 --- [library_management] [   scheduling-1] org.hibernate.SQL                        : select b1_0.id,b1_0.active,b1_0.average_rating,b1_0.borrow_fee,b1_0.category_id,b1_0.cover_image_url,b1_0.created_at,b1_0.description,b1_0.isbn,b1_0.publish_year,b1_0.publisher_id,b1_0.rating_count,b1_0.title,b1_0.updated_at,b1_0.version from books b1_0 where b1_0.id=?
2026-09-25T19:05:23.995+07:00 DEBUG 34476 --- [library_management] [   scheduling-1] org.hibernate.SQL                        : select u1_0.id,u1_0.active,u1_0.created_at,u1_0.email,u1_0.full_name,u1_0.password_hash,u1_0.phone,u1_0.role,u1_0.updated_at from users u1_0 where u1_0.id=?
2026-09-25T19:05:23.998+07:00 DEBUG 34476 --- [library_management] [   scheduling-1] org.hibernate.SQL                        : select b1_0.id,b1_0.active,b1_0.average_rating,b1_0.borrow_fee,b1_0.category_id,b1_0.cover_image_url,b1_0.created_at,b1_0.description,b1_0.isbn,b1_0.publish_year,b1_0.publisher_id,b1_0.rating_count,b1_0.title,b1_0.updated_at,b1_0.version from books b1_0 where b1_0.id=?
2026-09-25T19:05:23.999+07:00 DEBUG 34476 --- [library_management] [   scheduling-1] org.hibernate.SQL                        : select b1_0.id,b1_0.active,b1_0.average_rating,b1_0.borrow_fee,b1_0.category_id,b1_0.cover_image_url,b1_0.created_at,b1_0.description,b1_0.isbn,b1_0.publish_year,b1_0.publisher_id,b1_0.rating_count,b1_0.title,b1_0.updated_at,b1_0.version from books b1_0 where b1_0.id=?
2026-09-25T19:05:24.001+07:00 DEBUG 34476 --- [library_management] [   scheduling-1] org.hibernate.SQL                        : select count(bc1_0.id) from book_copies bc1_0 where bc1_0.book_id=? and bc1_0.status=?
2026-09-25T19:05:24.003+07:00 DEBUG 34476 --- [library_management] [   scheduling-1] org.hibernate.SQL                        : select count(bc1_0.id) from book_copies bc1_0 where bc1_0.book_id=? and bc1_0.status=?
2026-09-25T19:05:24.005+07:00 DEBUG 34476 --- [library_management] [   scheduling-1] org.hibernate.SQL                        : select count(bc1_0.id) from book_copies bc1_0 where bc1_0.book_id=? and bc1_0.status=?
2026-09-25T19:05:39.009+07:00 DEBUG 34476 --- [library_management] [   scheduling-1] org.hibernate.SQL                        : select bas1_0.id,bas1_0.book_id,bas1_0.created_at,bas1_0.last_available_quantity,bas1_0.user_id from book_availability_subscriptions bas1_0
2026-09-25T19:05:39.011+07:00 DEBUG 34476 --- [library_management] [   scheduling-1] org.hibernate.SQL                        : select b1_0.id,b1_0.active,b1_0.average_rating,b1_0.borrow_fee,b1_0.category_id,b1_0.cover_image_url,b1_0.created_at,b1_0.description,b1_0.isbn,b1_0.publish_year,b1_0.publisher_id,b1_0.rating_count,b1_0.title,b1_0.updated_at,b1_0.version from books b1_0 where b1_0.id=?
2026-09-25T19:05:39.013+07:00 DEBUG 34476 --- [library_management] [   scheduling-1] org.hibernate.SQL                        : select u1_0.id,u1_0.active,u1_0.created_at,u1_0.email,u1_0.full_name,u1_0.password_hash,u1_0.phone,u1_0.role,u1_0.updated_at from users u1_0 where u1_0.id=?
2026-09-25T19:05:39.015+07:00 DEBUG 34476 --- [library_management] [   scheduling-1] org.hibernate.SQL                        : select b1_0.id,b1_0.active,b1_0.average_rating,b1_0.borrow_fee,b1_0.category_id,b1_0.cover_image_url,b1_0.created_at,b1_0.description,b1_0.isbn,b1_0.publish_year,b1_0.publisher_id,b1_0.rating_count,b1_0.title,b1_0.updated_at,b1_0.version from books b1_0 where b1_0.id=?
2026-09-25T19:05:39.016+07:00 DEBUG 34476 --- [library_management] [   scheduling-1] org.hibernate.SQL                        : select b1_0.id,b1_0.active,b1_0.average_rating,b1_0.borrow_fee,b1_0.category_id,b1_0.cover_image_url,b1_0.created_at,b1_0.description,b1_0.isbn,b1_0.publish_year,b1_0.publisher_id,b1_0.rating_count,b1_0.title,b1_0.updated_at,b1_0.version from books b1_0 where b1_0.id=?
2026-09-25T19:05:39.018+07:00 DEBUG 34476 --- [library_management] [   scheduling-1] org.hibernate.SQL                        : select count(bc1_0.id) from book_copies bc1_0 where bc1_0.book_id=? and bc1_0.status=?
2026-09-25T19:05:39.020+07:00 DEBUG 34476 --- [library_management] [   scheduling-1] org.hibernate.SQL                        : select count(bc1_0.id) from book_copies bc1_0 where bc1_0.book_id=? and bc1_0.status=?
2026-09-25T19:05:39.022+07:00 DEBUG 34476 --- [library_management] [   scheduling-1] org.hibernate.SQL                        : select count(bc1_0.id) from book_copies bc1_0 where bc1_0.book_id=? and bc1_0.status=?
2026-09-25T19:05:54.027+07:00 DEBUG 34476 --- [library_management] [   scheduling-1] org.hibernate.SQL                        : select bas1_0.id,bas1_0.book_id,bas1_0.created_at,bas1_0.last_available_quantity,bas1_0.user_id from book_availability_subscriptions bas1_0
2026-09-25T19:05:54.039+07:00 DEBUG 34476 --- [library_management] [   scheduling-1] org.hibernate.SQL                        : select b1_0.id,b1_0.active,b1_0.average_rating,b1_0.borrow_fee,b1_0.category_id,b1_0.cover_image_url,b1_0.created_at,b1_0.description,b1_0.isbn,b1_0.publish_year,b1_0.publisher_id,b1_0.rating_count,b1_0.title,b1_0.updated_at,b1_0.version from books b1_0 where b1_0.id=?
2026-09-25T19:05:54.040+07:00 DEBUG 34476 --- [library_management] [   scheduling-1] org.hibernate.SQL                        : select u1_0.id,u1_0.active,u1_0.created_at,u1_0.email,u1_0.full_name,u1_0.password_hash,u1_0.phone,u1_0.role,u1_0.updated_at from users u1_0 where u1_0.id=?
2026-09-25T19:05:54.041+07:00 DEBUG 34476 --- [library_management] [   scheduling-1] org.hibernate.SQL                        : select b1_0.id,b1_0.active,b1_0.average_rating,b1_0.borrow_fee,b1_0.category_id,b1_0.cover_image_url,b1_0.created_at,b1_0.description,b1_0.isbn,b1_0.publish_year,b1_0.publisher_id,b1_0.rating_count,b1_0.title,b1_0.updated_at,b1_0.version from books b1_0 where b1_0.id=?
2026-09-25T19:05:54.043+07:00 DEBUG 34476 --- [library_management] [   scheduling-1] org.hibernate.SQL                        : select b1_0.id,b1_0.active,b1_0.average_rating,b1_0.borrow_fee,b1_0.category_id,b1_0.cover_image_url,b1_0.created_at,b1_0.description,b1_0.isbn,b1_0.publish_year,b1_0.publisher_id,b1_0.rating_count,b1_0.title,b1_0.updated_at,b1_0.version from books b1_0 where b1_0.id=?
2026-09-25T19:05:54.046+07:00 DEBUG 34476 --- [library_management] [   scheduling-1] org.hibernate.SQL                        : select count(bc1_0.id) from book_copies bc1_0 where bc1_0.book_id=? and bc1_0.status=?
2026-09-25T19:05:54.048+07:00 DEBUG 34476 --- [library_management] [   scheduling-1] org.hibernate.SQL                        : select count(bc1_0.id) from book_copies bc1_0 where bc1_0.book_id=? and bc1_0.status=?
2026-09-25T19:05:54.050+07:00 DEBUG 34476 --- [library_management] [   scheduling-1] org.hibernate.SQL                        : select count(bc1_0.id) from book_copies bc1_0 where bc1_0.book_id=? and bc1_0.status=?
2026-09-25T19:06:09.055+07:00 DEBUG 34476 --- [library_management] [   scheduling-1] org.hibernate.SQL                        : select bas1_0.id,bas1_0.book_id,bas1_0.created_at,bas1_0.last_available_quantity,bas1_0.user_id from book_availability_subscriptions bas1_0
2026-09-25T19:06:09.057+07:00 DEBUG 34476 --- [library_management] [   scheduling-1] org.hibernate.SQL                        : select b1_0.id,b1_0.active,b1_0.average_rating,b1_0.borrow_fee,b1_0.category_id,b1_0.cover_image_url,b1_0.created_at,b1_0.description,b1_0.isbn,b1_0.publish_year,b1_0.publisher_id,b1_0.rating_count,b1_0.title,b1_0.updated_at,b1_0.version from books b1_0 where b1_0.id=?
2026-09-25T19:06:09.059+07:00 DEBUG 34476 --- [library_management] [   scheduling-1] org.hibernate.SQL                        : select u1_0.id,u1_0.active,u1_0.created_at,u1_0.email,u1_0.full_name,u1_0.password_hash,u1_0.phone,u1_0.role,u1_0.updated_at from users u1_0 where u1_0.id=?
2026-09-25T19:06:09.060+07:00 DEBUG 34476 --- [library_management] [   scheduling-1] org.hibernate.SQL                        : select b1_0.id,b1_0.active,b1_0.average_rating,b1_0.borrow_fee,b1_0.category_id,b1_0.cover_image_url,b1_0.created_at,b1_0.description,b1_0.isbn,b1_0.publish_year,b1_0.publisher_id,b1_0.rating_count,b1_0.title,b1_0.updated_at,b1_0.version from books b1_0 where b1_0.id=?
2026-09-25T19:06:09.063+07:00 DEBUG 34476 --- [library_management] [   scheduling-1] org.hibernate.SQL                        : select b1_0.id,b1_0.active,b1_0.average_rating,b1_0.borrow_fee,b1_0.category_id,b1_0.cover_image_url,b1_0.created_at,b1_0.description,b1_0.isbn,b1_0.publish_year,b1_0.publisher_id,b1_0.rating_count,b1_0.title,b1_0.updated_at,b1_0.version from books b1_0 where b1_0.id=?
2026-09-25T19:06:09.066+07:00 DEBUG 34476 --- [library_management] [   scheduling-1] org.hibernate.SQL                        : select count(bc1_0.id) from book_copies bc1_0 where bc1_0.book_id=? and bc1_0.status=?
2026-09-25T19:06:09.068+07:00 DEBUG 34476 --- [library_management] [   scheduling-1] org.hibernate.SQL                        : select count(bc1_0.id) from book_copies bc1_0 where bc1_0.book_id=? and bc1_0.status=?
2026-09-25T19:06:09.070+07:00 DEBUG 34476 --- [library_management] [   scheduling-1] org.hibernate.SQL                        : select count(bc1_0.id) from book_copies bc1_0 where bc1_0.book_id=? and bc1_0.status=?
2026-09-25T19:06:23.616+07:00 DEBUG 34476 --- [library_management] [   scheduling-1] org.hibernate.SQL                        : select br1_0.id,br1_0.book_copy_id,bc1_0.id,bc1_0.acquired_date,bc1_0.barcode,bc1_0.book_id,b1_0.id,b1_0.active,b1_0.average_rating,b1_0.borrow_fee,b1_0.category_id,b1_0.cover_image_url,b1_0.created_at,b1_0.description,b1_0.isbn,b1_0.publish_year,b1_0.publisher_id,b1_0.rating_count,b1_0.title,b1_0.updated_at,b1_0.version,bc1_0.created_at,bc1_0.shelf_location,bc1_0.status,bc1_0.updated_at,bc1_0.version,br1_0.borrow_days,br1_0.borrow_fee,br1_0.borrowed_at,br1_0.cancelled_at,br1_0.created_at,br1_0.deposit_amount,br1_0.deposit_refunded_at,br1_0.due_at,br1_0.paid_amount,br1_0.paid_at,br1_0.payment_code,br1_0.payment_method,br1_0.pickup_location,br1_0.reference_code,br1_0.returned_at,br1_0.status,br1_0.total_amount,br1_0.updated_at,br1_0.user_id,u1_0.id,u1_0.active,u1_0.created_at,u1_0.email,u1_0.full_name,u1_0.password_hash,u1_0.phone,u1_0.role,u1_0.updated_at from borrow_records br1_0 join book_copies bc1_0 on bc1_0.id=br1_0.book_copy_id join books b1_0 on b1_0.id=bc1_0.book_id join users u1_0 on u1_0.id=br1_0.user_id where br1_0.status=? and br1_0.due_at between ? and ?
2026-09-25T19:06:23.620+07:00 DEBUG 34476 --- [library_management] [   scheduling-1] org.hibernate.SQL                        : select br1_0.id,br1_0.book_copy_id,bc1_0.id,bc1_0.acquired_date,bc1_0.barcode,bc1_0.book_id,b1_0.id,b1_0.active,b1_0.average_rating,b1_0.borrow_fee,b1_0.category_id,b1_0.cover_image_url,b1_0.created_at,b1_0.description,b1_0.isbn,b1_0.publish_year,b1_0.publisher_id,b1_0.rating_count,b1_0.title,b1_0.updated_at,b1_0.version,bc1_0.created_at,bc1_0.shelf_location,bc1_0.status,bc1_0.updated_at,bc1_0.version,br1_0.borrow_days,br1_0.borrow_fee,br1_0.borrowed_at,br1_0.cancelled_at,br1_0.created_at,br1_0.deposit_amount,br1_0.deposit_refunded_at,br1_0.due_at,br1_0.paid_amount,br1_0.paid_at,br1_0.payment_code,br1_0.payment_method,br1_0.pickup_location,br1_0.reference_code,br1_0.returned_at,br1_0.status,br1_0.total_amount,br1_0.updated_at,br1_0.user_id,u1_0.id,u1_0.active,u1_0.created_at,u1_0.email,u1_0.full_name,u1_0.password_hash,u1_0.phone,u1_0.role,u1_0.updated_at from borrow_records br1_0 join book_copies bc1_0 on bc1_0.id=br1_0.book_copy_id join books b1_0 on b1_0.id=bc1_0.book_id join users u1_0 on u1_0.id=br1_0.user_id where br1_0.status in (?,?) and br1_0.due_at<?
2026-09-25T19:06:24.074+07:00 DEBUG 34476 --- [library_management] [   scheduling-1] org.hibernate.SQL                        : select bas1_0.id,bas1_0.book_id,bas1_0.created_at,bas1_0.last_available_quantity,bas1_0.user_id from book_availability_subscriptions bas1_0
2026-09-25T19:06:24.076+07:00 DEBUG 34476 --- [library_management] [   scheduling-1] org.hibernate.SQL                        : select b1_0.id,b1_0.active,b1_0.average_rating,b1_0.borrow_fee,b1_0.category_id,b1_0.cover_image_url,b1_0.created_at,b1_0.description,b1_0.isbn,b1_0.publish_year,b1_0.publisher_id,b1_0.rating_count,b1_0.title,b1_0.updated_at,b1_0.version from books b1_0 where b1_0.id=?
2026-09-25T19:06:24.077+07:00 DEBUG 34476 --- [library_management] [   scheduling-1] org.hibernate.SQL                        : select u1_0.id,u1_0.active,u1_0.created_at,u1_0.email,u1_0.full_name,u1_0.password_hash,u1_0.phone,u1_0.role,u1_0.updated_at from users u1_0 where u1_0.id=?
2026-09-25T19:06:24.079+07:00 DEBUG 34476 --- [library_management] [   scheduling-1] org.hibernate.SQL                        : select b1_0.id,b1_0.active,b1_0.average_rating,b1_0.borrow_fee,b1_0.category_id,b1_0.cover_image_url,b1_0.created_at,b1_0.description,b1_0.isbn,b1_0.publish_year,b1_0.publisher_id,b1_0.rating_count,b1_0.title,b1_0.updated_at,b1_0.version from books b1_0 where b1_0.id=?
2026-09-25T19:06:24.081+07:00 DEBUG 34476 --- [library_management] [   scheduling-1] org.hibernate.SQL                        : select b1_0.id,b1_0.active,b1_0.average_rating,b1_0.borrow_fee,b1_0.category_id,b1_0.cover_image_url,b1_0.created_at,b1_0.description,b1_0.isbn,b1_0.publish_year,b1_0.publisher_id,b1_0.rating_count,b1_0.title,b1_0.updated_at,b1_0.version from books b1_0 where b1_0.id=?
2026-09-25T19:06:24.083+07:00 DEBUG 34476 --- [library_management] [   scheduling-1] org.hibernate.SQL                        : select count(bc1_0.id) from book_copies bc1_0 where bc1_0.book_id=? and bc1_0.status=?
2026-09-25T19:06:24.085+07:00 DEBUG 34476 --- [library_management] [   scheduling-1] org.hibernate.SQL                        : select count(bc1_0.id) from book_copies bc1_0 where bc1_0.book_id=? and bc1_0.status=?
2026-09-25T19:06:24.086+07:00 DEBUG 34476 --- [library_management] [   scheduling-1] org.hibernate.SQL                        : select count(bc1_0.id) from book_copies bc1_0 where bc1_0.book_id=? and bc1_0.status=?
2026-09-25T19:06:39.091+07:00 DEBUG 34476 --- [library_management] [   scheduling-1] org.hibernate.SQL                        : select bas1_0.id,bas1_0.book_id,bas1_0.created_at,bas1_0.last_available_quantity,bas1_0.user_id from book_availability_subscriptions bas1_0
2026-09-25T19:06:39.092+07:00 DEBUG 34476 --- [library_management] [   scheduling-1] org.hibernate.SQL                        : select b1_0.id,b1_0.active,b1_0.average_rating,b1_0.borrow_fee,b1_0.category_id,b1_0.cover_image_url,b1_0.created_at,b1_0.description,b1_0.isbn,b1_0.publish_year,b1_0.publisher_id,b1_0.rating_count,b1_0.title,b1_0.updated_at,b1_0.version from books b1_0 where b1_0.id=?
2026-09-25T19:06:39.094+07:00 DEBUG 34476 --- [library_management] [   scheduling-1] org.hibernate.SQL                        : select u1_0.id,u1_0.active,u1_0.created_at,u1_0.email,u1_0.full_name,u1_0.password_hash,u1_0.phone,u1_0.role,u1_0.updated_at from users u1_0 where u1_0.id=?
2026-09-25T19:06:39.096+07:00 DEBUG 34476 --- [library_management] [   scheduling-1] org.hibernate.SQL                        : select b1_0.id,b1_0.active,b1_0.average_rating,b1_0.borrow_fee,b1_0.category_id,b1_0.cover_image_url,b1_0.created_at,b1_0.description,b1_0.isbn,b1_0.publish_year,b1_0.publisher_id,b1_0.rating_count,b1_0.title,b1_0.updated_at,b1_0.version from books b1_0 where b1_0.id=?
2026-09-25T19:06:39.098+07:00 DEBUG 34476 --- [library_management] [   scheduling-1] org.hibernate.SQL                        : select b1_0.id,b1_0.active,b1_0.average_rating,b1_0.borrow_fee,b1_0.category_id,b1_0.cover_image_url,b1_0.created_at,b1_0.description,b1_0.isbn,b1_0.publish_year,b1_0.publisher_id,b1_0.rating_count,b1_0.title,b1_0.updated_at,b1_0.version from books b1_0 where b1_0.id=?
2026-09-25T19:06:39.100+07:00 DEBUG 34476 --- [library_management] [   scheduling-1] org.hibernate.SQL                        : select count(bc1_0.id) from book_copies bc1_0 where bc1_0.book_id=? and bc1_0.status=?
2026-09-25T19:06:39.103+07:00 DEBUG 34476 --- [library_management] [   scheduling-1] org.hibernate.SQL                        : select count(bc1_0.id) from book_copies bc1_0 where bc1_0.book_id=? and bc1_0.status=?
2026-09-25T19:06:39.105+07:00 DEBUG 34476 --- [library_management] [   scheduling-1] org.hibernate.SQL                        : select count(bc1_0.id) from book_copies bc1_0 where bc1_0.book_id=? and bc1_0.status=?
2026-09-25T19:06:54.111+07:00 DEBUG 34476 --- [library_management] [   scheduling-1] org.hibernate.SQL                        : select bas1_0.id,bas1_0.book_id,bas1_0.created_at,bas1_0.last_available_quantity,bas1_0.user_id from book_availability_subscriptions bas1_0
2026-09-25T19:06:54.114+07:00 DEBUG 34476 --- [library_management] [   scheduling-1] org.hibernate.SQL                        : select b1_0.id,b1_0.active,b1_0.average_rating,b1_0.borrow_fee,b1_0.category_id,b1_0.cover_image_url,b1_0.created_at,b1_0.description,b1_0.isbn,b1_0.publish_year,b1_0.publisher_id,b1_0.rating_count,b1_0.title,b1_0.updated_at,b1_0.version from books b1_0 where b1_0.id=?
2026-09-25T19:06:54.115+07:00 DEBUG 34476 --- [library_management] [   scheduling-1] org.hibernate.SQL                        : select u1_0.id,u1_0.active,u1_0.created_at,u1_0.email,u1_0.full_name,u1_0.password_hash,u1_0.phone,u1_0.role,u1_0.updated_at from users u1_0 where u1_0.id=?
2026-09-25T19:06:54.118+07:00 DEBUG 34476 --- [library_management] [   scheduling-1] org.hibernate.SQL                        : select b1_0.id,b1_0.active,b1_0.average_rating,b1_0.borrow_fee,b1_0.category_id,b1_0.cover_image_url,b1_0.created_at,b1_0.description,b1_0.isbn,b1_0.publish_year,b1_0.publisher_id,b1_0.rating_count,b1_0.title,b1_0.updated_at,b1_0.version from books b1_0 where b1_0.id=?
2026-09-25T19:06:54.119+07:00 DEBUG 34476 --- [library_management] [   scheduling-1] org.hibernate.SQL                        : select b1_0.id,b1_0.active,b1_0.average_rating,b1_0.borrow_fee,b1_0.category_id,b1_0.cover_image_url,b1_0.created_at,b1_0.description,b1_0.isbn,b1_0.publish_year,b1_0.publisher_id,b1_0.rating_count,b1_0.title,b1_0.updated_at,b1_0.version from books b1_0 where b1_0.id=?
2026-09-25T19:06:54.123+07:00 DEBUG 34476 --- [library_management] [   scheduling-1] org.hibernate.SQL                        : select count(bc1_0.id) from book_copies bc1_0 where bc1_0.book_id=? and bc1_0.status=?
2026-09-25T19:06:54.125+07:00 DEBUG 34476 --- [library_management] [   scheduling-1] org.hibernate.SQL                        : select count(bc1_0.id) from book_copies bc1_0 where bc1_0.book_id=? and bc1_0.status=?
2026-09-25T19:06:54.128+07:00 DEBUG 34476 --- [library_management] [   scheduling-1] org.hibernate.SQL                        : select count(bc1_0.id) from book_copies bc1_0 where bc1_0.book_id=? and bc1_0.status=?
2026-09-25T19:07:09.144+07:00 DEBUG 34476 --- [library_management] [   scheduling-1] org.hibernate.SQL                        : select bas1_0.id,bas1_0.book_id,bas1_0.created_at,bas1_0.last_available_quantity,bas1_0.user_id from book_availability_subscriptions bas1_0
2026-09-25T19:07:09.147+07:00 DEBUG 34476 --- [library_management] [   scheduling-1] org.hibernate.SQL                        : select b1_0.id,b1_0.active,b1_0.average_rating,b1_0.borrow_fee,b1_0.category_id,b1_0.cover_image_url,b1_0.created_at,b1_0.description,b1_0.isbn,b1_0.publish_year,b1_0.publisher_id,b1_0.rating_count,b1_0.title,b1_0.updated_at,b1_0.version from books b1_0 where b1_0.id=?
2026-09-25T19:07:09.149+07:00 DEBUG 34476 --- [library_management] [   scheduling-1] org.hibernate.SQL                        : select u1_0.id,u1_0.active,u1_0.created_at,u1_0.email,u1_0.full_name,u1_0.password_hash,u1_0.phone,u1_0.role,u1_0.updated_at from users u1_0 where u1_0.id=?
2026-09-25T19:07:09.152+07:00 DEBUG 34476 --- [library_management] [   scheduling-1] org.hibernate.SQL                        : select b1_0.id,b1_0.active,b1_0.average_rating,b1_0.borrow_fee,b1_0.category_id,b1_0.cover_image_url,b1_0.created_at,b1_0.description,b1_0.isbn,b1_0.publish_year,b1_0.publisher_id,b1_0.rating_count,b1_0.title,b1_0.updated_at,b1_0.version from books b1_0 where b1_0.id=?
2026-09-25T19:07:09.155+07:00 DEBUG 34476 --- [library_management] [   scheduling-1] org.hibernate.SQL                        : select b1_0.id,b1_0.active,b1_0.average_rating,b1_0.borrow_fee,b1_0.category_id,b1_0.cover_image_url,b1_0.created_at,b1_0.description,b1_0.isbn,b1_0.publish_year,b1_0.publisher_id,b1_0.rating_count,b1_0.title,b1_0.updated_at,b1_0.version from books b1_0 where b1_0.id=?
2026-09-25T19:07:09.159+07:00 DEBUG 34476 --- [library_management] [   scheduling-1] org.hibernate.SQL                        : select count(bc1_0.id) from book_copies bc1_0 where bc1_0.book_id=? and bc1_0.status=?
2026-09-25T19:07:09.162+07:00 DEBUG 34476 --- [library_management] [   scheduling-1] org.hibernate.SQL                        : select count(bc1_0.id) from book_copies bc1_0 where bc1_0.book_id=? and bc1_0.status=?
2026-09-25T19:07:09.166+07:00 DEBUG 34476 --- [library_management] [   scheduling-1] org.hibernate.SQL                        : select count(bc1_0.id) from book_copies bc1_0 where bc1_0.book_id=? and bc1_0.status=?
2026-09-25T19:07:23.629+07:00 DEBUG 34476 --- [library_management] [   scheduling-1] org.hibernate.SQL                        : select br1_0.id,br1_0.book_copy_id,bc1_0.id,bc1_0.acquired_date,bc1_0.barcode,bc1_0.book_id,b1_0.id,b1_0.active,b1_0.average_rating,b1_0.borrow_fee,b1_0.category_id,b1_0.cover_image_url,b1_0.created_at,b1_0.description,b1_0.isbn,b1_0.publish_year,b1_0.publisher_id,b1_0.rating_count,b1_0.title,b1_0.updated_at,b1_0.version,bc1_0.created_at,bc1_0.shelf_location,bc1_0.status,bc1_0.updated_at,bc1_0.version,br1_0.borrow_days,br1_0.borrow_fee,br1_0.borrowed_at,br1_0.cancelled_at,br1_0.created_at,br1_0.deposit_amount,br1_0.deposit_refunded_at,br1_0.due_at,br1_0.paid_amount,br1_0.paid_at,br1_0.payment_code,br1_0.payment_method,br1_0.pickup_location,br1_0.reference_code,br1_0.returned_at,br1_0.status,br1_0.total_amount,br1_0.updated_at,br1_0.user_id,u1_0.id,u1_0.active,u1_0.created_at,u1_0.email,u1_0.full_name,u1_0.password_hash,u1_0.phone,u1_0.role,u1_0.updated_at from borrow_records br1_0 join book_copies bc1_0 on bc1_0.id=br1_0.book_copy_id join books b1_0 on b1_0.id=bc1_0.book_id join users u1_0 on u1_0.id=br1_0.user_id where br1_0.status=? and br1_0.due_at between ? and ?
2026-09-25T19:07:23.638+07:00 DEBUG 34476 --- [library_management] [   scheduling-1] org.hibernate.SQL                        : select br1_0.id,br1_0.book_copy_id,bc1_0.id,bc1_0.acquired_date,bc1_0.barcode,bc1_0.book_id,b1_0.id,b1_0.active,b1_0.average_rating,b1_0.borrow_fee,b1_0.category_id,b1_0.cover_image_url,b1_0.created_at,b1_0.description,b1_0.isbn,b1_0.publish_year,b1_0.publisher_id,b1_0.rating_count,b1_0.title,b1_0.updated_at,b1_0.version,bc1_0.created_at,bc1_0.shelf_location,bc1_0.status,bc1_0.updated_at,bc1_0.version,br1_0.borrow_days,br1_0.borrow_fee,br1_0.borrowed_at,br1_0.cancelled_at,br1_0.created_at,br1_0.deposit_amount,br1_0.deposit_refunded_at,br1_0.due_at,br1_0.paid_amount,br1_0.paid_at,br1_0.payment_code,br1_0.payment_method,br1_0.pickup_location,br1_0.reference_code,br1_0.returned_at,br1_0.status,br1_0.total_amount,br1_0.updated_at,br1_0.user_id,u1_0.id,u1_0.active,u1_0.created_at,u1_0.email,u1_0.full_name,u1_0.password_hash,u1_0.phone,u1_0.role,u1_0.updated_at from borrow_records br1_0 join book_copies bc1_0 on bc1_0.id=br1_0.book_copy_id join books b1_0 on b1_0.id=bc1_0.book_id join users u1_0 on u1_0.id=br1_0.user_id where br1_0.status in (?,?) and br1_0.due_at<?
2026-09-25T19:07:24.190+07:00 DEBUG 34476 --- [library_management] [   scheduling-1] org.hibernate.SQL                        : select bas1_0.id,bas1_0.book_id,bas1_0.created_at,bas1_0.last_available_quantity,bas1_0.user_id from book_availability_subscriptions bas1_0
2026-09-25T19:07:24.208+07:00 DEBUG 34476 --- [library_management] [   scheduling-1] org.hibernate.SQL                        : select b1_0.id,b1_0.active,b1_0.average_rating,b1_0.borrow_fee,b1_0.category_id,b1_0.cover_image_url,b1_0.created_at,b1_0.description,b1_0.isbn,b1_0.publish_year,b1_0.publisher_id,b1_0.rating_count,b1_0.title,b1_0.updated_at,b1_0.version from books b1_0 where b1_0.id=?
2026-09-25T19:07:24.213+07:00 DEBUG 34476 --- [library_management] [   scheduling-1] org.hibernate.SQL                        : select u1_0.id,u1_0.active,u1_0.created_at,u1_0.email,u1_0.full_name,u1_0.password_hash,u1_0.phone,u1_0.role,u1_0.updated_at from users u1_0 where u1_0.id=?
2026-09-25T19:07:24.218+07:00 DEBUG 34476 --- [library_management] [   scheduling-1] org.hibernate.SQL                        : select b1_0.id,b1_0.active,b1_0.average_rating,b1_0.borrow_fee,b1_0.category_id,b1_0.cover_image_url,b1_0.created_at,b1_0.description,b1_0.isbn,b1_0.publish_year,b1_0.publisher_id,b1_0.rating_count,b1_0.title,b1_0.updated_at,b1_0.version from books b1_0 where b1_0.id=?
2026-09-25T19:07:24.222+07:00 DEBUG 34476 --- [library_management] [   scheduling-1] org.hibernate.SQL                        : select b1_0.id,b1_0.active,b1_0.average_rating,b1_0.borrow_fee,b1_0.category_id,b1_0.cover_image_url,b1_0.created_at,b1_0.description,b1_0.isbn,b1_0.publish_year,b1_0.publisher_id,b1_0.rating_count,b1_0.title,b1_0.updated_at,b1_0.version from books b1_0 where b1_0.id=?
2026-09-25T19:07:24.229+07:00 DEBUG 34476 --- [library_management] [   scheduling-1] org.hibernate.SQL                        : select count(bc1_0.id) from book_copies bc1_0 where bc1_0.book_id=? and bc1_0.status=?
2026-09-25T19:07:24.233+07:00 DEBUG 34476 --- [library_management] [   scheduling-1] org.hibernate.SQL                        : select count(bc1_0.id) from book_copies bc1_0 where bc1_0.book_id=? and bc1_0.status=?
2026-09-25T19:07:24.238+07:00 DEBUG 34476 --- [library_management] [   scheduling-1] org.hibernate.SQL                        : select count(bc1_0.id) from book_copies bc1_0 where bc1_0.book_id=? and bc1_0.status=?
2026-09-25T19:07:39.251+07:00 DEBUG 34476 --- [library_management] [   scheduling-1] org.hibernate.SQL                        : select bas1_0.id,bas1_0.book_id,bas1_0.created_at,bas1_0.last_available_quantity,bas1_0.user_id from book_availability_subscriptions bas1_0
2026-09-25T19:07:39.255+07:00 DEBUG 34476 --- [library_management] [   scheduling-1] org.hibernate.SQL                        : select b1_0.id,b1_0.active,b1_0.average_rating,b1_0.borrow_fee,b1_0.category_id,b1_0.cover_image_url,b1_0.created_at,b1_0.description,b1_0.isbn,b1_0.publish_year,b1_0.publisher_id,b1_0.rating_count,b1_0.title,b1_0.updated_at,b1_0.version from books b1_0 where b1_0.id=?
2026-09-25T19:07:39.259+07:00 DEBUG 34476 --- [library_management] [   scheduling-1] org.hibernate.SQL                        : select u1_0.id,u1_0.active,u1_0.created_at,u1_0.email,u1_0.full_name,u1_0.password_hash,u1_0.phone,u1_0.role,u1_0.updated_at from users u1_0 where u1_0.id=?
2026-09-25T19:07:39.261+07:00 DEBUG 34476 --- [library_management] [   scheduling-1] org.hibernate.SQL                        : select b1_0.id,b1_0.active,b1_0.average_rating,b1_0.borrow_fee,b1_0.category_id,b1_0.cover_image_url,b1_0.created_at,b1_0.description,b1_0.isbn,b1_0.publish_year,b1_0.publisher_id,b1_0.rating_count,b1_0.title,b1_0.updated_at,b1_0.version from books b1_0 where b1_0.id=?
2026-09-25T19:07:39.265+07:00 DEBUG 34476 --- [library_management] [   scheduling-1] org.hibernate.SQL                        : select b1_0.id,b1_0.active,b1_0.average_rating,b1_0.borrow_fee,b1_0.category_id,b1_0.cover_image_url,b1_0.created_at,b1_0.description,b1_0.isbn,b1_0.publish_year,b1_0.publisher_id,b1_0.rating_count,b1_0.title,b1_0.updated_at,b1_0.version from books b1_0 where b1_0.id=?
2026-09-25T19:07:39.269+07:00 DEBUG 34476 --- [library_management] [   scheduling-1] org.hibernate.SQL                        : select count(bc1_0.id) from book_copies bc1_0 where bc1_0.book_id=? and bc1_0.status=?
2026-09-25T19:07:39.273+07:00 DEBUG 34476 --- [library_management] [   scheduling-1] org.hibernate.SQL                        : select count(bc1_0.id) from book_copies bc1_0 where bc1_0.book_id=? and bc1_0.status=?
2026-09-25T19:07:39.277+07:00 DEBUG 34476 --- [library_management] [   scheduling-1] org.hibernate.SQL                        : select count(bc1_0.id) from book_copies bc1_0 where bc1_0.book_id=? and bc1_0.status=?
2026-09-25T19:07:54.290+07:00 DEBUG 34476 --- [library_management] [   scheduling-1] org.hibernate.SQL                        : select bas1_0.id,bas1_0.book_id,bas1_0.created_at,bas1_0.last_available_quantity,bas1_0.user_id from book_availability_subscriptions bas1_0
2026-09-25T19:07:54.295+07:00 DEBUG 34476 --- [library_management] [   scheduling-1] org.hibernate.SQL                        : select b1_0.id,b1_0.active,b1_0.average_rating,b1_0.borrow_fee,b1_0.category_id,b1_0.cover_image_url,b1_0.created_at,b1_0.description,b1_0.isbn,b1_0.publish_year,b1_0.publisher_id,b1_0.rating_count,b1_0.title,b1_0.updated_at,b1_0.version from books b1_0 where b1_0.id=?
2026-09-25T19:07:54.297+07:00 DEBUG 34476 --- [library_management] [   scheduling-1] org.hibernate.SQL                        : select u1_0.id,u1_0.active,u1_0.created_at,u1_0.email,u1_0.full_name,u1_0.password_hash,u1_0.phone,u1_0.role,u1_0.updated_at from users u1_0 where u1_0.id=?
2026-09-25T19:07:54.302+07:00 DEBUG 34476 --- [library_management] [   scheduling-1] org.hibernate.SQL                        : select b1_0.id,b1_0.active,b1_0.average_rating,b1_0.borrow_fee,b1_0.category_id,b1_0.cover_image_url,b1_0.created_at,b1_0.description,b1_0.isbn,b1_0.publish_year,b1_0.publisher_id,b1_0.rating_count,b1_0.title,b1_0.updated_at,b1_0.version from books b1_0 where b1_0.id=?
2026-09-25T19:07:54.304+07:00 DEBUG 34476 --- [library_management] [   scheduling-1] org.hibernate.SQL                        : select b1_0.id,b1_0.active,b1_0.average_rating,b1_0.borrow_fee,b1_0.category_id,b1_0.cover_image_url,b1_0.created_at,b1_0.description,b1_0.isbn,b1_0.publish_year,b1_0.publisher_id,b1_0.rating_count,b1_0.title,b1_0.updated_at,b1_0.version from books b1_0 where b1_0.id=?
2026-09-25T19:07:54.310+07:00 DEBUG 34476 --- [library_management] [   scheduling-1] org.hibernate.SQL                        : select count(bc1_0.id) from book_copies bc1_0 where bc1_0.book_id=? and bc1_0.status=?
2026-09-25T19:07:54.312+07:00 DEBUG 34476 --- [library_management] [   scheduling-1] org.hibernate.SQL                        : select count(bc1_0.id) from book_copies bc1_0 where bc1_0.book_id=? and bc1_0.status=?
2026-09-25T19:07:54.316+07:00 DEBUG 34476 --- [library_management] [   scheduling-1] org.hibernate.SQL                        : select count(bc1_0.id) from book_copies bc1_0 where bc1_0.book_id=? and bc1_0.status=?
2026-09-25T19:08:09.323+07:00 DEBUG 34476 --- [library_management] [   scheduling-1] org.hibernate.SQL                        : select bas1_0.id,bas1_0.book_id,bas1_0.created_at,bas1_0.last_available_quantity,bas1_0.user_id from book_availability_subscriptions bas1_0
2026-09-25T19:08:09.325+07:00 DEBUG 34476 --- [library_management] [   scheduling-1] org.hibernate.SQL                        : select b1_0.id,b1_0.active,b1_0.average_rating,b1_0.borrow_fee,b1_0.category_id,b1_0.cover_image_url,b1_0.created_at,b1_0.description,b1_0.isbn,b1_0.publish_year,b1_0.publisher_id,b1_0.rating_count,b1_0.title,b1_0.updated_at,b1_0.version from books b1_0 where b1_0.id=?
2026-09-25T19:08:09.327+07:00 DEBUG 34476 --- [library_management] [   scheduling-1] org.hibernate.SQL                        : select u1_0.id,u1_0.active,u1_0.created_at,u1_0.email,u1_0.full_name,u1_0.password_hash,u1_0.phone,u1_0.role,u1_0.updated_at from users u1_0 where u1_0.id=?
2026-09-25T19:08:09.329+07:00 DEBUG 34476 --- [library_management] [   scheduling-1] org.hibernate.SQL                        : select b1_0.id,b1_0.active,b1_0.average_rating,b1_0.borrow_fee,b1_0.category_id,b1_0.cover_image_url,b1_0.created_at,b1_0.description,b1_0.isbn,b1_0.publish_year,b1_0.publisher_id,b1_0.rating_count,b1_0.title,b1_0.updated_at,b1_0.version from books b1_0 where b1_0.id=?
2026-09-25T19:08:09.333+07:00 DEBUG 34476 --- [library_management] [   scheduling-1] org.hibernate.SQL                        : select b1_0.id,b1_0.active,b1_0.average_rating,b1_0.borrow_fee,b1_0.category_id,b1_0.cover_image_url,b1_0.created_at,b1_0.description,b1_0.isbn,b1_0.publish_year,b1_0.publisher_id,b1_0.rating_count,b1_0.title,b1_0.updated_at,b1_0.version from books b1_0 where b1_0.id=?
2026-09-25T19:08:09.338+07:00 DEBUG 34476 --- [library_management] [   scheduling-1] org.hibernate.SQL                        : select count(bc1_0.id) from book_copies bc1_0 where bc1_0.book_id=? and bc1_0.status=?
2026-09-25T19:08:09.341+07:00 DEBUG 34476 --- [library_management] [   scheduling-1] org.hibernate.SQL                        : select count(bc1_0.id) from book_copies bc1_0 where bc1_0.book_id=? and bc1_0.status=?
2026-09-25T19:08:09.346+07:00 DEBUG 34476 --- [library_management] [   scheduling-1] org.hibernate.SQL                        : select count(bc1_0.id) from book_copies bc1_0 where bc1_0.book_id=? and bc1_0.status=?
2026-09-25T19:08:23.646+07:00 DEBUG 34476 --- [library_management] [   scheduling-1] org.hibernate.SQL                        : select br1_0.id,br1_0.book_copy_id,bc1_0.id,bc1_0.acquired_date,bc1_0.barcode,bc1_0.book_id,b1_0.id,b1_0.active,b1_0.average_rating,b1_0.borrow_fee,b1_0.category_id,b1_0.cover_image_url,b1_0.created_at,b1_0.description,b1_0.isbn,b1_0.publish_year,b1_0.publisher_id,b1_0.rating_count,b1_0.title,b1_0.updated_at,b1_0.version,bc1_0.created_at,bc1_0.shelf_location,bc1_0.status,bc1_0.updated_at,bc1_0.version,br1_0.borrow_days,br1_0.borrow_fee,br1_0.borrowed_at,br1_0.cancelled_at,br1_0.created_at,br1_0.deposit_amount,br1_0.deposit_refunded_at,br1_0.due_at,br1_0.paid_amount,br1_0.paid_at,br1_0.payment_code,br1_0.payment_method,br1_0.pickup_location,br1_0.reference_code,br1_0.returned_at,br1_0.status,br1_0.total_amount,br1_0.updated_at,br1_0.user_id,u1_0.id,u1_0.active,u1_0.created_at,u1_0.email,u1_0.full_name,u1_0.password_hash,u1_0.phone,u1_0.role,u1_0.updated_at from borrow_records br1_0 join book_copies bc1_0 on bc1_0.id=br1_0.book_copy_id join books b1_0 on b1_0.id=bc1_0.book_id join users u1_0 on u1_0.id=br1_0.user_id where br1_0.status=? and br1_0.due_at between ? and ?
2026-09-25T19:08:23.651+07:00 DEBUG 34476 --- [library_management] [   scheduling-1] org.hibernate.SQL                        : select br1_0.id,br1_0.book_copy_id,bc1_0.id,bc1_0.acquired_date,bc1_0.barcode,bc1_0.book_id,b1_0.id,b1_0.active,b1_0.average_rating,b1_0.borrow_fee,b1_0.category_id,b1_0.cover_image_url,b1_0.created_at,b1_0.description,b1_0.isbn,b1_0.publish_year,b1_0.publisher_id,b1_0.rating_count,b1_0.title,b1_0.updated_at,b1_0.version,bc1_0.created_at,bc1_0.shelf_location,bc1_0.status,bc1_0.updated_at,bc1_0.version,br1_0.borrow_days,br1_0.borrow_fee,br1_0.borrowed_at,br1_0.cancelled_at,br1_0.created_at,br1_0.deposit_amount,br1_0.deposit_refunded_at,br1_0.due_at,br1_0.paid_amount,br1_0.paid_at,br1_0.payment_code,br1_0.payment_method,br1_0.pickup_location,br1_0.reference_code,br1_0.returned_at,br1_0.status,br1_0.total_amount,br1_0.updated_at,br1_0.user_id,u1_0.id,u1_0.active,u1_0.created_at,u1_0.email,u1_0.full_name,u1_0.password_hash,u1_0.phone,u1_0.role,u1_0.updated_at from borrow_records br1_0 join book_copies bc1_0 on bc1_0.id=br1_0.book_copy_id join books b1_0 on b1_0.id=bc1_0.book_id join users u1_0 on u1_0.id=br1_0.user_id where br1_0.status in (?,?) and br1_0.due_at<?
2026-09-25T19:08:24.358+07:00 DEBUG 34476 --- [library_management] [   scheduling-1] org.hibernate.SQL                        : select bas1_0.id,bas1_0.book_id,bas1_0.created_at,bas1_0.last_available_quantity,bas1_0.user_id from book_availability_subscriptions bas1_0
2026-09-25T19:08:24.359+07:00 DEBUG 34476 --- [library_management] [   scheduling-1] org.hibernate.SQL                        : select b1_0.id,b1_0.active,b1_0.average_rating,b1_0.borrow_fee,b1_0.category_id,b1_0.cover_image_url,b1_0.created_at,b1_0.description,b1_0.isbn,b1_0.publish_year,b1_0.publisher_id,b1_0.rating_count,b1_0.title,b1_0.updated_at,b1_0.version from books b1_0 where b1_0.id=?
2026-09-25T19:08:24.361+07:00 DEBUG 34476 --- [library_management] [   scheduling-1] org.hibernate.SQL                        : select u1_0.id,u1_0.active,u1_0.created_at,u1_0.email,u1_0.full_name,u1_0.password_hash,u1_0.phone,u1_0.role,u1_0.updated_at from users u1_0 where u1_0.id=?
2026-09-25T19:08:24.362+07:00 DEBUG 34476 --- [library_management] [   scheduling-1] org.hibernate.SQL                        : select b1_0.id,b1_0.active,b1_0.average_rating,b1_0.borrow_fee,b1_0.category_id,b1_0.cover_image_url,b1_0.created_at,b1_0.description,b1_0.isbn,b1_0.publish_year,b1_0.publisher_id,b1_0.rating_count,b1_0.title,b1_0.updated_at,b1_0.version from books b1_0 where b1_0.id=?
2026-09-25T19:08:24.363+07:00 DEBUG 34476 --- [library_management] [   scheduling-1] org.hibernate.SQL                        : select b1_0.id,b1_0.active,b1_0.average_rating,b1_0.borrow_fee,b1_0.category_id,b1_0.cover_image_url,b1_0.created_at,b1_0.description,b1_0.isbn,b1_0.publish_year,b1_0.publisher_id,b1_0.rating_count,b1_0.title,b1_0.updated_at,b1_0.version from books b1_0 where b1_0.id=?
2026-09-25T19:08:24.366+07:00 DEBUG 34476 --- [library_management] [   scheduling-1] org.hibernate.SQL                        : select count(bc1_0.id) from book_copies bc1_0 where bc1_0.book_id=? and bc1_0.status=?
2026-09-25T19:08:24.367+07:00 DEBUG 34476 --- [library_management] [   scheduling-1] org.hibernate.SQL                        : select count(bc1_0.id) from book_copies bc1_0 where bc1_0.book_id=? and bc1_0.status=?
2026-09-25T19:08:24.369+07:00 DEBUG 34476 --- [library_management] [   scheduling-1] org.hibernate.SQL                        : select count(bc1_0.id) from book_copies bc1_0 where bc1_0.book_id=? and bc1_0.status=?
2026-09-25T19:08:39.390+07:00 DEBUG 34476 --- [library_management] [   scheduling-1] org.hibernate.SQL                        : select bas1_0.id,bas1_0.book_id,bas1_0.created_at,bas1_0.last_available_quantity,bas1_0.user_id from book_availability_subscriptions bas1_0
2026-09-25T19:08:39.393+07:00 DEBUG 34476 --- [library_management] [   scheduling-1] org.hibernate.SQL                        : select b1_0.id,b1_0.active,b1_0.average_rating,b1_0.borrow_fee,b1_0.category_id,b1_0.cover_image_url,b1_0.created_at,b1_0.description,b1_0.isbn,b1_0.publish_year,b1_0.publisher_id,b1_0.rating_count,b1_0.title,b1_0.updated_at,b1_0.version from books b1_0 where b1_0.id=?
2026-09-25T19:08:39.395+07:00 DEBUG 34476 --- [library_management] [   scheduling-1] org.hibernate.SQL                        : select u1_0.id,u1_0.active,u1_0.created_at,u1_0.email,u1_0.full_name,u1_0.password_hash,u1_0.phone,u1_0.role,u1_0.updated_at from users u1_0 where u1_0.id=?
2026-09-25T19:08:39.399+07:00 DEBUG 34476 --- [library_management] [   scheduling-1] org.hibernate.SQL                        : select b1_0.id,b1_0.active,b1_0.average_rating,b1_0.borrow_fee,b1_0.category_id,b1_0.cover_image_url,b1_0.created_at,b1_0.description,b1_0.isbn,b1_0.publish_year,b1_0.publisher_id,b1_0.rating_count,b1_0.title,b1_0.updated_at,b1_0.version from books b1_0 where b1_0.id=?
2026-09-25T19:08:39.403+07:00 DEBUG 34476 --- [library_management] [   scheduling-1] org.hibernate.SQL                        : select b1_0.id,b1_0.active,b1_0.average_rating,b1_0.borrow_fee,b1_0.category_id,b1_0.cover_image_url,b1_0.created_at,b1_0.description,b1_0.isbn,b1_0.publish_year,b1_0.publisher_id,b1_0.rating_count,b1_0.title,b1_0.updated_at,b1_0.version from books b1_0 where b1_0.id=?
2026-09-25T19:08:39.407+07:00 DEBUG 34476 --- [library_management] [   scheduling-1] org.hibernate.SQL                        : select count(bc1_0.id) from book_copies bc1_0 where bc1_0.book_id=? and bc1_0.status=?
2026-09-25T19:08:39.413+07:00 DEBUG 34476 --- [library_management] [   scheduling-1] org.hibernate.SQL                        : select count(bc1_0.id) from book_copies bc1_0 where bc1_0.book_id=? and bc1_0.status=?
2026-09-25T19:08:39.418+07:00 DEBUG 34476 --- [library_management] [   scheduling-1] org.hibernate.SQL                        : select count(bc1_0.id) from book_copies bc1_0 where bc1_0.book_id=? and bc1_0.status=?
2026-09-25T19:08:54.433+07:00 DEBUG 34476 --- [library_management] [   scheduling-1] org.hibernate.SQL                        : select bas1_0.id,bas1_0.book_id,bas1_0.created_at,bas1_0.last_available_quantity,bas1_0.user_id from book_availability_subscriptions bas1_0
2026-09-25T19:08:54.436+07:00 DEBUG 34476 --- [library_management] [   scheduling-1] org.hibernate.SQL                        : select b1_0.id,b1_0.active,b1_0.average_rating,b1_0.borrow_fee,b1_0.category_id,b1_0.cover_image_url,b1_0.created_at,b1_0.description,b1_0.isbn,b1_0.publish_year,b1_0.publisher_id,b1_0.rating_count,b1_0.title,b1_0.updated_at,b1_0.version from books b1_0 where b1_0.id=?
2026-09-25T19:08:54.438+07:00 DEBUG 34476 --- [library_management] [   scheduling-1] org.hibernate.SQL                        : select u1_0.id,u1_0.active,u1_0.created_at,u1_0.email,u1_0.full_name,u1_0.password_hash,u1_0.phone,u1_0.role,u1_0.updated_at from users u1_0 where u1_0.id=?
2026-09-25T19:08:54.441+07:00 DEBUG 34476 --- [library_management] [   scheduling-1] org.hibernate.SQL                        : select b1_0.id,b1_0.active,b1_0.average_rating,b1_0.borrow_fee,b1_0.category_id,b1_0.cover_image_url,b1_0.created_at,b1_0.description,b1_0.isbn,b1_0.publish_year,b1_0.publisher_id,b1_0.rating_count,b1_0.title,b1_0.updated_at,b1_0.version from books b1_0 where b1_0.id=?
2026-09-25T19:08:54.443+07:00 DEBUG 34476 --- [library_management] [   scheduling-1] org.hibernate.SQL                        : select b1_0.id,b1_0.active,b1_0.average_rating,b1_0.borrow_fee,b1_0.category_id,b1_0.cover_image_url,b1_0.created_at,b1_0.description,b1_0.isbn,b1_0.publish_year,b1_0.publisher_id,b1_0.rating_count,b1_0.title,b1_0.updated_at,b1_0.version from books b1_0 where b1_0.id=?
2026-09-25T19:08:54.447+07:00 DEBUG 34476 --- [library_management] [   scheduling-1] org.hibernate.SQL                        : select count(bc1_0.id) from book_copies bc1_0 where bc1_0.book_id=? and bc1_0.status=?
2026-09-25T19:08:54.450+07:00 DEBUG 34476 --- [library_management] [   scheduling-1] org.hibernate.SQL                        : select count(bc1_0.id) from book_copies bc1_0 where bc1_0.book_id=? and bc1_0.status=?
2026-09-25T19:08:54.453+07:00 DEBUG 34476 --- [library_management] [   scheduling-1] org.hibernate.SQL                        : select count(bc1_0.id) from book_copies bc1_0 where bc1_0.book_id=? and bc1_0.status=?
2026-09-25T19:09:09.460+07:00 DEBUG 34476 --- [library_management] [   scheduling-1] org.hibernate.SQL                        : select bas1_0.id,bas1_0.book_id,bas1_0.created_at,bas1_0.last_available_quantity,bas1_0.user_id from book_availability_subscriptions bas1_0
2026-09-25T19:09:09.463+07:00 DEBUG 34476 --- [library_management] [   scheduling-1] org.hibernate.SQL                        : select b1_0.id,b1_0.active,b1_0.average_rating,b1_0.borrow_fee,b1_0.category_id,b1_0.cover_image_url,b1_0.created_at,b1_0.description,b1_0.isbn,b1_0.publish_year,b1_0.publisher_id,b1_0.rating_count,b1_0.title,b1_0.updated_at,b1_0.version from books b1_0 where b1_0.id=?
2026-09-25T19:09:09.465+07:00 DEBUG 34476 --- [library_management] [   scheduling-1] org.hibernate.SQL                        : select u1_0.id,u1_0.active,u1_0.created_at,u1_0.email,u1_0.full_name,u1_0.password_hash,u1_0.phone,u1_0.role,u1_0.updated_at from users u1_0 where u1_0.id=?
2026-09-25T19:09:09.469+07:00 DEBUG 34476 --- [library_management] [   scheduling-1] org.hibernate.SQL                        : select b1_0.id,b1_0.active,b1_0.average_rating,b1_0.borrow_fee,b1_0.category_id,b1_0.cover_image_url,b1_0.created_at,b1_0.description,b1_0.isbn,b1_0.publish_year,b1_0.publisher_id,b1_0.rating_count,b1_0.title,b1_0.updated_at,b1_0.version from books b1_0 where b1_0.id=?
2026-09-25T19:09:09.472+07:00 DEBUG 34476 --- [library_management] [   scheduling-1] org.hibernate.SQL                        : select b1_0.id,b1_0.active,b1_0.average_rating,b1_0.borrow_fee,b1_0.category_id,b1_0.cover_image_url,b1_0.created_at,b1_0.description,b1_0.isbn,b1_0.publish_year,b1_0.publisher_id,b1_0.rating_count,b1_0.title,b1_0.updated_at,b1_0.version from books b1_0 where b1_0.id=?
2026-09-25T19:09:09.476+07:00 DEBUG 34476 --- [library_management] [   scheduling-1] org.hibernate.SQL                        : select count(bc1_0.id) from book_copies bc1_0 where bc1_0.book_id=? and bc1_0.status=?
2026-09-25T19:09:09.479+07:00 DEBUG 34476 --- [library_management] [   scheduling-1] org.hibernate.SQL                        : select count(bc1_0.id) from book_copies bc1_0 where bc1_0.book_id=? and bc1_0.status=?
2026-09-25T19:09:09.482+07:00 DEBUG 34476 --- [library_management] [   scheduling-1] org.hibernate.SQL                        : select count(bc1_0.id) from book_copies bc1_0 where bc1_0.book_id=? and bc1_0.status=?
2026-09-25T19:09:23.662+07:00 DEBUG 34476 --- [library_management] [   scheduling-1] org.hibernate.SQL                        : select br1_0.id,br1_0.book_copy_id,bc1_0.id,bc1_0.acquired_date,bc1_0.barcode,bc1_0.book_id,b1_0.id,b1_0.active,b1_0.average_rating,b1_0.borrow_fee,b1_0.category_id,b1_0.cover_image_url,b1_0.created_at,b1_0.description,b1_0.isbn,b1_0.publish_year,b1_0.publisher_id,b1_0.rating_count,b1_0.title,b1_0.updated_at,b1_0.version,bc1_0.created_at,bc1_0.shelf_location,bc1_0.status,bc1_0.updated_at,bc1_0.version,br1_0.borrow_days,br1_0.borrow_fee,br1_0.borrowed_at,br1_0.cancelled_at,br1_0.created_at,br1_0.deposit_amount,br1_0.deposit_refunded_at,br1_0.due_at,br1_0.paid_amount,br1_0.paid_at,br1_0.payment_code,br1_0.payment_method,br1_0.pickup_location,br1_0.reference_code,br1_0.returned_at,br1_0.status,br1_0.total_amount,br1_0.updated_at,br1_0.user_id,u1_0.id,u1_0.active,u1_0.created_at,u1_0.email,u1_0.full_name,u1_0.password_hash,u1_0.phone,u1_0.role,u1_0.updated_at from borrow_records br1_0 join book_copies bc1_0 on bc1_0.id=br1_0.book_copy_id join books b1_0 on b1_0.id=bc1_0.book_id join users u1_0 on u1_0.id=br1_0.user_id where br1_0.status=? and br1_0.due_at between ? and ?
2026-09-25T19:09:23.671+07:00 DEBUG 34476 --- [library_management] [   scheduling-1] org.hibernate.SQL                        : select br1_0.id,br1_0.book_copy_id,bc1_0.id,bc1_0.acquired_date,bc1_0.barcode,bc1_0.book_id,b1_0.id,b1_0.active,b1_0.average_rating,b1_0.borrow_fee,b1_0.category_id,b1_0.cover_image_url,b1_0.created_at,b1_0.description,b1_0.isbn,b1_0.publish_year,b1_0.publisher_id,b1_0.rating_count,b1_0.title,b1_0.updated_at,b1_0.version,bc1_0.created_at,bc1_0.shelf_location,bc1_0.status,bc1_0.updated_at,bc1_0.version,br1_0.borrow_days,br1_0.borrow_fee,br1_0.borrowed_at,br1_0.cancelled_at,br1_0.created_at,br1_0.deposit_amount,br1_0.deposit_refunded_at,br1_0.due_at,br1_0.paid_amount,br1_0.paid_at,br1_0.payment_code,br1_0.payment_method,br1_0.pickup_location,br1_0.reference_code,br1_0.returned_at,br1_0.status,br1_0.total_amount,br1_0.updated_at,br1_0.user_id,u1_0.id,u1_0.active,u1_0.created_at,u1_0.email,u1_0.full_name,u1_0.password_hash,u1_0.phone,u1_0.role,u1_0.updated_at from borrow_records br1_0 join book_copies bc1_0 on bc1_0.id=br1_0.book_copy_id join books b1_0 on b1_0.id=bc1_0.book_id join users u1_0 on u1_0.id=br1_0.user_id where br1_0.status in (?,?) and br1_0.due_at<?
2026-09-25T19:09:24.489+07:00 DEBUG 34476 --- [library_management] [   scheduling-1] org.hibernate.SQL                        : select bas1_0.id,bas1_0.book_id,bas1_0.created_at,bas1_0.last_available_quantity,bas1_0.user_id from book_availability_subscriptions bas1_0
2026-09-25T19:09:24.492+07:00 DEBUG 34476 --- [library_management] [   scheduling-1] org.hibernate.SQL                        : select b1_0.id,b1_0.active,b1_0.average_rating,b1_0.borrow_fee,b1_0.category_id,b1_0.cover_image_url,b1_0.created_at,b1_0.description,b1_0.isbn,b1_0.publish_year,b1_0.publisher_id,b1_0.rating_count,b1_0.title,b1_0.updated_at,b1_0.version from books b1_0 where b1_0.id=?
2026-09-25T19:09:24.493+07:00 DEBUG 34476 --- [library_management] [   scheduling-1] org.hibernate.SQL                        : select u1_0.id,u1_0.active,u1_0.created_at,u1_0.email,u1_0.full_name,u1_0.password_hash,u1_0.phone,u1_0.role,u1_0.updated_at from users u1_0 where u1_0.id=?
2026-09-25T19:09:24.495+07:00 DEBUG 34476 --- [library_management] [   scheduling-1] org.hibernate.SQL                        : select b1_0.id,b1_0.active,b1_0.average_rating,b1_0.borrow_fee,b1_0.category_id,b1_0.cover_image_url,b1_0.created_at,b1_0.description,b1_0.isbn,b1_0.publish_year,b1_0.publisher_id,b1_0.rating_count,b1_0.title,b1_0.updated_at,b1_0.version from books b1_0 where b1_0.id=?
2026-09-25T19:09:24.498+07:00 DEBUG 34476 --- [library_management] [   scheduling-1] org.hibernate.SQL                        : select b1_0.id,b1_0.active,b1_0.average_rating,b1_0.borrow_fee,b1_0.category_id,b1_0.cover_image_url,b1_0.created_at,b1_0.description,b1_0.isbn,b1_0.publish_year,b1_0.publisher_id,b1_0.rating_count,b1_0.title,b1_0.updated_at,b1_0.version from books b1_0 where b1_0.id=?
2026-09-25T19:09:24.502+07:00 DEBUG 34476 --- [library_management] [   scheduling-1] org.hibernate.SQL                        : select count(bc1_0.id) from book_copies bc1_0 where bc1_0.book_id=? and bc1_0.status=?
2026-09-25T19:09:24.504+07:00 DEBUG 34476 --- [library_management] [   scheduling-1] org.hibernate.SQL                        : select count(bc1_0.id) from book_copies bc1_0 where bc1_0.book_id=? and bc1_0.status=?
2026-09-25T19:09:24.508+07:00 DEBUG 34476 --- [library_management] [   scheduling-1] org.hibernate.SQL                        : select count(bc1_0.id) from book_copies bc1_0 where bc1_0.book_id=? and bc1_0.status=?
2026-09-25T19:09:39.513+07:00 DEBUG 34476 --- [library_management] [   scheduling-1] org.hibernate.SQL                        : select bas1_0.id,bas1_0.book_id,bas1_0.created_at,bas1_0.last_available_quantity,bas1_0.user_id from book_availability_subscriptions bas1_0
2026-09-25T19:09:39.517+07:00 DEBUG 34476 --- [library_management] [   scheduling-1] org.hibernate.SQL                        : select b1_0.id,b1_0.active,b1_0.average_rating,b1_0.borrow_fee,b1_0.category_id,b1_0.cover_image_url,b1_0.created_at,b1_0.description,b1_0.isbn,b1_0.publish_year,b1_0.publisher_id,b1_0.rating_count,b1_0.title,b1_0.updated_at,b1_0.version from books b1_0 where b1_0.id=?
2026-09-25T19:09:39.518+07:00 DEBUG 34476 --- [library_management] [   scheduling-1] org.hibernate.SQL                        : select u1_0.id,u1_0.active,u1_0.created_at,u1_0.email,u1_0.full_name,u1_0.password_hash,u1_0.phone,u1_0.role,u1_0.updated_at from users u1_0 where u1_0.id=?
2026-09-25T19:09:39.520+07:00 DEBUG 34476 --- [library_management] [   scheduling-1] org.hibernate.SQL                        : select b1_0.id,b1_0.active,b1_0.average_rating,b1_0.borrow_fee,b1_0.category_id,b1_0.cover_image_url,b1_0.created_at,b1_0.description,b1_0.isbn,b1_0.publish_year,b1_0.publisher_id,b1_0.rating_count,b1_0.title,b1_0.updated_at,b1_0.version from books b1_0 where b1_0.id=?
2026-09-25T19:09:39.522+07:00 DEBUG 34476 --- [library_management] [   scheduling-1] org.hibernate.SQL                        : select b1_0.id,b1_0.active,b1_0.average_rating,b1_0.borrow_fee,b1_0.category_id,b1_0.cover_image_url,b1_0.created_at,b1_0.description,b1_0.isbn,b1_0.publish_year,b1_0.publisher_id,b1_0.rating_count,b1_0.title,b1_0.updated_at,b1_0.version from books b1_0 where b1_0.id=?
2026-09-25T19:09:39.524+07:00 DEBUG 34476 --- [library_management] [   scheduling-1] org.hibernate.SQL                        : select count(bc1_0.id) from book_copies bc1_0 where bc1_0.book_id=? and bc1_0.status=?
2026-09-25T19:09:39.526+07:00 DEBUG 34476 --- [library_management] [   scheduling-1] org.hibernate.SQL                        : select count(bc1_0.id) from book_copies bc1_0 where bc1_0.book_id=? and bc1_0.status=?
2026-09-25T19:09:39.529+07:00 DEBUG 34476 --- [library_management] [   scheduling-1] org.hibernate.SQL                        : select count(bc1_0.id) from book_copies bc1_0 where bc1_0.book_id=? and bc1_0.status=?
2026-09-25T19:09:54.534+07:00 DEBUG 34476 --- [library_management] [   scheduling-1] org.hibernate.SQL                        : select bas1_0.id,bas1_0.book_id,bas1_0.created_at,bas1_0.last_available_quantity,bas1_0.user_id from book_availability_subscriptions bas1_0
2026-09-25T19:09:54.536+07:00 DEBUG 34476 --- [library_management] [   scheduling-1] org.hibernate.SQL                        : select b1_0.id,b1_0.active,b1_0.average_rating,b1_0.borrow_fee,b1_0.category_id,b1_0.cover_image_url,b1_0.created_at,b1_0.description,b1_0.isbn,b1_0.publish_year,b1_0.publisher_id,b1_0.rating_count,b1_0.title,b1_0.updated_at,b1_0.version from books b1_0 where b1_0.id=?
2026-09-25T19:09:54.538+07:00 DEBUG 34476 --- [library_management] [   scheduling-1] org.hibernate.SQL                        : select u1_0.id,u1_0.active,u1_0.created_at,u1_0.email,u1_0.full_name,u1_0.password_hash,u1_0.phone,u1_0.role,u1_0.updated_at from users u1_0 where u1_0.id=?
2026-09-25T19:09:54.540+07:00 DEBUG 34476 --- [library_management] [   scheduling-1] org.hibernate.SQL                        : select b1_0.id,b1_0.active,b1_0.average_rating,b1_0.borrow_fee,b1_0.category_id,b1_0.cover_image_url,b1_0.created_at,b1_0.description,b1_0.isbn,b1_0.publish_year,b1_0.publisher_id,b1_0.rating_count,b1_0.title,b1_0.updated_at,b1_0.version from books b1_0 where b1_0.id=?
2026-09-25T19:09:54.541+07:00 DEBUG 34476 --- [library_management] [   scheduling-1] org.hibernate.SQL                        : select b1_0.id,b1_0.active,b1_0.average_rating,b1_0.borrow_fee,b1_0.category_id,b1_0.cover_image_url,b1_0.created_at,b1_0.description,b1_0.isbn,b1_0.publish_year,b1_0.publisher_id,b1_0.rating_count,b1_0.title,b1_0.updated_at,b1_0.version from books b1_0 where b1_0.id=?
2026-09-25T19:09:54.544+07:00 DEBUG 34476 --- [library_management] [   scheduling-1] org.hibernate.SQL                        : select count(bc1_0.id) from book_copies bc1_0 where bc1_0.book_id=? and bc1_0.status=?
2026-09-25T19:09:54.546+07:00 DEBUG 34476 --- [library_management] [   scheduling-1] org.hibernate.SQL                        : select count(bc1_0.id) from book_copies bc1_0 where bc1_0.book_id=? and bc1_0.status=?
2026-09-25T19:09:54.548+07:00 DEBUG 34476 --- [library_management] [   scheduling-1] org.hibernate.SQL                        : select count(bc1_0.id) from book_copies bc1_0 where bc1_0.book_id=? and bc1_0.status=?
2026-09-25T19:10:09.555+07:00 DEBUG 34476 --- [library_management] [   scheduling-1] org.hibernate.SQL                        : select bas1_0.id,bas1_0.book_id,bas1_0.created_at,bas1_0.last_available_quantity,bas1_0.user_id from book_availability_subscriptions bas1_0
2026-09-25T19:10:09.557+07:00 DEBUG 34476 --- [library_management] [   scheduling-1] org.hibernate.SQL                        : select b1_0.id,b1_0.active,b1_0.average_rating,b1_0.borrow_fee,b1_0.category_id,b1_0.cover_image_url,b1_0.created_at,b1_0.description,b1_0.isbn,b1_0.publish_year,b1_0.publisher_id,b1_0.rating_count,b1_0.title,b1_0.updated_at,b1_0.version from books b1_0 where b1_0.id=?
2026-09-25T19:10:09.560+07:00 DEBUG 34476 --- [library_management] [   scheduling-1] org.hibernate.SQL                        : select u1_0.id,u1_0.active,u1_0.created_at,u1_0.email,u1_0.full_name,u1_0.password_hash,u1_0.phone,u1_0.role,u1_0.updated_at from users u1_0 where u1_0.id=?
2026-09-25T19:10:09.562+07:00 DEBUG 34476 --- [library_management] [   scheduling-1] org.hibernate.SQL                        : select b1_0.id,b1_0.active,b1_0.average_rating,b1_0.borrow_fee,b1_0.category_id,b1_0.cover_image_url,b1_0.created_at,b1_0.description,b1_0.isbn,b1_0.publish_year,b1_0.publisher_id,b1_0.rating_count,b1_0.title,b1_0.updated_at,b1_0.version from books b1_0 where b1_0.id=?
2026-09-25T19:10:09.564+07:00 DEBUG 34476 --- [library_management] [   scheduling-1] org.hibernate.SQL                        : select b1_0.id,b1_0.active,b1_0.average_rating,b1_0.borrow_fee,b1_0.category_id,b1_0.cover_image_url,b1_0.created_at,b1_0.description,b1_0.isbn,b1_0.publish_year,b1_0.publisher_id,b1_0.rating_count,b1_0.title,b1_0.updated_at,b1_0.version from books b1_0 where b1_0.id=?
2026-09-25T19:10:09.567+07:00 DEBUG 34476 --- [library_management] [   scheduling-1] org.hibernate.SQL                        : select count(bc1_0.id) from book_copies bc1_0 where bc1_0.book_id=? and bc1_0.status=?
2026-09-25T19:10:09.569+07:00 DEBUG 34476 --- [library_management] [   scheduling-1] org.hibernate.SQL                        : select count(bc1_0.id) from book_copies bc1_0 where bc1_0.book_id=? and bc1_0.status=?
2026-09-25T19:10:09.571+07:00 DEBUG 34476 --- [library_management] [   scheduling-1] org.hibernate.SQL                        : select count(bc1_0.id) from book_copies bc1_0 where bc1_0.book_id=? and bc1_0.status=?
2026-09-25T19:10:23.681+07:00 DEBUG 34476 --- [library_management] [   scheduling-1] org.hibernate.SQL                        : select br1_0.id,br1_0.book_copy_id,bc1_0.id,bc1_0.acquired_date,bc1_0.barcode,bc1_0.book_id,b1_0.id,b1_0.active,b1_0.average_rating,b1_0.borrow_fee,b1_0.category_id,b1_0.cover_image_url,b1_0.created_at,b1_0.description,b1_0.isbn,b1_0.publish_year,b1_0.publisher_id,b1_0.rating_count,b1_0.title,b1_0.updated_at,b1_0.version,bc1_0.created_at,bc1_0.shelf_location,bc1_0.status,bc1_0.updated_at,bc1_0.version,br1_0.borrow_days,br1_0.borrow_fee,br1_0.borrowed_at,br1_0.cancelled_at,br1_0.created_at,br1_0.deposit_amount,br1_0.deposit_refunded_at,br1_0.due_at,br1_0.paid_amount,br1_0.paid_at,br1_0.payment_code,br1_0.payment_method,br1_0.pickup_location,br1_0.reference_code,br1_0.returned_at,br1_0.status,br1_0.total_amount,br1_0.updated_at,br1_0.user_id,u1_0.id,u1_0.active,u1_0.created_at,u1_0.email,u1_0.full_name,u1_0.password_hash,u1_0.phone,u1_0.role,u1_0.updated_at from borrow_records br1_0 join book_copies bc1_0 on bc1_0.id=br1_0.book_copy_id join books b1_0 on b1_0.id=bc1_0.book_id join users u1_0 on u1_0.id=br1_0.user_id where br1_0.status=? and br1_0.due_at between ? and ?
2026-09-25T19:10:23.687+07:00 DEBUG 34476 --- [library_management] [   scheduling-1] org.hibernate.SQL                        : select br1_0.id,br1_0.book_copy_id,bc1_0.id,bc1_0.acquired_date,bc1_0.barcode,bc1_0.book_id,b1_0.id,b1_0.active,b1_0.average_rating,b1_0.borrow_fee,b1_0.category_id,b1_0.cover_image_url,b1_0.created_at,b1_0.description,b1_0.isbn,b1_0.publish_year,b1_0.publisher_id,b1_0.rating_count,b1_0.title,b1_0.updated_at,b1_0.version,bc1_0.created_at,bc1_0.shelf_location,bc1_0.status,bc1_0.updated_at,bc1_0.version,br1_0.borrow_days,br1_0.borrow_fee,br1_0.borrowed_at,br1_0.cancelled_at,br1_0.created_at,br1_0.deposit_amount,br1_0.deposit_refunded_at,br1_0.due_at,br1_0.paid_amount,br1_0.paid_at,br1_0.payment_code,br1_0.payment_method,br1_0.pickup_location,br1_0.reference_code,br1_0.returned_at,br1_0.status,br1_0.total_amount,br1_0.updated_at,br1_0.user_id,u1_0.id,u1_0.active,u1_0.created_at,u1_0.email,u1_0.full_name,u1_0.password_hash,u1_0.phone,u1_0.role,u1_0.updated_at from borrow_records br1_0 join book_copies bc1_0 on bc1_0.id=br1_0.book_copy_id join books b1_0 on b1_0.id=bc1_0.book_id join users u1_0 on u1_0.id=br1_0.user_id where br1_0.status in (?,?) and br1_0.due_at<?
2026-09-25T19:10:24.578+07:00 DEBUG 34476 --- [library_management] [   scheduling-1] org.hibernate.SQL                        : select bas1_0.id,bas1_0.book_id,bas1_0.created_at,bas1_0.last_available_quantity,bas1_0.user_id from book_availability_subscriptions bas1_0
2026-09-25T19:10:24.581+07:00 DEBUG 34476 --- [library_management] [   scheduling-1] org.hibernate.SQL                        : select b1_0.id,b1_0.active,b1_0.average_rating,b1_0.borrow_fee,b1_0.category_id,b1_0.cover_image_url,b1_0.created_at,b1_0.description,b1_0.isbn,b1_0.publish_year,b1_0.publisher_id,b1_0.rating_count,b1_0.title,b1_0.updated_at,b1_0.version from books b1_0 where b1_0.id=?
2026-09-25T19:10:24.583+07:00 DEBUG 34476 --- [library_management] [   scheduling-1] org.hibernate.SQL                        : select u1_0.id,u1_0.active,u1_0.created_at,u1_0.email,u1_0.full_name,u1_0.password_hash,u1_0.phone,u1_0.role,u1_0.updated_at from users u1_0 where u1_0.id=?
2026-09-25T19:10:24.584+07:00 DEBUG 34476 --- [library_management] [   scheduling-1] org.hibernate.SQL                        : select b1_0.id,b1_0.active,b1_0.average_rating,b1_0.borrow_fee,b1_0.category_id,b1_0.cover_image_url,b1_0.created_at,b1_0.description,b1_0.isbn,b1_0.publish_year,b1_0.publisher_id,b1_0.rating_count,b1_0.title,b1_0.updated_at,b1_0.version from books b1_0 where b1_0.id=?
2026-09-25T19:10:24.585+07:00 DEBUG 34476 --- [library_management] [   scheduling-1] org.hibernate.SQL                        : select b1_0.id,b1_0.active,b1_0.average_rating,b1_0.borrow_fee,b1_0.category_id,b1_0.cover_image_url,b1_0.created_at,b1_0.description,b1_0.isbn,b1_0.publish_year,b1_0.publisher_id,b1_0.rating_count,b1_0.title,b1_0.updated_at,b1_0.version from books b1_0 where b1_0.id=?
2026-09-25T19:10:24.588+07:00 DEBUG 34476 --- [library_management] [   scheduling-1] org.hibernate.SQL                        : select count(bc1_0.id) from book_copies bc1_0 where bc1_0.book_id=? and bc1_0.status=?
2026-09-25T19:10:24.591+07:00 DEBUG 34476 --- [library_management] [   scheduling-1] org.hibernate.SQL                        : select count(bc1_0.id) from book_copies bc1_0 where bc1_0.book_id=? and bc1_0.status=?
2026-09-25T19:10:24.595+07:00 DEBUG 34476 --- [library_management] [   scheduling-1] org.hibernate.SQL                        : select count(bc1_0.id) from book_copies bc1_0 where bc1_0.book_id=? and bc1_0.status=?
2026-09-25T19:10:39.601+07:00 DEBUG 34476 --- [library_management] [   scheduling-1] org.hibernate.SQL                        : select bas1_0.id,bas1_0.book_id,bas1_0.created_at,bas1_0.last_available_quantity,bas1_0.user_id from book_availability_subscriptions bas1_0
2026-09-25T19:10:39.603+07:00 DEBUG 34476 --- [library_management] [   scheduling-1] org.hibernate.SQL                        : select b1_0.id,b1_0.active,b1_0.average_rating,b1_0.borrow_fee,b1_0.category_id,b1_0.cover_image_url,b1_0.created_at,b1_0.description,b1_0.isbn,b1_0.publish_year,b1_0.publisher_id,b1_0.rating_count,b1_0.title,b1_0.updated_at,b1_0.version from books b1_0 where b1_0.id=?
2026-09-25T19:10:39.606+07:00 DEBUG 34476 --- [library_management] [   scheduling-1] org.hibernate.SQL                        : select u1_0.id,u1_0.active,u1_0.created_at,u1_0.email,u1_0.full_name,u1_0.password_hash,u1_0.phone,u1_0.role,u1_0.updated_at from users u1_0 where u1_0.id=?
2026-09-25T19:10:39.607+07:00 DEBUG 34476 --- [library_management] [   scheduling-1] org.hibernate.SQL                        : select b1_0.id,b1_0.active,b1_0.average_rating,b1_0.borrow_fee,b1_0.category_id,b1_0.cover_image_url,b1_0.created_at,b1_0.description,b1_0.isbn,b1_0.publish_year,b1_0.publisher_id,b1_0.rating_count,b1_0.title,b1_0.updated_at,b1_0.version from books b1_0 where b1_0.id=?
2026-09-25T19:10:39.609+07:00 DEBUG 34476 --- [library_management] [   scheduling-1] org.hibernate.SQL                        : select b1_0.id,b1_0.active,b1_0.average_rating,b1_0.borrow_fee,b1_0.category_id,b1_0.cover_image_url,b1_0.created_at,b1_0.description,b1_0.isbn,b1_0.publish_year,b1_0.publisher_id,b1_0.rating_count,b1_0.title,b1_0.updated_at,b1_0.version from books b1_0 where b1_0.id=?
2026-09-25T19:10:39.615+07:00 DEBUG 34476 --- [library_management] [   scheduling-1] org.hibernate.SQL                        : select count(bc1_0.id) from book_copies bc1_0 where bc1_0.book_id=? and bc1_0.status=?
2026-09-25T19:10:39.618+07:00 DEBUG 34476 --- [library_management] [   scheduling-1] org.hibernate.SQL                        : select count(bc1_0.id) from book_copies bc1_0 where bc1_0.book_id=? and bc1_0.status=?
2026-09-25T19:10:39.621+07:00 DEBUG 34476 --- [library_management] [   scheduling-1] org.hibernate.SQL                        : select count(bc1_0.id) from book_copies bc1_0 where bc1_0.book_id=? and bc1_0.status=?
2026-09-25T19:10:54.628+07:00 DEBUG 34476 --- [library_management] [   scheduling-1] org.hibernate.SQL                        : select bas1_0.id,bas1_0.book_id,bas1_0.created_at,bas1_0.last_available_quantity,bas1_0.user_id from book_availability_subscriptions bas1_0
2026-09-25T19:10:54.630+07:00 DEBUG 34476 --- [library_management] [   scheduling-1] org.hibernate.SQL                        : select b1_0.id,b1_0.active,b1_0.average_rating,b1_0.borrow_fee,b1_0.category_id,b1_0.cover_image_url,b1_0.created_at,b1_0.description,b1_0.isbn,b1_0.publish_year,b1_0.publisher_id,b1_0.rating_count,b1_0.title,b1_0.updated_at,b1_0.version from books b1_0 where b1_0.id=?
2026-09-25T19:10:54.632+07:00 DEBUG 34476 --- [library_management] [   scheduling-1] org.hibernate.SQL                        : select u1_0.id,u1_0.active,u1_0.created_at,u1_0.email,u1_0.full_name,u1_0.password_hash,u1_0.phone,u1_0.role,u1_0.updated_at from users u1_0 where u1_0.id=?
2026-09-25T19:10:54.633+07:00 DEBUG 34476 --- [library_management] [   scheduling-1] org.hibernate.SQL                        : select b1_0.id,b1_0.active,b1_0.average_rating,b1_0.borrow_fee,b1_0.category_id,b1_0.cover_image_url,b1_0.created_at,b1_0.description,b1_0.isbn,b1_0.publish_year,b1_0.publisher_id,b1_0.rating_count,b1_0.title,b1_0.updated_at,b1_0.version from books b1_0 where b1_0.id=?
2026-09-25T19:10:54.639+07:00 DEBUG 34476 --- [library_management] [   scheduling-1] org.hibernate.SQL                        : select b1_0.id,b1_0.active,b1_0.average_rating,b1_0.borrow_fee,b1_0.category_id,b1_0.cover_image_url,b1_0.created_at,b1_0.description,b1_0.isbn,b1_0.publish_year,b1_0.publisher_id,b1_0.rating_count,b1_0.title,b1_0.updated_at,b1_0.version from books b1_0 where b1_0.id=?
2026-09-25T19:10:54.642+07:00 DEBUG 34476 --- [library_management] [   scheduling-1] org.hibernate.SQL                        : select count(bc1_0.id) from book_copies bc1_0 where bc1_0.book_id=? and bc1_0.status=?
2026-09-25T19:10:54.644+07:00 DEBUG 34476 --- [library_management] [   scheduling-1] org.hibernate.SQL                        : select count(bc1_0.id) from book_copies bc1_0 where bc1_0.book_id=? and bc1_0.status=?
2026-09-25T19:10:54.647+07:00 DEBUG 34476 --- [library_management] [   scheduling-1] org.hibernate.SQL                        : select count(bc1_0.id) from book_copies bc1_0 where bc1_0.book_id=? and bc1_0.status=?
2026-09-25T19:11:09.653+07:00 DEBUG 34476 --- [library_management] [   scheduling-1] org.hibernate.SQL                        : select bas1_0.id,bas1_0.book_id,bas1_0.created_at,bas1_0.last_available_quantity,bas1_0.user_id from book_availability_subscriptions bas1_0
2026-09-25T19:11:09.655+07:00 DEBUG 34476 --- [library_management] [   scheduling-1] org.hibernate.SQL                        : select b1_0.id,b1_0.active,b1_0.average_rating,b1_0.borrow_fee,b1_0.category_id,b1_0.cover_image_url,b1_0.created_at,b1_0.description,b1_0.isbn,b1_0.publish_year,b1_0.publisher_id,b1_0.rating_count,b1_0.title,b1_0.updated_at,b1_0.version from books b1_0 where b1_0.id=?
2026-09-25T19:11:09.657+07:00 DEBUG 34476 --- [library_management] [   scheduling-1] org.hibernate.SQL                        : select u1_0.id,u1_0.active,u1_0.created_at,u1_0.email,u1_0.full_name,u1_0.password_hash,u1_0.phone,u1_0.role,u1_0.updated_at from users u1_0 where u1_0.id=?
2026-09-25T19:11:09.660+07:00 DEBUG 34476 --- [library_management] [   scheduling-1] org.hibernate.SQL                        : select b1_0.id,b1_0.active,b1_0.average_rating,b1_0.borrow_fee,b1_0.category_id,b1_0.cover_image_url,b1_0.created_at,b1_0.description,b1_0.isbn,b1_0.publish_year,b1_0.publisher_id,b1_0.rating_count,b1_0.title,b1_0.updated_at,b1_0.version from books b1_0 where b1_0.id=?
2026-09-25T19:11:09.661+07:00 DEBUG 34476 --- [library_management] [   scheduling-1] org.hibernate.SQL                        : select b1_0.id,b1_0.active,b1_0.average_rating,b1_0.borrow_fee,b1_0.category_id,b1_0.cover_image_url,b1_0.created_at,b1_0.description,b1_0.isbn,b1_0.publish_year,b1_0.publisher_id,b1_0.rating_count,b1_0.title,b1_0.updated_at,b1_0.version from books b1_0 where b1_0.id=?
2026-09-25T19:11:09.664+07:00 DEBUG 34476 --- [library_management] [   scheduling-1] org.hibernate.SQL                        : select count(bc1_0.id) from book_copies bc1_0 where bc1_0.book_id=? and bc1_0.status=?
2026-09-25T19:11:09.667+07:00 DEBUG 34476 --- [library_management] [   scheduling-1] org.hibernate.SQL                        : select count(bc1_0.id) from book_copies bc1_0 where bc1_0.book_id=? and bc1_0.status=?
2026-09-25T19:11:09.670+07:00 DEBUG 34476 --- [library_management] [   scheduling-1] org.hibernate.SQL                        : select count(bc1_0.id) from book_copies bc1_0 where bc1_0.book_id=? and bc1_0.status=?
2026-09-25T19:11:23.696+07:00 DEBUG 34476 --- [library_management] [   scheduling-1] org.hibernate.SQL                        : select br1_0.id,br1_0.book_copy_id,bc1_0.id,bc1_0.acquired_date,bc1_0.barcode,bc1_0.book_id,b1_0.id,b1_0.active,b1_0.average_rating,b1_0.borrow_fee,b1_0.category_id,b1_0.cover_image_url,b1_0.created_at,b1_0.description,b1_0.isbn,b1_0.publish_year,b1_0.publisher_id,b1_0.rating_count,b1_0.title,b1_0.updated_at,b1_0.version,bc1_0.created_at,bc1_0.shelf_location,bc1_0.status,bc1_0.updated_at,bc1_0.version,br1_0.borrow_days,br1_0.borrow_fee,br1_0.borrowed_at,br1_0.cancelled_at,br1_0.created_at,br1_0.deposit_amount,br1_0.deposit_refunded_at,br1_0.due_at,br1_0.paid_amount,br1_0.paid_at,br1_0.payment_code,br1_0.payment_method,br1_0.pickup_location,br1_0.reference_code,br1_0.returned_at,br1_0.status,br1_0.total_amount,br1_0.updated_at,br1_0.user_id,u1_0.id,u1_0.active,u1_0.created_at,u1_0.email,u1_0.full_name,u1_0.password_hash,u1_0.phone,u1_0.role,u1_0.updated_at from borrow_records br1_0 join book_copies bc1_0 on bc1_0.id=br1_0.book_copy_id join books b1_0 on b1_0.id=bc1_0.book_id join users u1_0 on u1_0.id=br1_0.user_id where br1_0.status=? and br1_0.due_at between ? and ?
2026-09-25T19:11:23.703+07:00 DEBUG 34476 --- [library_management] [   scheduling-1] org.hibernate.SQL                        : select br1_0.id,br1_0.book_copy_id,bc1_0.id,bc1_0.acquired_date,bc1_0.barcode,bc1_0.book_id,b1_0.id,b1_0.active,b1_0.average_rating,b1_0.borrow_fee,b1_0.category_id,b1_0.cover_image_url,b1_0.created_at,b1_0.description,b1_0.isbn,b1_0.publish_year,b1_0.publisher_id,b1_0.rating_count,b1_0.title,b1_0.updated_at,b1_0.version,bc1_0.created_at,bc1_0.shelf_location,bc1_0.status,bc1_0.updated_at,bc1_0.version,br1_0.borrow_days,br1_0.borrow_fee,br1_0.borrowed_at,br1_0.cancelled_at,br1_0.created_at,br1_0.deposit_amount,br1_0.deposit_refunded_at,br1_0.due_at,br1_0.paid_amount,br1_0.paid_at,br1_0.payment_code,br1_0.payment_method,br1_0.pickup_location,br1_0.reference_code,br1_0.returned_at,br1_0.status,br1_0.total_amount,br1_0.updated_at,br1_0.user_id,u1_0.id,u1_0.active,u1_0.created_at,u1_0.email,u1_0.full_name,u1_0.password_hash,u1_0.phone,u1_0.role,u1_0.updated_at from borrow_records br1_0 join book_copies bc1_0 on bc1_0.id=br1_0.book_copy_id join books b1_0 on b1_0.id=bc1_0.book_id join users u1_0 on u1_0.id=br1_0.user_id where br1_0.status in (?,?) and br1_0.due_at<?
2026-09-25T19:11:24.677+07:00 DEBUG 34476 --- [library_management] [   scheduling-1] org.hibernate.SQL                        : select bas1_0.id,bas1_0.book_id,bas1_0.created_at,bas1_0.last_available_quantity,bas1_0.user_id from book_availability_subscriptions bas1_0
2026-09-25T19:11:24.679+07:00 DEBUG 34476 --- [library_management] [   scheduling-1] org.hibernate.SQL                        : select b1_0.id,b1_0.active,b1_0.average_rating,b1_0.borrow_fee,b1_0.category_id,b1_0.cover_image_url,b1_0.created_at,b1_0.description,b1_0.isbn,b1_0.publish_year,b1_0.publisher_id,b1_0.rating_count,b1_0.title,b1_0.updated_at,b1_0.version from books b1_0 where b1_0.id=?
2026-09-25T19:11:24.680+07:00 DEBUG 34476 --- [library_management] [   scheduling-1] org.hibernate.SQL                        : select u1_0.id,u1_0.active,u1_0.created_at,u1_0.email,u1_0.full_name,u1_0.password_hash,u1_0.phone,u1_0.role,u1_0.updated_at from users u1_0 where u1_0.id=?
2026-09-25T19:11:24.682+07:00 DEBUG 34476 --- [library_management] [   scheduling-1] org.hibernate.SQL                        : select b1_0.id,b1_0.active,b1_0.average_rating,b1_0.borrow_fee,b1_0.category_id,b1_0.cover_image_url,b1_0.created_at,b1_0.description,b1_0.isbn,b1_0.publish_year,b1_0.publisher_id,b1_0.rating_count,b1_0.title,b1_0.updated_at,b1_0.version from books b1_0 where b1_0.id=?
2026-09-25T19:11:24.685+07:00 DEBUG 34476 --- [library_management] [   scheduling-1] org.hibernate.SQL                        : select b1_0.id,b1_0.active,b1_0.average_rating,b1_0.borrow_fee,b1_0.category_id,b1_0.cover_image_url,b1_0.created_at,b1_0.description,b1_0.isbn,b1_0.publish_year,b1_0.publisher_id,b1_0.rating_count,b1_0.title,b1_0.updated_at,b1_0.version from books b1_0 where b1_0.id=?
2026-09-25T19:11:24.688+07:00 DEBUG 34476 --- [library_management] [   scheduling-1] org.hibernate.SQL                        : select count(bc1_0.id) from book_copies bc1_0 where bc1_0.book_id=? and bc1_0.status=?
2026-09-25T19:11:24.691+07:00 DEBUG 34476 --- [library_management] [   scheduling-1] org.hibernate.SQL                        : select count(bc1_0.id) from book_copies bc1_0 where bc1_0.book_id=? and bc1_0.status=?
2026-09-25T19:11:24.692+07:00 DEBUG 34476 --- [library_management] [   scheduling-1] org.hibernate.SQL                        : select count(bc1_0.id) from book_copies bc1_0 where bc1_0.book_id=? and bc1_0.status=?
2026-09-25T19:11:39.697+07:00 DEBUG 34476 --- [library_management] [   scheduling-1] org.hibernate.SQL                        : select bas1_0.id,bas1_0.book_id,bas1_0.created_at,bas1_0.last_available_quantity,bas1_0.user_id from book_availability_subscriptions bas1_0
2026-09-25T19:11:39.701+07:00 DEBUG 34476 --- [library_management] [   scheduling-1] org.hibernate.SQL                        : select b1_0.id,b1_0.active,b1_0.average_rating,b1_0.borrow_fee,b1_0.category_id,b1_0.cover_image_url,b1_0.created_at,b1_0.description,b1_0.isbn,b1_0.publish_year,b1_0.publisher_id,b1_0.rating_count,b1_0.title,b1_0.updated_at,b1_0.version from books b1_0 where b1_0.id=?
2026-09-25T19:11:39.703+07:00 DEBUG 34476 --- [library_management] [   scheduling-1] org.hibernate.SQL                        : select u1_0.id,u1_0.active,u1_0.created_at,u1_0.email,u1_0.full_name,u1_0.password_hash,u1_0.phone,u1_0.role,u1_0.updated_at from users u1_0 where u1_0.id=?
2026-09-25T19:11:39.703+07:00 DEBUG 34476 --- [library_management] [   scheduling-1] org.hibernate.SQL                        : select b1_0.id,b1_0.active,b1_0.average_rating,b1_0.borrow_fee,b1_0.category_id,b1_0.cover_image_url,b1_0.created_at,b1_0.description,b1_0.isbn,b1_0.publish_year,b1_0.publisher_id,b1_0.rating_count,b1_0.title,b1_0.updated_at,b1_0.version from books b1_0 where b1_0.id=?
2026-09-25T19:11:39.705+07:00 DEBUG 34476 --- [library_management] [   scheduling-1] org.hibernate.SQL                        : select b1_0.id,b1_0.active,b1_0.average_rating,b1_0.borrow_fee,b1_0.category_id,b1_0.cover_image_url,b1_0.created_at,b1_0.description,b1_0.isbn,b1_0.publish_year,b1_0.publisher_id,b1_0.rating_count,b1_0.title,b1_0.updated_at,b1_0.version from books b1_0 where b1_0.id=?
2026-09-25T19:11:39.708+07:00 DEBUG 34476 --- [library_management] [   scheduling-1] org.hibernate.SQL                        : select count(bc1_0.id) from book_copies bc1_0 where bc1_0.book_id=? and bc1_0.status=?
2026-09-25T19:11:39.710+07:00 DEBUG 34476 --- [library_management] [   scheduling-1] org.hibernate.SQL                        : select count(bc1_0.id) from book_copies bc1_0 where bc1_0.book_id=? and bc1_0.status=?
2026-09-25T19:11:39.711+07:00 DEBUG 34476 --- [library_management] [   scheduling-1] org.hibernate.SQL                        : select count(bc1_0.id) from book_copies bc1_0 where bc1_0.book_id=? and bc1_0.status=?
2026-09-25T19:11:54.718+07:00 DEBUG 34476 --- [library_management] [   scheduling-1] org.hibernate.SQL                        : select bas1_0.id,bas1_0.book_id,bas1_0.created_at,bas1_0.last_available_quantity,bas1_0.user_id from book_availability_subscriptions bas1_0
2026-09-25T19:11:54.721+07:00 DEBUG 34476 --- [library_management] [   scheduling-1] org.hibernate.SQL                        : select b1_0.id,b1_0.active,b1_0.average_rating,b1_0.borrow_fee,b1_0.category_id,b1_0.cover_image_url,b1_0.created_at,b1_0.description,b1_0.isbn,b1_0.publish_year,b1_0.publisher_id,b1_0.rating_count,b1_0.title,b1_0.updated_at,b1_0.version from books b1_0 where b1_0.id=?
2026-09-25T19:11:54.722+07:00 DEBUG 34476 --- [library_management] [   scheduling-1] org.hibernate.SQL                        : select u1_0.id,u1_0.active,u1_0.created_at,u1_0.email,u1_0.full_name,u1_0.password_hash,u1_0.phone,u1_0.role,u1_0.updated_at from users u1_0 where u1_0.id=?
2026-09-25T19:11:54.725+07:00 DEBUG 34476 --- [library_management] [   scheduling-1] org.hibernate.SQL                        : select b1_0.id,b1_0.active,b1_0.average_rating,b1_0.borrow_fee,b1_0.category_id,b1_0.cover_image_url,b1_0.created_at,b1_0.description,b1_0.isbn,b1_0.publish_year,b1_0.publisher_id,b1_0.rating_count,b1_0.title,b1_0.updated_at,b1_0.version from books b1_0 where b1_0.id=?
2026-09-25T19:11:54.726+07:00 DEBUG 34476 --- [library_management] [   scheduling-1] org.hibernate.SQL                        : select b1_0.id,b1_0.active,b1_0.average_rating,b1_0.borrow_fee,b1_0.category_id,b1_0.cover_image_url,b1_0.created_at,b1_0.description,b1_0.isbn,b1_0.publish_year,b1_0.publisher_id,b1_0.rating_count,b1_0.title,b1_0.updated_at,b1_0.version from books b1_0 where b1_0.id=?
2026-09-25T19:11:54.729+07:00 DEBUG 34476 --- [library_management] [   scheduling-1] org.hibernate.SQL                        : select count(bc1_0.id) from book_copies bc1_0 where bc1_0.book_id=? and bc1_0.status=?
2026-09-25T19:11:54.732+07:00 DEBUG 34476 --- [library_management] [   scheduling-1] org.hibernate.SQL                        : select count(bc1_0.id) from book_copies bc1_0 where bc1_0.book_id=? and bc1_0.status=?
2026-09-25T19:11:54.734+07:00 DEBUG 34476 --- [library_management] [   scheduling-1] org.hibernate.SQL                        : select count(bc1_0.id) from book_copies bc1_0 where bc1_0.book_id=? and bc1_0.status=?
2026-09-25T19:12:09.744+07:00 DEBUG 34476 --- [library_management] [   scheduling-1] org.hibernate.SQL                        : select bas1_0.id,bas1_0.book_id,bas1_0.created_at,bas1_0.last_available_quantity,bas1_0.user_id from book_availability_subscriptions bas1_0
2026-09-25T19:12:09.747+07:00 DEBUG 34476 --- [library_management] [   scheduling-1] org.hibernate.SQL                        : select b1_0.id,b1_0.active,b1_0.average_rating,b1_0.borrow_fee,b1_0.category_id,b1_0.cover_image_url,b1_0.created_at,b1_0.description,b1_0.isbn,b1_0.publish_year,b1_0.publisher_id,b1_0.rating_count,b1_0.title,b1_0.updated_at,b1_0.version from books b1_0 where b1_0.id=?
2026-09-25T19:12:09.751+07:00 DEBUG 34476 --- [library_management] [   scheduling-1] org.hibernate.SQL                        : select u1_0.id,u1_0.active,u1_0.created_at,u1_0.email,u1_0.full_name,u1_0.password_hash,u1_0.phone,u1_0.role,u1_0.updated_at from users u1_0 where u1_0.id=?
2026-09-25T19:12:09.753+07:00 DEBUG 34476 --- [library_management] [   scheduling-1] org.hibernate.SQL                        : select b1_0.id,b1_0.active,b1_0.average_rating,b1_0.borrow_fee,b1_0.category_id,b1_0.cover_image_url,b1_0.created_at,b1_0.description,b1_0.isbn,b1_0.publish_year,b1_0.publisher_id,b1_0.rating_count,b1_0.title,b1_0.updated_at,b1_0.version from books b1_0 where b1_0.id=?
2026-09-25T19:12:09.756+07:00 DEBUG 34476 --- [library_management] [   scheduling-1] org.hibernate.SQL                        : select b1_0.id,b1_0.active,b1_0.average_rating,b1_0.borrow_fee,b1_0.category_id,b1_0.cover_image_url,b1_0.created_at,b1_0.description,b1_0.isbn,b1_0.publish_year,b1_0.publisher_id,b1_0.rating_count,b1_0.title,b1_0.updated_at,b1_0.version from books b1_0 where b1_0.id=?
2026-09-25T19:12:09.765+07:00 DEBUG 34476 --- [library_management] [   scheduling-1] org.hibernate.SQL                        : select count(bc1_0.id) from book_copies bc1_0 where bc1_0.book_id=? and bc1_0.status=?
2026-09-25T19:12:09.769+07:00 DEBUG 34476 --- [library_management] [   scheduling-1] org.hibernate.SQL                        : select count(bc1_0.id) from book_copies bc1_0 where bc1_0.book_id=? and bc1_0.status=?
2026-09-25T19:12:09.772+07:00 DEBUG 34476 --- [library_management] [   scheduling-1] org.hibernate.SQL                        : select count(bc1_0.id) from book_copies bc1_0 where bc1_0.book_id=? and bc1_0.status=?
2026-09-25T19:12:23.713+07:00 DEBUG 34476 --- [library_management] [   scheduling-1] org.hibernate.SQL                        : select br1_0.id,br1_0.book_copy_id,bc1_0.id,bc1_0.acquired_date,bc1_0.barcode,bc1_0.book_id,b1_0.id,b1_0.active,b1_0.average_rating,b1_0.borrow_fee,b1_0.category_id,b1_0.cover_image_url,b1_0.created_at,b1_0.description,b1_0.isbn,b1_0.publish_year,b1_0.publisher_id,b1_0.rating_count,b1_0.title,b1_0.updated_at,b1_0.version,bc1_0.created_at,bc1_0.shelf_location,bc1_0.status,bc1_0.updated_at,bc1_0.version,br1_0.borrow_days,br1_0.borrow_fee,br1_0.borrowed_at,br1_0.cancelled_at,br1_0.created_at,br1_0.deposit_amount,br1_0.deposit_refunded_at,br1_0.due_at,br1_0.paid_amount,br1_0.paid_at,br1_0.payment_code,br1_0.payment_method,br1_0.pickup_location,br1_0.reference_code,br1_0.returned_at,br1_0.status,br1_0.total_amount,br1_0.updated_at,br1_0.user_id,u1_0.id,u1_0.active,u1_0.created_at,u1_0.email,u1_0.full_name,u1_0.password_hash,u1_0.phone,u1_0.role,u1_0.updated_at from borrow_records br1_0 join book_copies bc1_0 on bc1_0.id=br1_0.book_copy_id join books b1_0 on b1_0.id=bc1_0.book_id join users u1_0 on u1_0.id=br1_0.user_id where br1_0.status=? and br1_0.due_at between ? and ?
2026-09-25T19:12:23.719+07:00 DEBUG 34476 --- [library_management] [   scheduling-1] org.hibernate.SQL                        : select br1_0.id,br1_0.book_copy_id,bc1_0.id,bc1_0.acquired_date,bc1_0.barcode,bc1_0.book_id,b1_0.id,b1_0.active,b1_0.average_rating,b1_0.borrow_fee,b1_0.category_id,b1_0.cover_image_url,b1_0.created_at,b1_0.description,b1_0.isbn,b1_0.publish_year,b1_0.publisher_id,b1_0.rating_count,b1_0.title,b1_0.updated_at,b1_0.version,bc1_0.created_at,bc1_0.shelf_location,bc1_0.status,bc1_0.updated_at,bc1_0.version,br1_0.borrow_days,br1_0.borrow_fee,br1_0.borrowed_at,br1_0.cancelled_at,br1_0.created_at,br1_0.deposit_amount,br1_0.deposit_refunded_at,br1_0.due_at,br1_0.paid_amount,br1_0.paid_at,br1_0.payment_code,br1_0.payment_method,br1_0.pickup_location,br1_0.reference_code,br1_0.returned_at,br1_0.status,br1_0.total_amount,br1_0.updated_at,br1_0.user_id,u1_0.id,u1_0.active,u1_0.created_at,u1_0.email,u1_0.full_name,u1_0.password_hash,u1_0.phone,u1_0.role,u1_0.updated_at from borrow_records br1_0 join book_copies bc1_0 on bc1_0.id=br1_0.book_copy_id join books b1_0 on b1_0.id=bc1_0.book_id join users u1_0 on u1_0.id=br1_0.user_id where br1_0.status in (?,?) and br1_0.due_at<?
2026-09-25T19:12:24.779+07:00 DEBUG 34476 --- [library_management] [   scheduling-1] org.hibernate.SQL                        : select bas1_0.id,bas1_0.book_id,bas1_0.created_at,bas1_0.last_available_quantity,bas1_0.user_id from book_availability_subscriptions bas1_0
2026-09-25T19:12:24.781+07:00 DEBUG 34476 --- [library_management] [   scheduling-1] org.hibernate.SQL                        : select b1_0.id,b1_0.active,b1_0.average_rating,b1_0.borrow_fee,b1_0.category_id,b1_0.cover_image_url,b1_0.created_at,b1_0.description,b1_0.isbn,b1_0.publish_year,b1_0.publisher_id,b1_0.rating_count,b1_0.title,b1_0.updated_at,b1_0.version from books b1_0 where b1_0.id=?
2026-09-25T19:12:24.784+07:00 DEBUG 34476 --- [library_management] [   scheduling-1] org.hibernate.SQL                        : select u1_0.id,u1_0.active,u1_0.created_at,u1_0.email,u1_0.full_name,u1_0.password_hash,u1_0.phone,u1_0.role,u1_0.updated_at from users u1_0 where u1_0.id=?
2026-09-25T19:12:24.787+07:00 DEBUG 34476 --- [library_management] [   scheduling-1] org.hibernate.SQL                        : select b1_0.id,b1_0.active,b1_0.average_rating,b1_0.borrow_fee,b1_0.category_id,b1_0.cover_image_url,b1_0.created_at,b1_0.description,b1_0.isbn,b1_0.publish_year,b1_0.publisher_id,b1_0.rating_count,b1_0.title,b1_0.updated_at,b1_0.version from books b1_0 where b1_0.id=?
2026-09-25T19:12:24.788+07:00 DEBUG 34476 --- [library_management] [   scheduling-1] org.hibernate.SQL                        : select b1_0.id,b1_0.active,b1_0.average_rating,b1_0.borrow_fee,b1_0.category_id,b1_0.cover_image_url,b1_0.created_at,b1_0.description,b1_0.isbn,b1_0.publish_year,b1_0.publisher_id,b1_0.rating_count,b1_0.title,b1_0.updated_at,b1_0.version from books b1_0 where b1_0.id=?
2026-09-25T19:12:24.794+07:00 DEBUG 34476 --- [library_management] [   scheduling-1] org.hibernate.SQL                        : select count(bc1_0.id) from book_copies bc1_0 where bc1_0.book_id=? and bc1_0.status=?
2026-09-25T19:12:24.797+07:00 DEBUG 34476 --- [library_management] [   scheduling-1] org.hibernate.SQL                        : select count(bc1_0.id) from book_copies bc1_0 where bc1_0.book_id=? and bc1_0.status=?
2026-09-25T19:12:24.799+07:00 DEBUG 34476 --- [library_management] [   scheduling-1] org.hibernate.SQL                        : select count(bc1_0.id) from book_copies bc1_0 where bc1_0.book_id=? and bc1_0.status=?
2026-09-25T19:12:39.806+07:00 DEBUG 34476 --- [library_management] [   scheduling-1] org.hibernate.SQL                        : select bas1_0.id,bas1_0.book_id,bas1_0.created_at,bas1_0.last_available_quantity,bas1_0.user_id from book_availability_subscriptions bas1_0
2026-09-25T19:12:39.807+07:00 DEBUG 34476 --- [library_management] [   scheduling-1] org.hibernate.SQL                        : select b1_0.id,b1_0.active,b1_0.average_rating,b1_0.borrow_fee,b1_0.category_id,b1_0.cover_image_url,b1_0.created_at,b1_0.description,b1_0.isbn,b1_0.publish_year,b1_0.publisher_id,b1_0.rating_count,b1_0.title,b1_0.updated_at,b1_0.version from books b1_0 where b1_0.id=?
2026-09-25T19:12:39.808+07:00 DEBUG 34476 --- [library_management] [   scheduling-1] org.hibernate.SQL                        : select u1_0.id,u1_0.active,u1_0.created_at,u1_0.email,u1_0.full_name,u1_0.password_hash,u1_0.phone,u1_0.role,u1_0.updated_at from users u1_0 where u1_0.id=?
2026-09-25T19:12:39.809+07:00 DEBUG 34476 --- [library_management] [   scheduling-1] org.hibernate.SQL                        : select b1_0.id,b1_0.active,b1_0.average_rating,b1_0.borrow_fee,b1_0.category_id,b1_0.cover_image_url,b1_0.created_at,b1_0.description,b1_0.isbn,b1_0.publish_year,b1_0.publisher_id,b1_0.rating_count,b1_0.title,b1_0.updated_at,b1_0.version from books b1_0 where b1_0.id=?
2026-09-25T19:12:39.811+07:00 DEBUG 34476 --- [library_management] [   scheduling-1] org.hibernate.SQL                        : select b1_0.id,b1_0.active,b1_0.average_rating,b1_0.borrow_fee,b1_0.category_id,b1_0.cover_image_url,b1_0.created_at,b1_0.description,b1_0.isbn,b1_0.publish_year,b1_0.publisher_id,b1_0.rating_count,b1_0.title,b1_0.updated_at,b1_0.version from books b1_0 where b1_0.id=?
2026-09-25T19:12:39.815+07:00 DEBUG 34476 --- [library_management] [   scheduling-1] org.hibernate.SQL                        : select count(bc1_0.id) from book_copies bc1_0 where bc1_0.book_id=? and bc1_0.status=?
2026-09-25T19:12:39.817+07:00 DEBUG 34476 --- [library_management] [   scheduling-1] org.hibernate.SQL                        : select count(bc1_0.id) from book_copies bc1_0 where bc1_0.book_id=? and bc1_0.status=?
2026-09-25T19:12:39.818+07:00 DEBUG 34476 --- [library_management] [   scheduling-1] org.hibernate.SQL                        : select count(bc1_0.id) from book_copies bc1_0 where bc1_0.book_id=? and bc1_0.status=?
2026-09-25T19:12:54.823+07:00 DEBUG 34476 --- [library_management] [   scheduling-1] org.hibernate.SQL                        : select bas1_0.id,bas1_0.book_id,bas1_0.created_at,bas1_0.last_available_quantity,bas1_0.user_id from book_availability_subscriptions bas1_0
2026-09-25T19:12:54.824+07:00 DEBUG 34476 --- [library_management] [   scheduling-1] org.hibernate.SQL                        : select b1_0.id,b1_0.active,b1_0.average_rating,b1_0.borrow_fee,b1_0.category_id,b1_0.cover_image_url,b1_0.created_at,b1_0.description,b1_0.isbn,b1_0.publish_year,b1_0.publisher_id,b1_0.rating_count,b1_0.title,b1_0.updated_at,b1_0.version from books b1_0 where b1_0.id=?
2026-09-25T19:12:54.825+07:00 DEBUG 34476 --- [library_management] [   scheduling-1] org.hibernate.SQL                        : select u1_0.id,u1_0.active,u1_0.created_at,u1_0.email,u1_0.full_name,u1_0.password_hash,u1_0.phone,u1_0.role,u1_0.updated_at from users u1_0 where u1_0.id=?
2026-09-25T19:12:54.827+07:00 DEBUG 34476 --- [library_management] [   scheduling-1] org.hibernate.SQL                        : select b1_0.id,b1_0.active,b1_0.average_rating,b1_0.borrow_fee,b1_0.category_id,b1_0.cover_image_url,b1_0.created_at,b1_0.description,b1_0.isbn,b1_0.publish_year,b1_0.publisher_id,b1_0.rating_count,b1_0.title,b1_0.updated_at,b1_0.version from books b1_0 where b1_0.id=?
2026-09-25T19:12:54.829+07:00 DEBUG 34476 --- [library_management] [   scheduling-1] org.hibernate.SQL                        : select b1_0.id,b1_0.active,b1_0.average_rating,b1_0.borrow_fee,b1_0.category_id,b1_0.cover_image_url,b1_0.created_at,b1_0.description,b1_0.isbn,b1_0.publish_year,b1_0.publisher_id,b1_0.rating_count,b1_0.title,b1_0.updated_at,b1_0.version from books b1_0 where b1_0.id=?
2026-09-25T19:12:54.832+07:00 DEBUG 34476 --- [library_management] [   scheduling-1] org.hibernate.SQL                        : select count(bc1_0.id) from book_copies bc1_0 where bc1_0.book_id=? and bc1_0.status=?
2026-09-25T19:12:54.834+07:00 DEBUG 34476 --- [library_management] [   scheduling-1] org.hibernate.SQL                        : select count(bc1_0.id) from book_copies bc1_0 where bc1_0.book_id=? and bc1_0.status=?
2026-09-25T19:12:54.837+07:00 DEBUG 34476 --- [library_management] [   scheduling-1] org.hibernate.SQL                        : select count(bc1_0.id) from book_copies bc1_0 where bc1_0.book_id=? and bc1_0.status=?
2026-09-25T19:13:09.845+07:00 DEBUG 34476 --- [library_management] [   scheduling-1] org.hibernate.SQL                        : select bas1_0.id,bas1_0.book_id,bas1_0.created_at,bas1_0.last_available_quantity,bas1_0.user_id from book_availability_subscriptions bas1_0
2026-09-25T19:13:09.848+07:00 DEBUG 34476 --- [library_management] [   scheduling-1] org.hibernate.SQL                        : select b1_0.id,b1_0.active,b1_0.average_rating,b1_0.borrow_fee,b1_0.category_id,b1_0.cover_image_url,b1_0.created_at,b1_0.description,b1_0.isbn,b1_0.publish_year,b1_0.publisher_id,b1_0.rating_count,b1_0.title,b1_0.updated_at,b1_0.version from books b1_0 where b1_0.id=?
2026-09-25T19:13:09.850+07:00 DEBUG 34476 --- [library_management] [   scheduling-1] org.hibernate.SQL                        : select u1_0.id,u1_0.active,u1_0.created_at,u1_0.email,u1_0.full_name,u1_0.password_hash,u1_0.phone,u1_0.role,u1_0.updated_at from users u1_0 where u1_0.id=?
2026-09-25T19:13:09.851+07:00 DEBUG 34476 --- [library_management] [   scheduling-1] org.hibernate.SQL                        : select b1_0.id,b1_0.active,b1_0.average_rating,b1_0.borrow_fee,b1_0.category_id,b1_0.cover_image_url,b1_0.created_at,b1_0.description,b1_0.isbn,b1_0.publish_year,b1_0.publisher_id,b1_0.rating_count,b1_0.title,b1_0.updated_at,b1_0.version from books b1_0 where b1_0.id=?
2026-09-25T19:13:09.853+07:00 DEBUG 34476 --- [library_management] [   scheduling-1] org.hibernate.SQL                        : select b1_0.id,b1_0.active,b1_0.average_rating,b1_0.borrow_fee,b1_0.category_id,b1_0.cover_image_url,b1_0.created_at,b1_0.description,b1_0.isbn,b1_0.publish_year,b1_0.publisher_id,b1_0.rating_count,b1_0.title,b1_0.updated_at,b1_0.version from books b1_0 where b1_0.id=?
2026-09-25T19:13:09.857+07:00 DEBUG 34476 --- [library_management] [   scheduling-1] org.hibernate.SQL                        : select count(bc1_0.id) from book_copies bc1_0 where bc1_0.book_id=? and bc1_0.status=?
2026-09-25T19:13:09.859+07:00 DEBUG 34476 --- [library_management] [   scheduling-1] org.hibernate.SQL                        : select count(bc1_0.id) from book_copies bc1_0 where bc1_0.book_id=? and bc1_0.status=?
2026-09-25T19:13:09.861+07:00 DEBUG 34476 --- [library_management] [   scheduling-1] org.hibernate.SQL                        : select count(bc1_0.id) from book_copies bc1_0 where bc1_0.book_id=? and bc1_0.status=?
2026-09-25T19:13:23.730+07:00 DEBUG 34476 --- [library_management] [   scheduling-1] org.hibernate.SQL                        : select br1_0.id,br1_0.book_copy_id,bc1_0.id,bc1_0.acquired_date,bc1_0.barcode,bc1_0.book_id,b1_0.id,b1_0.active,b1_0.average_rating,b1_0.borrow_fee,b1_0.category_id,b1_0.cover_image_url,b1_0.created_at,b1_0.description,b1_0.isbn,b1_0.publish_year,b1_0.publisher_id,b1_0.rating_count,b1_0.title,b1_0.updated_at,b1_0.version,bc1_0.created_at,bc1_0.shelf_location,bc1_0.status,bc1_0.updated_at,bc1_0.version,br1_0.borrow_days,br1_0.borrow_fee,br1_0.borrowed_at,br1_0.cancelled_at,br1_0.created_at,br1_0.deposit_amount,br1_0.deposit_refunded_at,br1_0.due_at,br1_0.paid_amount,br1_0.paid_at,br1_0.payment_code,br1_0.payment_method,br1_0.pickup_location,br1_0.reference_code,br1_0.returned_at,br1_0.status,br1_0.total_amount,br1_0.updated_at,br1_0.user_id,u1_0.id,u1_0.active,u1_0.created_at,u1_0.email,u1_0.full_name,u1_0.password_hash,u1_0.phone,u1_0.role,u1_0.updated_at from borrow_records br1_0 join book_copies bc1_0 on bc1_0.id=br1_0.book_copy_id join books b1_0 on b1_0.id=bc1_0.book_id join users u1_0 on u1_0.id=br1_0.user_id where br1_0.status=? and br1_0.due_at between ? and ?
2026-09-25T19:13:23.738+07:00 DEBUG 34476 --- [library_management] [   scheduling-1] org.hibernate.SQL                        : select br1_0.id,br1_0.book_copy_id,bc1_0.id,bc1_0.acquired_date,bc1_0.barcode,bc1_0.book_id,b1_0.id,b1_0.active,b1_0.average_rating,b1_0.borrow_fee,b1_0.category_id,b1_0.cover_image_url,b1_0.created_at,b1_0.description,b1_0.isbn,b1_0.publish_year,b1_0.publisher_id,b1_0.rating_count,b1_0.title,b1_0.updated_at,b1_0.version,bc1_0.created_at,bc1_0.shelf_location,bc1_0.status,bc1_0.updated_at,bc1_0.version,br1_0.borrow_days,br1_0.borrow_fee,br1_0.borrowed_at,br1_0.cancelled_at,br1_0.created_at,br1_0.deposit_amount,br1_0.deposit_refunded_at,br1_0.due_at,br1_0.paid_amount,br1_0.paid_at,br1_0.payment_code,br1_0.payment_method,br1_0.pickup_location,br1_0.reference_code,br1_0.returned_at,br1_0.status,br1_0.total_amount,br1_0.updated_at,br1_0.user_id,u1_0.id,u1_0.active,u1_0.created_at,u1_0.email,u1_0.full_name,u1_0.password_hash,u1_0.phone,u1_0.role,u1_0.updated_at from borrow_records br1_0 join book_copies bc1_0 on bc1_0.id=br1_0.book_copy_id join books b1_0 on b1_0.id=bc1_0.book_id join users u1_0 on u1_0.id=br1_0.user_id where br1_0.status in (?,?) and br1_0.due_at<?
2026-09-25T19:13:24.869+07:00 DEBUG 34476 --- [library_management] [   scheduling-1] org.hibernate.SQL                        : select bas1_0.id,bas1_0.book_id,bas1_0.created_at,bas1_0.last_available_quantity,bas1_0.user_id from book_availability_subscriptions bas1_0
2026-09-25T19:13:24.870+07:00 DEBUG 34476 --- [library_management] [   scheduling-1] org.hibernate.SQL                        : select b1_0.id,b1_0.active,b1_0.average_rating,b1_0.borrow_fee,b1_0.category_id,b1_0.cover_image_url,b1_0.created_at,b1_0.description,b1_0.isbn,b1_0.publish_year,b1_0.publisher_id,b1_0.rating_count,b1_0.title,b1_0.updated_at,b1_0.version from books b1_0 where b1_0.id=?
2026-09-25T19:13:24.872+07:00 DEBUG 34476 --- [library_management] [   scheduling-1] org.hibernate.SQL                        : select u1_0.id,u1_0.active,u1_0.created_at,u1_0.email,u1_0.full_name,u1_0.password_hash,u1_0.phone,u1_0.role,u1_0.updated_at from users u1_0 where u1_0.id=?
2026-09-25T19:13:24.873+07:00 DEBUG 34476 --- [library_management] [   scheduling-1] org.hibernate.SQL                        : select b1_0.id,b1_0.active,b1_0.average_rating,b1_0.borrow_fee,b1_0.category_id,b1_0.cover_image_url,b1_0.created_at,b1_0.description,b1_0.isbn,b1_0.publish_year,b1_0.publisher_id,b1_0.rating_count,b1_0.title,b1_0.updated_at,b1_0.version from books b1_0 where b1_0.id=?
2026-09-25T19:13:24.874+07:00 DEBUG 34476 --- [library_management] [   scheduling-1] org.hibernate.SQL                        : select b1_0.id,b1_0.active,b1_0.average_rating,b1_0.borrow_fee,b1_0.category_id,b1_0.cover_image_url,b1_0.created_at,b1_0.description,b1_0.isbn,b1_0.publish_year,b1_0.publisher_id,b1_0.rating_count,b1_0.title,b1_0.updated_at,b1_0.version from books b1_0 where b1_0.id=?
2026-09-25T19:13:24.876+07:00 DEBUG 34476 --- [library_management] [   scheduling-1] org.hibernate.SQL                        : select count(bc1_0.id) from book_copies bc1_0 where bc1_0.book_id=? and bc1_0.status=?
2026-09-25T19:13:24.878+07:00 DEBUG 34476 --- [library_management] [   scheduling-1] org.hibernate.SQL                        : select count(bc1_0.id) from book_copies bc1_0 where bc1_0.book_id=? and bc1_0.status=?
2026-09-25T19:13:24.880+07:00 DEBUG 34476 --- [library_management] [   scheduling-1] org.hibernate.SQL                        : select count(bc1_0.id) from book_copies bc1_0 where bc1_0.book_id=? and bc1_0.status=?
2026-09-25T19:13:39.884+07:00 DEBUG 34476 --- [library_management] [   scheduling-1] org.hibernate.SQL                        : select bas1_0.id,bas1_0.book_id,bas1_0.created_at,bas1_0.last_available_quantity,bas1_0.user_id from book_availability_subscriptions bas1_0
2026-09-25T19:13:39.886+07:00 DEBUG 34476 --- [library_management] [   scheduling-1] org.hibernate.SQL                        : select b1_0.id,b1_0.active,b1_0.average_rating,b1_0.borrow_fee,b1_0.category_id,b1_0.cover_image_url,b1_0.created_at,b1_0.description,b1_0.isbn,b1_0.publish_year,b1_0.publisher_id,b1_0.rating_count,b1_0.title,b1_0.updated_at,b1_0.version from books b1_0 where b1_0.id=?
2026-09-25T19:13:39.889+07:00 DEBUG 34476 --- [library_management] [   scheduling-1] org.hibernate.SQL                        : select u1_0.id,u1_0.active,u1_0.created_at,u1_0.email,u1_0.full_name,u1_0.password_hash,u1_0.phone,u1_0.role,u1_0.updated_at from users u1_0 where u1_0.id=?
2026-09-25T19:13:39.891+07:00 DEBUG 34476 --- [library_management] [   scheduling-1] org.hibernate.SQL                        : select b1_0.id,b1_0.active,b1_0.average_rating,b1_0.borrow_fee,b1_0.category_id,b1_0.cover_image_url,b1_0.created_at,b1_0.description,b1_0.isbn,b1_0.publish_year,b1_0.publisher_id,b1_0.rating_count,b1_0.title,b1_0.updated_at,b1_0.version from books b1_0 where b1_0.id=?
2026-09-25T19:13:39.893+07:00 DEBUG 34476 --- [library_management] [   scheduling-1] org.hibernate.SQL                        : select b1_0.id,b1_0.active,b1_0.average_rating,b1_0.borrow_fee,b1_0.category_id,b1_0.cover_image_url,b1_0.created_at,b1_0.description,b1_0.isbn,b1_0.publish_year,b1_0.publisher_id,b1_0.rating_count,b1_0.title,b1_0.updated_at,b1_0.version from books b1_0 where b1_0.id=?
2026-09-25T19:13:39.895+07:00 DEBUG 34476 --- [library_management] [   scheduling-1] org.hibernate.SQL                        : select count(bc1_0.id) from book_copies bc1_0 where bc1_0.book_id=? and bc1_0.status=?
2026-09-25T19:13:39.897+07:00 DEBUG 34476 --- [library_management] [   scheduling-1] org.hibernate.SQL                        : select count(bc1_0.id) from book_copies bc1_0 where bc1_0.book_id=? and bc1_0.status=?
2026-09-25T19:13:39.899+07:00 DEBUG 34476 --- [library_management] [   scheduling-1] org.hibernate.SQL                        : select count(bc1_0.id) from book_copies bc1_0 where bc1_0.book_id=? and bc1_0.status=?
2026-09-25T19:13:54.917+07:00 DEBUG 34476 --- [library_management] [   scheduling-1] org.hibernate.SQL                        : select bas1_0.id,bas1_0.book_id,bas1_0.created_at,bas1_0.last_available_quantity,bas1_0.user_id from book_availability_subscriptions bas1_0
2026-09-25T19:13:54.920+07:00 DEBUG 34476 --- [library_management] [   scheduling-1] org.hibernate.SQL                        : select b1_0.id,b1_0.active,b1_0.average_rating,b1_0.borrow_fee,b1_0.category_id,b1_0.cover_image_url,b1_0.created_at,b1_0.description,b1_0.isbn,b1_0.publish_year,b1_0.publisher_id,b1_0.rating_count,b1_0.title,b1_0.updated_at,b1_0.version from books b1_0 where b1_0.id=?
2026-09-25T19:13:54.925+07:00 DEBUG 34476 --- [library_management] [   scheduling-1] org.hibernate.SQL                        : select u1_0.id,u1_0.active,u1_0.created_at,u1_0.email,u1_0.full_name,u1_0.password_hash,u1_0.phone,u1_0.role,u1_0.updated_at from users u1_0 where u1_0.id=?
2026-09-25T19:13:54.928+07:00 DEBUG 34476 --- [library_management] [   scheduling-1] org.hibernate.SQL                        : select b1_0.id,b1_0.active,b1_0.average_rating,b1_0.borrow_fee,b1_0.category_id,b1_0.cover_image_url,b1_0.created_at,b1_0.description,b1_0.isbn,b1_0.publish_year,b1_0.publisher_id,b1_0.rating_count,b1_0.title,b1_0.updated_at,b1_0.version from books b1_0 where b1_0.id=?
2026-09-25T19:13:54.932+07:00 DEBUG 34476 --- [library_management] [   scheduling-1] org.hibernate.SQL                        : select b1_0.id,b1_0.active,b1_0.average_rating,b1_0.borrow_fee,b1_0.category_id,b1_0.cover_image_url,b1_0.created_at,b1_0.description,b1_0.isbn,b1_0.publish_year,b1_0.publisher_id,b1_0.rating_count,b1_0.title,b1_0.updated_at,b1_0.version from books b1_0 where b1_0.id=?
2026-09-25T19:13:54.937+07:00 DEBUG 34476 --- [library_management] [   scheduling-1] org.hibernate.SQL                        : select count(bc1_0.id) from book_copies bc1_0 where bc1_0.book_id=? and bc1_0.status=?
2026-09-25T19:13:54.940+07:00 DEBUG 34476 --- [library_management] [   scheduling-1] org.hibernate.SQL                        : select count(bc1_0.id) from book_copies bc1_0 where bc1_0.book_id=? and bc1_0.status=?
2026-09-25T19:13:54.943+07:00 DEBUG 34476 --- [library_management] [   scheduling-1] org.hibernate.SQL                        : select count(bc1_0.id) from book_copies bc1_0 where bc1_0.book_id=? and bc1_0.status=?
2026-09-25T19:14:09.983+07:00 DEBUG 34476 --- [library_management] [   scheduling-1] org.hibernate.SQL                        : select bas1_0.id,bas1_0.book_id,bas1_0.created_at,bas1_0.last_available_quantity,bas1_0.user_id from book_availability_subscriptions bas1_0
2026-09-25T19:14:09.986+07:00 DEBUG 34476 --- [library_management] [   scheduling-1] org.hibernate.SQL                        : select b1_0.id,b1_0.active,b1_0.average_rating,b1_0.borrow_fee,b1_0.category_id,b1_0.cover_image_url,b1_0.created_at,b1_0.description,b1_0.isbn,b1_0.publish_year,b1_0.publisher_id,b1_0.rating_count,b1_0.title,b1_0.updated_at,b1_0.version from books b1_0 where b1_0.id=?
2026-09-25T19:14:09.990+07:00 DEBUG 34476 --- [library_management] [   scheduling-1] org.hibernate.SQL                        : select u1_0.id,u1_0.active,u1_0.created_at,u1_0.email,u1_0.full_name,u1_0.password_hash,u1_0.phone,u1_0.role,u1_0.updated_at from users u1_0 where u1_0.id=?
2026-09-25T19:14:09.994+07:00 DEBUG 34476 --- [library_management] [   scheduling-1] org.hibernate.SQL                        : select b1_0.id,b1_0.active,b1_0.average_rating,b1_0.borrow_fee,b1_0.category_id,b1_0.cover_image_url,b1_0.created_at,b1_0.description,b1_0.isbn,b1_0.publish_year,b1_0.publisher_id,b1_0.rating_count,b1_0.title,b1_0.updated_at,b1_0.version from books b1_0 where b1_0.id=?
2026-09-25T19:14:09.999+07:00 DEBUG 34476 --- [library_management] [   scheduling-1] org.hibernate.SQL                        : select b1_0.id,b1_0.active,b1_0.average_rating,b1_0.borrow_fee,b1_0.category_id,b1_0.cover_image_url,b1_0.created_at,b1_0.description,b1_0.isbn,b1_0.publish_year,b1_0.publisher_id,b1_0.rating_count,b1_0.title,b1_0.updated_at,b1_0.version from books b1_0 where b1_0.id=?
2026-09-25T19:14:10.004+07:00 DEBUG 34476 --- [library_management] [   scheduling-1] org.hibernate.SQL                        : select count(bc1_0.id) from book_copies bc1_0 where bc1_0.book_id=? and bc1_0.status=?
2026-09-25T19:14:10.008+07:00 DEBUG 34476 --- [library_management] [   scheduling-1] org.hibernate.SQL                        : select count(bc1_0.id) from book_copies bc1_0 where bc1_0.book_id=? and bc1_0.status=?
2026-09-25T19:14:10.012+07:00 DEBUG 34476 --- [library_management] [   scheduling-1] org.hibernate.SQL                        : select count(bc1_0.id) from book_copies bc1_0 where bc1_0.book_id=? and bc1_0.status=?
2026-09-25T19:14:23.747+07:00 DEBUG 34476 --- [library_management] [   scheduling-1] org.hibernate.SQL                        : select br1_0.id,br1_0.book_copy_id,bc1_0.id,bc1_0.acquired_date,bc1_0.barcode,bc1_0.book_id,b1_0.id,b1_0.active,b1_0.average_rating,b1_0.borrow_fee,b1_0.category_id,b1_0.cover_image_url,b1_0.created_at,b1_0.description,b1_0.isbn,b1_0.publish_year,b1_0.publisher_id,b1_0.rating_count,b1_0.title,b1_0.updated_at,b1_0.version,bc1_0.created_at,bc1_0.shelf_location,bc1_0.status,bc1_0.updated_at,bc1_0.version,br1_0.borrow_days,br1_0.borrow_fee,br1_0.borrowed_at,br1_0.cancelled_at,br1_0.created_at,br1_0.deposit_amount,br1_0.deposit_refunded_at,br1_0.due_at,br1_0.paid_amount,br1_0.paid_at,br1_0.payment_code,br1_0.payment_method,br1_0.pickup_location,br1_0.reference_code,br1_0.returned_at,br1_0.status,br1_0.total_amount,br1_0.updated_at,br1_0.user_id,u1_0.id,u1_0.active,u1_0.created_at,u1_0.email,u1_0.full_name,u1_0.password_hash,u1_0.phone,u1_0.role,u1_0.updated_at from borrow_records br1_0 join book_copies bc1_0 on bc1_0.id=br1_0.book_copy_id join books b1_0 on b1_0.id=bc1_0.book_id join users u1_0 on u1_0.id=br1_0.user_id where br1_0.status=? and br1_0.due_at between ? and ?
2026-09-25T19:14:23.754+07:00 DEBUG 34476 --- [library_management] [   scheduling-1] org.hibernate.SQL                        : select br1_0.id,br1_0.book_copy_id,bc1_0.id,bc1_0.acquired_date,bc1_0.barcode,bc1_0.book_id,b1_0.id,b1_0.active,b1_0.average_rating,b1_0.borrow_fee,b1_0.category_id,b1_0.cover_image_url,b1_0.created_at,b1_0.description,b1_0.isbn,b1_0.publish_year,b1_0.publisher_id,b1_0.rating_count,b1_0.title,b1_0.updated_at,b1_0.version,bc1_0.created_at,bc1_0.shelf_location,bc1_0.status,bc1_0.updated_at,bc1_0.version,br1_0.borrow_days,br1_0.borrow_fee,br1_0.borrowed_at,br1_0.cancelled_at,br1_0.created_at,br1_0.deposit_amount,br1_0.deposit_refunded_at,br1_0.due_at,br1_0.paid_amount,br1_0.paid_at,br1_0.payment_code,br1_0.payment_method,br1_0.pickup_location,br1_0.reference_code,br1_0.returned_at,br1_0.status,br1_0.total_amount,br1_0.updated_at,br1_0.user_id,u1_0.id,u1_0.active,u1_0.created_at,u1_0.email,u1_0.full_name,u1_0.password_hash,u1_0.phone,u1_0.role,u1_0.updated_at from borrow_records br1_0 join book_copies bc1_0 on bc1_0.id=br1_0.book_copy_id join books b1_0 on b1_0.id=bc1_0.book_id join users u1_0 on u1_0.id=br1_0.user_id where br1_0.status in (?,?) and br1_0.due_at<?
2026-09-25T19:14:25.020+07:00 DEBUG 34476 --- [library_management] [   scheduling-1] org.hibernate.SQL                        : select bas1_0.id,bas1_0.book_id,bas1_0.created_at,bas1_0.last_available_quantity,bas1_0.user_id from book_availability_subscriptions bas1_0
2026-09-25T19:14:25.023+07:00 DEBUG 34476 --- [library_management] [   scheduling-1] org.hibernate.SQL                        : select b1_0.id,b1_0.active,b1_0.average_rating,b1_0.borrow_fee,b1_0.category_id,b1_0.cover_image_url,b1_0.created_at,b1_0.description,b1_0.isbn,b1_0.publish_year,b1_0.publisher_id,b1_0.rating_count,b1_0.title,b1_0.updated_at,b1_0.version from books b1_0 where b1_0.id=?
2026-09-25T19:14:25.025+07:00 DEBUG 34476 --- [library_management] [   scheduling-1] org.hibernate.SQL                        : select u1_0.id,u1_0.active,u1_0.created_at,u1_0.email,u1_0.full_name,u1_0.password_hash,u1_0.phone,u1_0.role,u1_0.updated_at from users u1_0 where u1_0.id=?
2026-09-25T19:14:25.026+07:00 DEBUG 34476 --- [library_management] [   scheduling-1] org.hibernate.SQL                        : select b1_0.id,b1_0.active,b1_0.average_rating,b1_0.borrow_fee,b1_0.category_id,b1_0.cover_image_url,b1_0.created_at,b1_0.description,b1_0.isbn,b1_0.publish_year,b1_0.publisher_id,b1_0.rating_count,b1_0.title,b1_0.updated_at,b1_0.version from books b1_0 where b1_0.id=?
2026-09-25T19:14:25.027+07:00 DEBUG 34476 --- [library_management] [   scheduling-1] org.hibernate.SQL                        : select b1_0.id,b1_0.active,b1_0.average_rating,b1_0.borrow_fee,b1_0.category_id,b1_0.cover_image_url,b1_0.created_at,b1_0.description,b1_0.isbn,b1_0.publish_year,b1_0.publisher_id,b1_0.rating_count,b1_0.title,b1_0.updated_at,b1_0.version from books b1_0 where b1_0.id=?
2026-09-25T19:14:25.031+07:00 DEBUG 34476 --- [library_management] [   scheduling-1] org.hibernate.SQL                        : select count(bc1_0.id) from book_copies bc1_0 where bc1_0.book_id=? and bc1_0.status=?
2026-09-25T19:14:25.033+07:00 DEBUG 34476 --- [library_management] [   scheduling-1] org.hibernate.SQL                        : select count(bc1_0.id) from book_copies bc1_0 where bc1_0.book_id=? and bc1_0.status=?
2026-09-25T19:14:25.033+07:00 DEBUG 34476 --- [library_management] [   scheduling-1] org.hibernate.SQL                        : select count(bc1_0.id) from book_copies bc1_0 where bc1_0.book_id=? and bc1_0.status=?
2026-09-25T19:14:40.042+07:00 DEBUG 34476 --- [library_management] [   scheduling-1] org.hibernate.SQL                        : select bas1_0.id,bas1_0.book_id,bas1_0.created_at,bas1_0.last_available_quantity,bas1_0.user_id from book_availability_subscriptions bas1_0
2026-09-25T19:14:40.045+07:00 DEBUG 34476 --- [library_management] [   scheduling-1] org.hibernate.SQL                        : select b1_0.id,b1_0.active,b1_0.average_rating,b1_0.borrow_fee,b1_0.category_id,b1_0.cover_image_url,b1_0.created_at,b1_0.description,b1_0.isbn,b1_0.publish_year,b1_0.publisher_id,b1_0.rating_count,b1_0.title,b1_0.updated_at,b1_0.version from books b1_0 where b1_0.id=?
2026-09-25T19:14:40.047+07:00 DEBUG 34476 --- [library_management] [   scheduling-1] org.hibernate.SQL                        : select u1_0.id,u1_0.active,u1_0.created_at,u1_0.email,u1_0.full_name,u1_0.password_hash,u1_0.phone,u1_0.role,u1_0.updated_at from users u1_0 where u1_0.id=?
2026-09-25T19:14:40.051+07:00 DEBUG 34476 --- [library_management] [   scheduling-1] org.hibernate.SQL                        : select b1_0.id,b1_0.active,b1_0.average_rating,b1_0.borrow_fee,b1_0.category_id,b1_0.cover_image_url,b1_0.created_at,b1_0.description,b1_0.isbn,b1_0.publish_year,b1_0.publisher_id,b1_0.rating_count,b1_0.title,b1_0.updated_at,b1_0.version from books b1_0 where b1_0.id=?
2026-09-25T19:14:40.054+07:00 DEBUG 34476 --- [library_management] [   scheduling-1] org.hibernate.SQL                        : select b1_0.id,b1_0.active,b1_0.average_rating,b1_0.borrow_fee,b1_0.category_id,b1_0.cover_image_url,b1_0.created_at,b1_0.description,b1_0.isbn,b1_0.publish_year,b1_0.publisher_id,b1_0.rating_count,b1_0.title,b1_0.updated_at,b1_0.version from books b1_0 where b1_0.id=?
2026-09-25T19:14:40.063+07:00 DEBUG 34476 --- [library_management] [   scheduling-1] org.hibernate.SQL                        : select count(bc1_0.id) from book_copies bc1_0 where bc1_0.book_id=? and bc1_0.status=?
2026-09-25T19:14:40.068+07:00 DEBUG 34476 --- [library_management] [   scheduling-1] org.hibernate.SQL                        : select count(bc1_0.id) from book_copies bc1_0 where bc1_0.book_id=? and bc1_0.status=?
2026-09-25T19:14:40.071+07:00 DEBUG 34476 --- [library_management] [   scheduling-1] org.hibernate.SQL                        : select count(bc1_0.id) from book_copies bc1_0 where bc1_0.book_id=? and bc1_0.status=?
2026-09-25T19:14:55.079+07:00 DEBUG 34476 --- [library_management] [   scheduling-1] org.hibernate.SQL                        : select bas1_0.id,bas1_0.book_id,bas1_0.created_at,bas1_0.last_available_quantity,bas1_0.user_id from book_availability_subscriptions bas1_0
2026-09-25T19:14:55.080+07:00 DEBUG 34476 --- [library_management] [   scheduling-1] org.hibernate.SQL                        : select b1_0.id,b1_0.active,b1_0.average_rating,b1_0.borrow_fee,b1_0.category_id,b1_0.cover_image_url,b1_0.created_at,b1_0.description,b1_0.isbn,b1_0.publish_year,b1_0.publisher_id,b1_0.rating_count,b1_0.title,b1_0.updated_at,b1_0.version from books b1_0 where b1_0.id=?
2026-09-25T19:14:55.081+07:00 DEBUG 34476 --- [library_management] [   scheduling-1] org.hibernate.SQL                        : select u1_0.id,u1_0.active,u1_0.created_at,u1_0.email,u1_0.full_name,u1_0.password_hash,u1_0.phone,u1_0.role,u1_0.updated_at from users u1_0 where u1_0.id=?
2026-09-25T19:14:55.082+07:00 DEBUG 34476 --- [library_management] [   scheduling-1] org.hibernate.SQL                        : select b1_0.id,b1_0.active,b1_0.average_rating,b1_0.borrow_fee,b1_0.category_id,b1_0.cover_image_url,b1_0.created_at,b1_0.description,b1_0.isbn,b1_0.publish_year,b1_0.publisher_id,b1_0.rating_count,b1_0.title,b1_0.updated_at,b1_0.version from books b1_0 where b1_0.id=?
2026-09-25T19:14:55.083+07:00 DEBUG 34476 --- [library_management] [   scheduling-1] org.hibernate.SQL                        : select b1_0.id,b1_0.active,b1_0.average_rating,b1_0.borrow_fee,b1_0.category_id,b1_0.cover_image_url,b1_0.created_at,b1_0.description,b1_0.isbn,b1_0.publish_year,b1_0.publisher_id,b1_0.rating_count,b1_0.title,b1_0.updated_at,b1_0.version from books b1_0 where b1_0.id=?
2026-09-25T19:14:55.086+07:00 DEBUG 34476 --- [library_management] [   scheduling-1] org.hibernate.SQL                        : select count(bc1_0.id) from book_copies bc1_0 where bc1_0.book_id=? and bc1_0.status=?
2026-09-25T19:14:55.088+07:00 DEBUG 34476 --- [library_management] [   scheduling-1] org.hibernate.SQL                        : select count(bc1_0.id) from book_copies bc1_0 where bc1_0.book_id=? and bc1_0.status=?
2026-09-25T19:14:55.089+07:00 DEBUG 34476 --- [library_management] [   scheduling-1] org.hibernate.SQL                        : select count(bc1_0.id) from book_copies bc1_0 where bc1_0.book_id=? and bc1_0.status=?
2026-09-25T19:15:10.095+07:00 DEBUG 34476 --- [library_management] [   scheduling-1] org.hibernate.SQL                        : select bas1_0.id,bas1_0.book_id,bas1_0.created_at,bas1_0.last_available_quantity,bas1_0.user_id from book_availability_subscriptions bas1_0
2026-09-25T19:15:10.098+07:00 DEBUG 34476 --- [library_management] [   scheduling-1] org.hibernate.SQL                        : select b1_0.id,b1_0.active,b1_0.average_rating,b1_0.borrow_fee,b1_0.category_id,b1_0.cover_image_url,b1_0.created_at,b1_0.description,b1_0.isbn,b1_0.publish_year,b1_0.publisher_id,b1_0.rating_count,b1_0.title,b1_0.updated_at,b1_0.version from books b1_0 where b1_0.id=?
2026-09-25T19:15:10.100+07:00 DEBUG 34476 --- [library_management] [   scheduling-1] org.hibernate.SQL                        : select u1_0.id,u1_0.active,u1_0.created_at,u1_0.email,u1_0.full_name,u1_0.password_hash,u1_0.phone,u1_0.role,u1_0.updated_at from users u1_0 where u1_0.id=?
2026-09-25T19:15:10.104+07:00 DEBUG 34476 --- [library_management] [   scheduling-1] org.hibernate.SQL                        : select b1_0.id,b1_0.active,b1_0.average_rating,b1_0.borrow_fee,b1_0.category_id,b1_0.cover_image_url,b1_0.created_at,b1_0.description,b1_0.isbn,b1_0.publish_year,b1_0.publisher_id,b1_0.rating_count,b1_0.title,b1_0.updated_at,b1_0.version from books b1_0 where b1_0.id=?
2026-09-25T19:15:10.106+07:00 DEBUG 34476 --- [library_management] [   scheduling-1] org.hibernate.SQL                        : select b1_0.id,b1_0.active,b1_0.average_rating,b1_0.borrow_fee,b1_0.category_id,b1_0.cover_image_url,b1_0.created_at,b1_0.description,b1_0.isbn,b1_0.publish_year,b1_0.publisher_id,b1_0.rating_count,b1_0.title,b1_0.updated_at,b1_0.version from books b1_0 where b1_0.id=?
2026-09-25T19:15:10.110+07:00 DEBUG 34476 --- [library_management] [   scheduling-1] org.hibernate.SQL                        : select count(bc1_0.id) from book_copies bc1_0 where bc1_0.book_id=? and bc1_0.status=?
2026-09-25T19:15:10.113+07:00 DEBUG 34476 --- [library_management] [   scheduling-1] org.hibernate.SQL                        : select count(bc1_0.id) from book_copies bc1_0 where bc1_0.book_id=? and bc1_0.status=?
2026-09-25T19:15:10.116+07:00 DEBUG 34476 --- [library_management] [   scheduling-1] org.hibernate.SQL                        : select count(bc1_0.id) from book_copies bc1_0 where bc1_0.book_id=? and bc1_0.status=?
2026-09-25T19:15:23.773+07:00 DEBUG 34476 --- [library_management] [   scheduling-1] org.hibernate.SQL                        : select br1_0.id,br1_0.book_copy_id,bc1_0.id,bc1_0.acquired_date,bc1_0.barcode,bc1_0.book_id,b1_0.id,b1_0.active,b1_0.average_rating,b1_0.borrow_fee,b1_0.category_id,b1_0.cover_image_url,b1_0.created_at,b1_0.description,b1_0.isbn,b1_0.publish_year,b1_0.publisher_id,b1_0.rating_count,b1_0.title,b1_0.updated_at,b1_0.version,bc1_0.created_at,bc1_0.shelf_location,bc1_0.status,bc1_0.updated_at,bc1_0.version,br1_0.borrow_days,br1_0.borrow_fee,br1_0.borrowed_at,br1_0.cancelled_at,br1_0.created_at,br1_0.deposit_amount,br1_0.deposit_refunded_at,br1_0.due_at,br1_0.paid_amount,br1_0.paid_at,br1_0.payment_code,br1_0.payment_method,br1_0.pickup_location,br1_0.reference_code,br1_0.returned_at,br1_0.status,br1_0.total_amount,br1_0.updated_at,br1_0.user_id,u1_0.id,u1_0.active,u1_0.created_at,u1_0.email,u1_0.full_name,u1_0.password_hash,u1_0.phone,u1_0.role,u1_0.updated_at from borrow_records br1_0 join book_copies bc1_0 on bc1_0.id=br1_0.book_copy_id join books b1_0 on b1_0.id=bc1_0.book_id join users u1_0 on u1_0.id=br1_0.user_id where br1_0.status=? and br1_0.due_at between ? and ?
2026-09-25T19:15:23.782+07:00 DEBUG 34476 --- [library_management] [   scheduling-1] org.hibernate.SQL                        : select br1_0.id,br1_0.book_copy_id,bc1_0.id,bc1_0.acquired_date,bc1_0.barcode,bc1_0.book_id,b1_0.id,b1_0.active,b1_0.average_rating,b1_0.borrow_fee,b1_0.category_id,b1_0.cover_image_url,b1_0.created_at,b1_0.description,b1_0.isbn,b1_0.publish_year,b1_0.publisher_id,b1_0.rating_count,b1_0.title,b1_0.updated_at,b1_0.version,bc1_0.created_at,bc1_0.shelf_location,bc1_0.status,bc1_0.updated_at,bc1_0.version,br1_0.borrow_days,br1_0.borrow_fee,br1_0.borrowed_at,br1_0.cancelled_at,br1_0.created_at,br1_0.deposit_amount,br1_0.deposit_refunded_at,br1_0.due_at,br1_0.paid_amount,br1_0.paid_at,br1_0.payment_code,br1_0.payment_method,br1_0.pickup_location,br1_0.reference_code,br1_0.returned_at,br1_0.status,br1_0.total_amount,br1_0.updated_at,br1_0.user_id,u1_0.id,u1_0.active,u1_0.created_at,u1_0.email,u1_0.full_name,u1_0.password_hash,u1_0.phone,u1_0.role,u1_0.updated_at from borrow_records br1_0 join book_copies bc1_0 on bc1_0.id=br1_0.book_copy_id join books b1_0 on b1_0.id=bc1_0.book_id join users u1_0 on u1_0.id=br1_0.user_id where br1_0.status in (?,?) and br1_0.due_at<?
2026-09-25T19:15:25.130+07:00 DEBUG 34476 --- [library_management] [   scheduling-1] org.hibernate.SQL                        : select bas1_0.id,bas1_0.book_id,bas1_0.created_at,bas1_0.last_available_quantity,bas1_0.user_id from book_availability_subscriptions bas1_0
2026-09-25T19:15:25.136+07:00 DEBUG 34476 --- [library_management] [   scheduling-1] org.hibernate.SQL                        : select b1_0.id,b1_0.active,b1_0.average_rating,b1_0.borrow_fee,b1_0.category_id,b1_0.cover_image_url,b1_0.created_at,b1_0.description,b1_0.isbn,b1_0.publish_year,b1_0.publisher_id,b1_0.rating_count,b1_0.title,b1_0.updated_at,b1_0.version from books b1_0 where b1_0.id=?
2026-09-25T19:15:25.142+07:00 DEBUG 34476 --- [library_management] [   scheduling-1] org.hibernate.SQL                        : select u1_0.id,u1_0.active,u1_0.created_at,u1_0.email,u1_0.full_name,u1_0.password_hash,u1_0.phone,u1_0.role,u1_0.updated_at from users u1_0 where u1_0.id=?
2026-09-25T19:15:25.148+07:00 DEBUG 34476 --- [library_management] [   scheduling-1] org.hibernate.SQL                        : select b1_0.id,b1_0.active,b1_0.average_rating,b1_0.borrow_fee,b1_0.category_id,b1_0.cover_image_url,b1_0.created_at,b1_0.description,b1_0.isbn,b1_0.publish_year,b1_0.publisher_id,b1_0.rating_count,b1_0.title,b1_0.updated_at,b1_0.version from books b1_0 where b1_0.id=?
2026-09-25T19:15:25.154+07:00 DEBUG 34476 --- [library_management] [   scheduling-1] org.hibernate.SQL                        : select b1_0.id,b1_0.active,b1_0.average_rating,b1_0.borrow_fee,b1_0.category_id,b1_0.cover_image_url,b1_0.created_at,b1_0.description,b1_0.isbn,b1_0.publish_year,b1_0.publisher_id,b1_0.rating_count,b1_0.title,b1_0.updated_at,b1_0.version from books b1_0 where b1_0.id=?
2026-09-25T19:15:25.164+07:00 DEBUG 34476 --- [library_management] [   scheduling-1] org.hibernate.SQL                        : select count(bc1_0.id) from book_copies bc1_0 where bc1_0.book_id=? and bc1_0.status=?
2026-09-25T19:15:25.169+07:00 DEBUG 34476 --- [library_management] [   scheduling-1] org.hibernate.SQL                        : select count(bc1_0.id) from book_copies bc1_0 where bc1_0.book_id=? and bc1_0.status=?
2026-09-25T19:15:25.176+07:00 DEBUG 34476 --- [library_management] [   scheduling-1] org.hibernate.SQL                        : select count(bc1_0.id) from book_copies bc1_0 where bc1_0.book_id=? and bc1_0.status=?
2026-09-25T19:15:40.187+07:00 DEBUG 34476 --- [library_management] [   scheduling-1] org.hibernate.SQL                        : select bas1_0.id,bas1_0.book_id,bas1_0.created_at,bas1_0.last_available_quantity,bas1_0.user_id from book_availability_subscriptions bas1_0
2026-09-25T19:15:40.189+07:00 DEBUG 34476 --- [library_management] [   scheduling-1] org.hibernate.SQL                        : select b1_0.id,b1_0.active,b1_0.average_rating,b1_0.borrow_fee,b1_0.category_id,b1_0.cover_image_url,b1_0.created_at,b1_0.description,b1_0.isbn,b1_0.publish_year,b1_0.publisher_id,b1_0.rating_count,b1_0.title,b1_0.updated_at,b1_0.version from books b1_0 where b1_0.id=?
2026-09-25T19:15:40.192+07:00 DEBUG 34476 --- [library_management] [   scheduling-1] org.hibernate.SQL                        : select u1_0.id,u1_0.active,u1_0.created_at,u1_0.email,u1_0.full_name,u1_0.password_hash,u1_0.phone,u1_0.role,u1_0.updated_at from users u1_0 where u1_0.id=?
2026-09-25T19:15:40.195+07:00 DEBUG 34476 --- [library_management] [   scheduling-1] org.hibernate.SQL                        : select b1_0.id,b1_0.active,b1_0.average_rating,b1_0.borrow_fee,b1_0.category_id,b1_0.cover_image_url,b1_0.created_at,b1_0.description,b1_0.isbn,b1_0.publish_year,b1_0.publisher_id,b1_0.rating_count,b1_0.title,b1_0.updated_at,b1_0.version from books b1_0 where b1_0.id=?
2026-09-25T19:15:40.199+07:00 DEBUG 34476 --- [library_management] [   scheduling-1] org.hibernate.SQL                        : select b1_0.id,b1_0.active,b1_0.average_rating,b1_0.borrow_fee,b1_0.category_id,b1_0.cover_image_url,b1_0.created_at,b1_0.description,b1_0.isbn,b1_0.publish_year,b1_0.publisher_id,b1_0.rating_count,b1_0.title,b1_0.updated_at,b1_0.version from books b1_0 where b1_0.id=?
2026-09-25T19:15:40.203+07:00 DEBUG 34476 --- [library_management] [   scheduling-1] org.hibernate.SQL                        : select count(bc1_0.id) from book_copies bc1_0 where bc1_0.book_id=? and bc1_0.status=?
2026-09-25T19:15:40.205+07:00 DEBUG 34476 --- [library_management] [   scheduling-1] org.hibernate.SQL                        : select count(bc1_0.id) from book_copies bc1_0 where bc1_0.book_id=? and bc1_0.status=?
2026-09-25T19:15:40.208+07:00 DEBUG 34476 --- [library_management] [   scheduling-1] org.hibernate.SQL                        : select count(bc1_0.id) from book_copies bc1_0 where bc1_0.book_id=? and bc1_0.status=?
2026-09-25T19:15:55.214+07:00 DEBUG 34476 --- [library_management] [   scheduling-1] org.hibernate.SQL                        : select bas1_0.id,bas1_0.book_id,bas1_0.created_at,bas1_0.last_available_quantity,bas1_0.user_id from book_availability_subscriptions bas1_0
2026-09-25T19:15:55.216+07:00 DEBUG 34476 --- [library_management] [   scheduling-1] org.hibernate.SQL                        : select b1_0.id,b1_0.active,b1_0.average_rating,b1_0.borrow_fee,b1_0.category_id,b1_0.cover_image_url,b1_0.created_at,b1_0.description,b1_0.isbn,b1_0.publish_year,b1_0.publisher_id,b1_0.rating_count,b1_0.title,b1_0.updated_at,b1_0.version from books b1_0 where b1_0.id=?
2026-09-25T19:15:55.218+07:00 DEBUG 34476 --- [library_management] [   scheduling-1] org.hibernate.SQL                        : select u1_0.id,u1_0.active,u1_0.created_at,u1_0.email,u1_0.full_name,u1_0.password_hash,u1_0.phone,u1_0.role,u1_0.updated_at from users u1_0 where u1_0.id=?
2026-09-25T19:15:55.220+07:00 DEBUG 34476 --- [library_management] [   scheduling-1] org.hibernate.SQL                        : select b1_0.id,b1_0.active,b1_0.average_rating,b1_0.borrow_fee,b1_0.category_id,b1_0.cover_image_url,b1_0.created_at,b1_0.description,b1_0.isbn,b1_0.publish_year,b1_0.publisher_id,b1_0.rating_count,b1_0.title,b1_0.updated_at,b1_0.version from books b1_0 where b1_0.id=?
2026-09-25T19:15:55.222+07:00 DEBUG 34476 --- [library_management] [   scheduling-1] org.hibernate.SQL                        : select b1_0.id,b1_0.active,b1_0.average_rating,b1_0.borrow_fee,b1_0.category_id,b1_0.cover_image_url,b1_0.created_at,b1_0.description,b1_0.isbn,b1_0.publish_year,b1_0.publisher_id,b1_0.rating_count,b1_0.title,b1_0.updated_at,b1_0.version from books b1_0 where b1_0.id=?
2026-09-25T19:15:55.224+07:00 DEBUG 34476 --- [library_management] [   scheduling-1] org.hibernate.SQL                        : select count(bc1_0.id) from book_copies bc1_0 where bc1_0.book_id=? and bc1_0.status=?
2026-09-25T19:15:55.226+07:00 DEBUG 34476 --- [library_management] [   scheduling-1] org.hibernate.SQL                        : select count(bc1_0.id) from book_copies bc1_0 where bc1_0.book_id=? and bc1_0.status=?
2026-09-25T19:15:55.228+07:00 DEBUG 34476 --- [library_management] [   scheduling-1] org.hibernate.SQL                        : select count(bc1_0.id) from book_copies bc1_0 where bc1_0.book_id=? and bc1_0.status=?
2026-09-25T19:16:10.775+07:00 DEBUG 34476 --- [library_management] [   scheduling-1] org.hibernate.SQL                        : select bas1_0.id,bas1_0.book_id,bas1_0.created_at,bas1_0.last_available_quantity,bas1_0.user_id from book_availability_subscriptions bas1_0
2026-09-25T19:16:10.776+07:00 DEBUG 34476 --- [library_management] [   scheduling-1] org.hibernate.SQL                        : select b1_0.id,b1_0.active,b1_0.average_rating,b1_0.borrow_fee,b1_0.category_id,b1_0.cover_image_url,b1_0.created_at,b1_0.description,b1_0.isbn,b1_0.publish_year,b1_0.publisher_id,b1_0.rating_count,b1_0.title,b1_0.updated_at,b1_0.version from books b1_0 where b1_0.id=?
2026-09-25T19:16:10.781+07:00 DEBUG 34476 --- [library_management] [   scheduling-1] org.hibernate.SQL                        : select u1_0.id,u1_0.active,u1_0.created_at,u1_0.email,u1_0.full_name,u1_0.password_hash,u1_0.phone,u1_0.role,u1_0.updated_at from users u1_0 where u1_0.id=?
2026-09-25T19:16:10.783+07:00 DEBUG 34476 --- [library_management] [   scheduling-1] org.hibernate.SQL                        : select b1_0.id,b1_0.active,b1_0.average_rating,b1_0.borrow_fee,b1_0.category_id,b1_0.cover_image_url,b1_0.created_at,b1_0.description,b1_0.isbn,b1_0.publish_year,b1_0.publisher_id,b1_0.rating_count,b1_0.title,b1_0.updated_at,b1_0.version from books b1_0 where b1_0.id=?
2026-09-25T19:16:10.792+07:00 DEBUG 34476 --- [library_management] [   scheduling-1] org.hibernate.SQL                        : select b1_0.id,b1_0.active,b1_0.average_rating,b1_0.borrow_fee,b1_0.category_id,b1_0.cover_image_url,b1_0.created_at,b1_0.description,b1_0.isbn,b1_0.publish_year,b1_0.publisher_id,b1_0.rating_count,b1_0.title,b1_0.updated_at,b1_0.version from books b1_0 where b1_0.id=?
2026-09-25T19:16:10.825+07:00 DEBUG 34476 --- [library_management] [   scheduling-1] org.hibernate.SQL                        : select count(bc1_0.id) from book_copies bc1_0 where bc1_0.book_id=? and bc1_0.status=?
2026-09-25T19:16:10.829+07:00 DEBUG 34476 --- [library_management] [   scheduling-1] org.hibernate.SQL                        : select count(bc1_0.id) from book_copies bc1_0 where bc1_0.book_id=? and bc1_0.status=?
2026-09-25T19:16:10.834+07:00 DEBUG 34476 --- [library_management] [   scheduling-1] org.hibernate.SQL                        : select count(bc1_0.id) from book_copies bc1_0 where bc1_0.book_id=? and bc1_0.status=?
2026-09-25T19:16:23.824+07:00 DEBUG 34476 --- [library_management] [   scheduling-1] org.hibernate.SQL                        : select br1_0.id,br1_0.book_copy_id,bc1_0.id,bc1_0.acquired_date,bc1_0.barcode,bc1_0.book_id,b1_0.id,b1_0.active,b1_0.average_rating,b1_0.borrow_fee,b1_0.category_id,b1_0.cover_image_url,b1_0.created_at,b1_0.description,b1_0.isbn,b1_0.publish_year,b1_0.publisher_id,b1_0.rating_count,b1_0.title,b1_0.updated_at,b1_0.version,bc1_0.created_at,bc1_0.shelf_location,bc1_0.status,bc1_0.updated_at,bc1_0.version,br1_0.borrow_days,br1_0.borrow_fee,br1_0.borrowed_at,br1_0.cancelled_at,br1_0.created_at,br1_0.deposit_amount,br1_0.deposit_refunded_at,br1_0.due_at,br1_0.paid_amount,br1_0.paid_at,br1_0.payment_code,br1_0.payment_method,br1_0.pickup_location,br1_0.reference_code,br1_0.returned_at,br1_0.status,br1_0.total_amount,br1_0.updated_at,br1_0.user_id,u1_0.id,u1_0.active,u1_0.created_at,u1_0.email,u1_0.full_name,u1_0.password_hash,u1_0.phone,u1_0.role,u1_0.updated_at from borrow_records br1_0 join book_copies bc1_0 on bc1_0.id=br1_0.book_copy_id join books b1_0 on b1_0.id=bc1_0.book_id join users u1_0 on u1_0.id=br1_0.user_id where br1_0.status=? and br1_0.due_at between ? and ?
2026-09-25T19:16:23.843+07:00 DEBUG 34476 --- [library_management] [   scheduling-1] org.hibernate.SQL                        : select br1_0.id,br1_0.book_copy_id,bc1_0.id,bc1_0.acquired_date,bc1_0.barcode,bc1_0.book_id,b1_0.id,b1_0.active,b1_0.average_rating,b1_0.borrow_fee,b1_0.category_id,b1_0.cover_image_url,b1_0.created_at,b1_0.description,b1_0.isbn,b1_0.publish_year,b1_0.publisher_id,b1_0.rating_count,b1_0.title,b1_0.updated_at,b1_0.version,bc1_0.created_at,bc1_0.shelf_location,bc1_0.status,bc1_0.updated_at,bc1_0.version,br1_0.borrow_days,br1_0.borrow_fee,br1_0.borrowed_at,br1_0.cancelled_at,br1_0.created_at,br1_0.deposit_amount,br1_0.deposit_refunded_at,br1_0.due_at,br1_0.paid_amount,br1_0.paid_at,br1_0.payment_code,br1_0.payment_method,br1_0.pickup_location,br1_0.reference_code,br1_0.returned_at,br1_0.status,br1_0.total_amount,br1_0.updated_at,br1_0.user_id,u1_0.id,u1_0.active,u1_0.created_at,u1_0.email,u1_0.full_name,u1_0.password_hash,u1_0.phone,u1_0.role,u1_0.updated_at from borrow_records br1_0 join book_copies bc1_0 on bc1_0.id=br1_0.book_copy_id join books b1_0 on b1_0.id=bc1_0.book_id join users u1_0 on u1_0.id=br1_0.user_id where br1_0.status in (?,?) and br1_0.due_at<?
2026-09-25T19:16:25.852+07:00 DEBUG 34476 --- [library_management] [   scheduling-1] org.hibernate.SQL                        : select bas1_0.id,bas1_0.book_id,bas1_0.created_at,bas1_0.last_available_quantity,bas1_0.user_id from book_availability_subscriptions bas1_0
2026-09-25T19:16:25.855+07:00 DEBUG 34476 --- [library_management] [   scheduling-1] org.hibernate.SQL                        : select b1_0.id,b1_0.active,b1_0.average_rating,b1_0.borrow_fee,b1_0.category_id,b1_0.cover_image_url,b1_0.created_at,b1_0.description,b1_0.isbn,b1_0.publish_year,b1_0.publisher_id,b1_0.rating_count,b1_0.title,b1_0.updated_at,b1_0.version from books b1_0 where b1_0.id=?
2026-09-25T19:16:25.862+07:00 DEBUG 34476 --- [library_management] [   scheduling-1] org.hibernate.SQL                        : select u1_0.id,u1_0.active,u1_0.created_at,u1_0.email,u1_0.full_name,u1_0.password_hash,u1_0.phone,u1_0.role,u1_0.updated_at from users u1_0 where u1_0.id=?
2026-09-25T19:16:25.865+07:00 DEBUG 34476 --- [library_management] [   scheduling-1] org.hibernate.SQL                        : select b1_0.id,b1_0.active,b1_0.average_rating,b1_0.borrow_fee,b1_0.category_id,b1_0.cover_image_url,b1_0.created_at,b1_0.description,b1_0.isbn,b1_0.publish_year,b1_0.publisher_id,b1_0.rating_count,b1_0.title,b1_0.updated_at,b1_0.version from books b1_0 where b1_0.id=?
2026-09-25T19:16:25.869+07:00 DEBUG 34476 --- [library_management] [   scheduling-1] org.hibernate.SQL                        : select b1_0.id,b1_0.active,b1_0.average_rating,b1_0.borrow_fee,b1_0.category_id,b1_0.cover_image_url,b1_0.created_at,b1_0.description,b1_0.isbn,b1_0.publish_year,b1_0.publisher_id,b1_0.rating_count,b1_0.title,b1_0.updated_at,b1_0.version from books b1_0 where b1_0.id=?
2026-09-25T19:16:25.893+07:00 DEBUG 34476 --- [library_management] [   scheduling-1] org.hibernate.SQL                        : select count(bc1_0.id) from book_copies bc1_0 where bc1_0.book_id=? and bc1_0.status=?
2026-09-25T19:16:25.905+07:00 DEBUG 34476 --- [library_management] [   scheduling-1] org.hibernate.SQL                        : select count(bc1_0.id) from book_copies bc1_0 where bc1_0.book_id=? and bc1_0.status=?
2026-09-25T19:16:25.910+07:00 DEBUG 34476 --- [library_management] [   scheduling-1] org.hibernate.SQL                        : select count(bc1_0.id) from book_copies bc1_0 where bc1_0.book_id=? and bc1_0.status=?
2026-09-25T19:16:40.931+07:00 DEBUG 34476 --- [library_management] [   scheduling-1] org.hibernate.SQL                        : select bas1_0.id,bas1_0.book_id,bas1_0.created_at,bas1_0.last_available_quantity,bas1_0.user_id from book_availability_subscriptions bas1_0
2026-09-25T19:16:40.936+07:00 DEBUG 34476 --- [library_management] [   scheduling-1] org.hibernate.SQL                        : select b1_0.id,b1_0.active,b1_0.average_rating,b1_0.borrow_fee,b1_0.category_id,b1_0.cover_image_url,b1_0.created_at,b1_0.description,b1_0.isbn,b1_0.publish_year,b1_0.publisher_id,b1_0.rating_count,b1_0.title,b1_0.updated_at,b1_0.version from books b1_0 where b1_0.id=?
2026-09-25T19:16:40.939+07:00 DEBUG 34476 --- [library_management] [   scheduling-1] org.hibernate.SQL                        : select u1_0.id,u1_0.active,u1_0.created_at,u1_0.email,u1_0.full_name,u1_0.password_hash,u1_0.phone,u1_0.role,u1_0.updated_at from users u1_0 where u1_0.id=?
2026-09-25T19:16:40.942+07:00 DEBUG 34476 --- [library_management] [   scheduling-1] org.hibernate.SQL                        : select b1_0.id,b1_0.active,b1_0.average_rating,b1_0.borrow_fee,b1_0.category_id,b1_0.cover_image_url,b1_0.created_at,b1_0.description,b1_0.isbn,b1_0.publish_year,b1_0.publisher_id,b1_0.rating_count,b1_0.title,b1_0.updated_at,b1_0.version from books b1_0 where b1_0.id=?
2026-09-25T19:16:40.945+07:00 DEBUG 34476 --- [library_management] [   scheduling-1] org.hibernate.SQL                        : select b1_0.id,b1_0.active,b1_0.average_rating,b1_0.borrow_fee,b1_0.category_id,b1_0.cover_image_url,b1_0.created_at,b1_0.description,b1_0.isbn,b1_0.publish_year,b1_0.publisher_id,b1_0.rating_count,b1_0.title,b1_0.updated_at,b1_0.version from books b1_0 where b1_0.id=?
2026-09-25T19:16:40.950+07:00 DEBUG 34476 --- [library_management] [   scheduling-1] org.hibernate.SQL                        : select count(bc1_0.id) from book_copies bc1_0 where bc1_0.book_id=? and bc1_0.status=?
2026-09-25T19:16:40.953+07:00 DEBUG 34476 --- [library_management] [   scheduling-1] org.hibernate.SQL                        : select count(bc1_0.id) from book_copies bc1_0 where bc1_0.book_id=? and bc1_0.status=?
2026-09-25T19:16:40.958+07:00 DEBUG 34476 --- [library_management] [   scheduling-1] org.hibernate.SQL                        : select count(bc1_0.id) from book_copies bc1_0 where bc1_0.book_id=? and bc1_0.status=?
2026-09-25T19:16:55.973+07:00 DEBUG 34476 --- [library_management] [   scheduling-1] org.hibernate.SQL                        : select bas1_0.id,bas1_0.book_id,bas1_0.created_at,bas1_0.last_available_quantity,bas1_0.user_id from book_availability_subscriptions bas1_0
2026-09-25T19:16:55.974+07:00 DEBUG 34476 --- [library_management] [   scheduling-1] org.hibernate.SQL                        : select b1_0.id,b1_0.active,b1_0.average_rating,b1_0.borrow_fee,b1_0.category_id,b1_0.cover_image_url,b1_0.created_at,b1_0.description,b1_0.isbn,b1_0.publish_year,b1_0.publisher_id,b1_0.rating_count,b1_0.title,b1_0.updated_at,b1_0.version from books b1_0 where b1_0.id=?
2026-09-25T19:16:55.975+07:00 DEBUG 34476 --- [library_management] [   scheduling-1] org.hibernate.SQL                        : select u1_0.id,u1_0.active,u1_0.created_at,u1_0.email,u1_0.full_name,u1_0.password_hash,u1_0.phone,u1_0.role,u1_0.updated_at from users u1_0 where u1_0.id=?
2026-09-25T19:16:55.976+07:00 DEBUG 34476 --- [library_management] [   scheduling-1] org.hibernate.SQL                        : select b1_0.id,b1_0.active,b1_0.average_rating,b1_0.borrow_fee,b1_0.category_id,b1_0.cover_image_url,b1_0.created_at,b1_0.description,b1_0.isbn,b1_0.publish_year,b1_0.publisher_id,b1_0.rating_count,b1_0.title,b1_0.updated_at,b1_0.version from books b1_0 where b1_0.id=?
2026-09-25T19:16:55.977+07:00 DEBUG 34476 --- [library_management] [   scheduling-1] org.hibernate.SQL                        : select b1_0.id,b1_0.active,b1_0.average_rating,b1_0.borrow_fee,b1_0.category_id,b1_0.cover_image_url,b1_0.created_at,b1_0.description,b1_0.isbn,b1_0.publish_year,b1_0.publisher_id,b1_0.rating_count,b1_0.title,b1_0.updated_at,b1_0.version from books b1_0 where b1_0.id=?
2026-09-25T19:16:55.980+07:00 DEBUG 34476 --- [library_management] [   scheduling-1] org.hibernate.SQL                        : select count(bc1_0.id) from book_copies bc1_0 where bc1_0.book_id=? and bc1_0.status=?
2026-09-25T19:16:55.982+07:00 DEBUG 34476 --- [library_management] [   scheduling-1] org.hibernate.SQL                        : select count(bc1_0.id) from book_copies bc1_0 where bc1_0.book_id=? and bc1_0.status=?
2026-09-25T19:16:55.983+07:00 DEBUG 34476 --- [library_management] [   scheduling-1] org.hibernate.SQL                        : select count(bc1_0.id) from book_copies bc1_0 where bc1_0.book_id=? and bc1_0.status=?
