
  .   ____          _            __ _ _
 /\\ / ___'_ __ _ _(_)_ __  __ _ \ \ \ \
( ( )\___ | '_ | '_| | '_ \/ _` | \ \ \ \
 \\/  ___)| |_)| | | | | || (_| |  ) ) ) )
  '  |____| .__|_| |_|_| |_\__, | / / / /
 =========|_|==============|___/=/_/_/_/

 :: Spring Boot ::                (v4.1.1)

2026-09-25T13:54:46.945+07:00  INFO 9912 --- [library_management] [           main] c.g.l.LibraryManagementApplication       : Starting LibraryManagementApplication v0.0.1-SNAPSHOT using Java 24.0.2 with PID 9912 (D:\learn_android_programming\project_mobile_group2\PROJECT-ANDROID-PROGRAMMING\code_api\library_management\target\library_management-0.0.1-SNAPSHOT.jar started by hai in D:\learn_android_programming\project_mobile_group2\PROJECT-ANDROID-PROGRAMMING\code_api\library_management)
2026-09-25T13:54:46.952+07:00  INFO 9912 --- [library_management] [           main] c.g.l.LibraryManagementApplication       : No active profile set, falling back to 1 default profile: "default"
2026-09-25T13:54:46.953+07:00 DEBUG 9912 --- [library_management] [           main] o.s.boot.SpringApplication               : Loading source class com.group_7.library_management.LibraryManagementApplication
2026-09-25T13:54:47.057+07:00 DEBUG 9912 --- [library_management] [           main] ConfigServletWebServerApplicationContext : Refreshing org.springframework.boot.web.server.servlet.context.AnnotationConfigServletWebServerApplicationContext@6ce86ce1
2026-09-25T13:54:48.308+07:00  INFO 9912 --- [library_management] [           main] .s.d.r.c.RepositoryConfigurationDelegate : Bootstrapping Spring Data JPA repositories in DEFAULT mode.
2026-09-25T13:54:48.382+07:00 DEBUG 9912 --- [library_management] [           main] o.s.b.a.AutoConfigurationPackages        : @EnableAutoConfiguration was declared on a class in the package 'com.group_7.library_management'. Automatic @Repository and @Entity scanning is enabled.
2026-09-25T13:54:48.496+07:00  INFO 9912 --- [library_management] [           main] .s.d.r.c.RepositoryConfigurationDelegate : Finished Spring Data repository scanning in 132 ms. Found 16 JPA repository interfaces.
2026-09-25T13:54:57.619+07:00 DEBUG 9912 --- [library_management] [           main] o.s.b.t.s.TomcatServletWebServerFactory  : Code archive: D:\learn_android_programming\project_mobile_group2\PROJECT-ANDROID-PROGRAMMING\code_api\library_management\target\library_management-0.0.1-SNAPSHOT.jar
2026-09-25T13:54:57.620+07:00 DEBUG 9912 --- [library_management] [           main] o.s.b.t.s.TomcatServletWebServerFactory  : Code archive: D:\learn_android_programming\project_mobile_group2\PROJECT-ANDROID-PROGRAMMING\code_api\library_management\target\library_management-0.0.1-SNAPSHOT.jar
2026-09-25T13:54:57.621+07:00 DEBUG 9912 --- [library_management] [           main] o.s.b.t.s.TomcatServletWebServerFactory  : None of the document roots [src/main/webapp, public, static] point to a directory and will be ignored.
2026-09-25T13:54:57.646+07:00  INFO 9912 --- [library_management] [           main] o.s.boot.tomcat.TomcatWebServer          : Tomcat initialized with port 8386 (http)
2026-09-25T13:54:57.664+07:00  INFO 9912 --- [library_management] [           main] o.apache.catalina.core.StandardService   : Starting service [Tomcat]
2026-09-25T13:54:57.665+07:00  INFO 9912 --- [library_management] [           main] o.apache.catalina.core.StandardEngine    : Starting Servlet engine: [Apache Tomcat/11.0.24]
2026-09-25T13:54:57.692+07:00 DEBUG 9912 --- [library_management] [           main] b.w.c.s.WebApplicationContextInitializer : Published root WebApplicationContext as ServletContext attribute with name [org.springframework.web.context.WebApplicationContext.ROOT]
2026-09-25T13:54:57.693+07:00  INFO 9912 --- [library_management] [           main] b.w.c.s.WebApplicationContextInitializer : Root WebApplicationContext: initialization completed in 10635 ms
2026-09-25T13:54:58.034+07:00  INFO 9912 --- [library_management] [           main] org.hibernate.orm.jpa                    : HHH008540: Processing PersistenceUnitInfo [name: default]
2026-09-25T13:54:58.253+07:00  INFO 9912 --- [library_management] [           main] org.hibernate.orm.core                   : HHH000001: Hibernate ORM core version 7.4.5.Final
2026-09-25T13:54:59.111+07:00  INFO 9912 --- [library_management] [           main] o.s.o.j.p.SpringPersistenceUnitInfo      : No LoadTimeWeaver setup: ignoring JPA class transformer
2026-09-25T13:54:59.154+07:00  INFO 9912 --- [library_management] [           main] com.zaxxer.hikari.HikariDataSource       : HikariPool-1 - Starting...
2026-09-25T13:54:59.374+07:00  INFO 9912 --- [library_management] [           main] com.zaxxer.hikari.pool.HikariPool        : HikariPool-1 - Added connection com.mysql.cj.jdbc.ConnectionImpl@283bb8b7
2026-09-25T13:54:59.376+07:00  INFO 9912 --- [library_management] [           main] com.zaxxer.hikari.HikariDataSource       : HikariPool-1 - Start completed.
2026-09-25T13:54:59.462+07:00  INFO 9912 --- [library_management] [           main] org.hibernate.orm.connections.pooling    : HHH10001005: Database info:
	Database JDBC URL [jdbc:mysql://localhost:3306/library_management?useSSL=false&allowPublicKeyRetrieval=true&serverTimezone=Asia/Ho_Chi_Minh]
	Database driver: MySQL Connector/J
	Database dialect: MySQLDialect
	Database version: 9.3
	Default catalog/schema: library_management/undefined
	Autocommit mode: undefined/unknown
	Isolation level: REPEATABLE_READ [default REPEATABLE_READ]
	JDBC fetch size: none
	Pool: DataSourceConnectionProvider
	Minimum pool size: undefined/unknown
	Maximum pool size: undefined/unknown
2026-09-25T13:55:00.882+07:00  INFO 9912 --- [library_management] [           main] org.hibernate.orm.core                   : HHH000489: No JTA platform available (set 'hibernate.transaction.jta.platform' to enable JTA platform integration)
2026-09-25T13:55:00.955+07:00 DEBUG 9912 --- [library_management] [           main] org.hibernate.SQL                        : alter table book_copies modify column status enum ('AVAILABLE','BORROWED','DAMAGED','LOST','MAINTENANCE','RESERVED') not null
2026-09-25T13:55:00.970+07:00 DEBUG 9912 --- [library_management] [           main] org.hibernate.SQL                        : alter table borrow_records modify column payment_method enum ('CASH','SEPAY')
2026-09-25T13:55:00.983+07:00 DEBUG 9912 --- [library_management] [           main] org.hibernate.SQL                        : alter table borrow_records modify column status enum ('BORROWED','CANCELLED','OVERDUE','PENDING_PAYMENT','REQUESTED','RETURNED') not null
2026-09-25T13:55:01.000+07:00 DEBUG 9912 --- [library_management] [           main] org.hibernate.SQL                        : alter table notifications modify column action_type enum ('BOOK_DETAIL','BOOK_REVIEWS','BORROW_LIST','BORROW_ORDER_DETAIL','BORROW_PAYMENT','FAVORITE_LIST','NONE','PROFILE','SUPPORT')
2026-09-25T13:55:01.011+07:00 DEBUG 9912 --- [library_management] [           main] org.hibernate.SQL                        : alter table notifications modify column type enum ('BOOK','ERROR','INFO','SUCCESS','WARNING') not null
2026-09-25T13:55:01.020+07:00 DEBUG 9912 --- [library_management] [           main] org.hibernate.SQL                        : alter table password_reset_verifications modify column verification_channel enum ('EMAIL','SMS') not null
2026-09-25T13:55:01.027+07:00 DEBUG 9912 --- [library_management] [           main] org.hibernate.SQL                        : alter table registration_verifications modify column verification_channel enum ('EMAIL','SMS')
2026-09-25T13:55:01.034+07:00 DEBUG 9912 --- [library_management] [           main] org.hibernate.SQL                        : alter table users modify column role enum ('ADMIN','USER') not null
2026-09-25T13:55:01.085+07:00  INFO 9912 --- [library_management] [           main] j.LocalContainerEntityManagerFactoryBean : Initialized JPA EntityManagerFactory for persistence unit 'default'
2026-09-25T13:55:01.173+07:00  INFO 9912 --- [library_management] [           main] o.s.d.j.r.query.QueryEnhancerFactories   : Hibernate is in classpath; If applicable, HQL parser will be used.
2026-09-25T13:55:01.492+07:00 DEBUG 9912 --- [library_management] [           main] o.s.b.w.s.ServletContextInitializerBeans : Mapping filters: springSecurityFilterChain urls=[/*] order=-100, characterEncodingFilter urls=[/*] order=-2147483648, formContentFilter urls=[/*] order=-9900, requestContextFilter urls=[/*] order=-105, bearerTokenAuthenticationFilter urls=[/*] order=2147483647
2026-09-25T13:55:01.493+07:00 DEBUG 9912 --- [library_management] [           main] o.s.b.w.s.ServletContextInitializerBeans : Mapping servlets: dispatcherServlet urls=[/]
2026-09-25T13:55:01.519+07:00 DEBUG 9912 --- [library_management] [           main] o.s.b.s.f.OrderedRequestContextFilter    : Filter 'requestContextFilter' configured for use
2026-09-25T13:55:01.521+07:00 DEBUG 9912 --- [library_management] [           main] o.s.b.s.f.OrderedCharacterEncodingFilter : Filter 'characterEncodingFilter' configured for use
2026-09-25T13:55:01.522+07:00 DEBUG 9912 --- [library_management] [           main] .DelegatingFilterProxyRegistrationBean$1 : Filter 'springSecurityFilterChain' configured for use
2026-09-25T13:55:01.522+07:00 DEBUG 9912 --- [library_management] [           main] o.s.b.s.filter.OrderedFormContentFilter  : Filter 'formContentFilter' configured for use
2026-09-25T13:55:03.597+07:00  WARN 9912 --- [library_management] [           main] .s.a.UserDetailsServiceAutoConfiguration : 

Using generated security password: 0bfa9587-39ad-4768-a9eb-83a43768ec86

This generated password is for development use only. Your security configuration must be updated before running your application in production.

2026-09-25T13:55:03.611+07:00  INFO 9912 --- [library_management] [           main] r$InitializeUserDetailsManagerConfigurer : Global AuthenticationManager configured with UserDetailsService bean with name inMemoryUserDetailsManager
2026-09-25T13:55:04.124+07:00 DEBUG 9912 --- [library_management] [           main] s.w.s.m.m.a.RequestMappingHandlerMapping : 61 mappings in 'requestMappingHandlerMapping'
2026-09-25T13:55:04.162+07:00 DEBUG 9912 --- [library_management] [           main] o.s.w.s.handler.SimpleUrlHandlerMapping  : Patterns [/webjars/**, /**] in 'resourceHandlerMapping'
2026-09-25T13:55:04.223+07:00 DEBUG 9912 --- [library_management] [           main] s.w.s.m.m.a.RequestMappingHandlerAdapter : ControllerAdvice beans: 0 @ModelAttribute, 0 @InitBinder, 2 RequestBodyAdvice, 1 ResponseBodyAdvice
2026-09-25T13:55:04.304+07:00 DEBUG 9912 --- [library_management] [           main] .m.m.a.ExceptionHandlerExceptionResolver : ControllerAdvice beans: 1 @ExceptionHandler, 1 ResponseBodyAdvice
2026-09-25T13:55:04.499+07:00  INFO 9912 --- [library_management] [           main] o.s.boot.tomcat.TomcatWebServer          : Tomcat started on port 8386 (http) with context path '/'
2026-09-25T13:55:04.512+07:00 DEBUG 9912 --- [library_management] [           main] .s.b.a.l.ConditionEvaluationReportLogger : 


============================
CONDITIONS EVALUATION REPORT
============================


Positive matches:
-----------------

   AopAutoConfiguration matched:
      - @ConditionalOnBooleanProperty (spring.aop.auto=true) matched (OnPropertyCondition)

   AopAutoConfiguration.AspectJAutoProxyingConfiguration matched:
      - @ConditionalOnClass found required class 'org.aspectj.weaver.Advice' (OnClassCondition)

   AopAutoConfiguration.AspectJAutoProxyingConfiguration.CglibAutoProxyConfiguration matched:
      - @ConditionalOnBooleanProperty (spring.aop.proxy-target-class=true) matched (OnPropertyCondition)

   ApplicationAvailabilityAutoConfiguration#applicationAvailability matched:
      - @ConditionalOnMissingBean (types: org.springframework.boot.availability.ApplicationAvailability; SearchStrategy: all) did not find any beans (OnBeanCondition)

   DataJpaRepositoriesAutoConfiguration matched:
      - @ConditionalOnClass found required class 'org.springframework.data.jpa.repository.JpaRepository' (OnClassCondition)
      - @ConditionalOnBooleanProperty (spring.data.jpa.repositories.enabled=true) matched (OnPropertyCondition)
      - @ConditionalOnBean (types: javax.sql.DataSource; SearchStrategy: all) found bean 'dataSource'; @ConditionalOnMissingBean (types: org.springframework.data.jpa.repository.support.JpaRepositoryFactoryBean,org.springframework.data.jpa.repository.config.JpaRepositoryConfigExtension; SearchStrategy: all) did not find any beans (OnBeanCondition)

   DataSourceAutoConfiguration matched:
      - @ConditionalOnClass found required classes 'javax.sql.DataSource', 'org.springframework.jdbc.datasource.embedded.EmbeddedDatabaseType' (OnClassCondition)
      - @ConditionalOnMissingBean (types: io.r2dbc.spi.ConnectionFactory; SearchStrategy: all) did not find any beans (OnBeanCondition)

   DataSourceAutoConfiguration.PooledDataSourceConfiguration matched:
      - AnyNestedCondition 1 matched 1 did not; NestedCondition on DataSourceAutoConfiguration.PooledDataSourceCondition.PooledDataSourceAvailable PooledDataSource found supported DataSource; NestedCondition on DataSourceAutoConfiguration.PooledDataSourceCondition.ExplicitType @ConditionalOnProperty (spring.datasource.type) did not find property 'spring.datasource.type' (DataSourceAutoConfiguration.PooledDataSourceCondition)
      - @ConditionalOnMissingBean (types: javax.sql.DataSource,javax.sql.XADataSource; SearchStrategy: all) did not find any beans (OnBeanCondition)

   DataSourceAutoConfiguration.PooledDataSourceConfiguration#jdbcConnectionDetails matched:
      - @ConditionalOnMissingBean (types: org.springframework.boot.jdbc.autoconfigure.JdbcConnectionDetails; SearchStrategy: all) did not find any beans (OnBeanCondition)

   DataSourceConfiguration.Hikari matched:
      - @ConditionalOnClass found required class 'com.zaxxer.hikari.HikariDataSource' (OnClassCondition)
      - @ConditionalOnProperty (spring.datasource.type=com.zaxxer.hikari.HikariDataSource) matched (OnPropertyCondition)
      - @ConditionalOnMissingBean (types: javax.sql.DataSource; SearchStrategy: all) did not find any beans (OnBeanCondition)

   DataSourceInitializationAutoConfiguration matched:
      - @ConditionalOnClass found required class 'org.springframework.jdbc.datasource.init.DatabasePopulator' (OnClassCondition)
      - SQL InitializationDatabase Initialization default value is EMBEDDED (OnSqlInitializationCondition)
      - @ConditionalOnSingleCandidate (types: javax.sql.DataSource; SearchStrategy: all) found a single bean 'dataSource'; @ConditionalOnMissingBean (types: org.springframework.boot.sql.autoconfigure.init.ApplicationScriptDatabaseInitializer; SearchStrategy: all) did not find any beans (OnBeanCondition)

   DataSourcePoolMetadataProvidersConfiguration.HikariPoolDataSourceMetadataProviderConfiguration matched:
      - @ConditionalOnClass found required class 'com.zaxxer.hikari.HikariDataSource' (OnClassCondition)

   DataSourceTransactionManagerAutoConfiguration matched:
      - @ConditionalOnClass found required classes 'javax.sql.DataSource', 'org.springframework.jdbc.core.JdbcTemplate', 'org.springframework.transaction.TransactionManager' (OnClassCondition)

   DataSourceTransactionManagerAutoConfiguration.JdbcTransactionManagerConfiguration matched:
      - @ConditionalOnSingleCandidate (types: javax.sql.DataSource; SearchStrategy: all) found a single bean 'dataSource' (OnBeanCondition)

   DataWebAutoConfiguration matched:
      - @ConditionalOnClass found required classes 'org.springframework.data.web.PageableHandlerMethodArgumentResolver', 'org.springframework.web.servlet.config.annotation.WebMvcConfigurer' (OnClassCondition)
      - found 'session' scope (OnWebApplicationCondition)
      - @ConditionalOnMissingBean (types: org.springframework.data.web.PageableHandlerMethodArgumentResolver; SearchStrategy: all) did not find any beans (OnBeanCondition)

   DataWebAutoConfiguration#pageableCustomizer matched:
      - @ConditionalOnMissingBean (types: org.springframework.data.web.config.PageableHandlerMethodArgumentResolverCustomizer; SearchStrategy: all) did not find any beans (OnBeanCondition)

   DataWebAutoConfiguration#sortCustomizer matched:
      - @ConditionalOnMissingBean (types: org.springframework.data.web.config.SortHandlerMethodArgumentResolverCustomizer; SearchStrategy: all) did not find any beans (OnBeanCondition)

   DataWebAutoConfiguration#springDataWebSettings matched:
      - @ConditionalOnMissingBean (types: org.springframework.data.web.config.SpringDataWebSettings; SearchStrategy: all) did not find any beans (OnBeanCondition)

   DefaultTaskSchedulerConfiguration matched:
      - @ConditionalOnMissingBean (names: taskScheduler; SearchStrategy: all) did not find any beans (OnBeanCondition)

   DefaultTaskSchedulerConfiguration#taskScheduler matched:
      - @ConditionalOnBean (types: org.springframework.boot.task.ThreadPoolTaskSchedulerBuilder; SearchStrategy: all) found bean 'threadPoolTaskSchedulerBuilder' (OnBeanCondition)
      - @ConditionalOnThreading found PLATFORM (OnThreadingCondition)

   DispatcherServletAutoConfiguration matched:
      - @ConditionalOnClass found required class 'org.springframework.web.servlet.DispatcherServlet' (OnClassCondition)
      - found 'session' scope (OnWebApplicationCondition)

   DispatcherServletAutoConfiguration.DispatcherServletConfiguration matched:
      - @ConditionalOnClass found required class 'jakarta.servlet.ServletRegistration' (OnClassCondition)
      - Default DispatcherServlet did not find dispatcher servlet beans (DispatcherServletAutoConfiguration.DefaultDispatcherServletCondition)

   DispatcherServletAutoConfiguration.DispatcherServletRegistrationConfiguration matched:
      - @ConditionalOnClass found required class 'jakarta.servlet.ServletRegistration' (OnClassCondition)
      - DispatcherServlet Registration did not find servlet registration bean (DispatcherServletAutoConfiguration.DispatcherServletRegistrationCondition)

   DispatcherServletAutoConfiguration.DispatcherServletRegistrationConfiguration#dispatcherServletRegistration matched:
      - @ConditionalOnBean (names: dispatcherServlet types: org.springframework.web.servlet.DispatcherServlet; SearchStrategy: all) found bean 'dispatcherServlet' (OnBeanCondition)

   ErrorMvcAutoConfiguration matched:
      - @ConditionalOnClass found required classes 'jakarta.servlet.Servlet', 'org.springframework.web.servlet.DispatcherServlet' (OnClassCondition)
      - found 'session' scope (OnWebApplicationCondition)

   ErrorMvcAutoConfiguration#basicErrorController matched:
      - @ConditionalOnMissingBean (types: org.springframework.boot.webmvc.error.ErrorController; SearchStrategy: current) did not find any beans (OnBeanCondition)

   ErrorMvcAutoConfiguration#errorAttributes matched:
      - @ConditionalOnMissingBean (types: org.springframework.boot.webmvc.error.ErrorAttributes; SearchStrategy: current) did not find any beans (OnBeanCondition)

   ErrorMvcAutoConfiguration.DefaultErrorViewResolverConfiguration#conventionErrorViewResolver matched:
      - @ConditionalOnBean (types: org.springframework.web.servlet.DispatcherServlet; SearchStrategy: all) found bean 'dispatcherServlet'; @ConditionalOnMissingBean (types: org.springframework.boot.webmvc.autoconfigure.error.ErrorViewResolver; SearchStrategy: all) did not find any beans (OnBeanCondition)

   ErrorMvcAutoConfiguration.WhitelabelErrorViewConfiguration matched:
      - @ConditionalOnBooleanProperty (spring.web.error.whitelabel.enabled=true) matched (OnPropertyCondition)
      - ErrorTemplate Missing did not find error template view (ErrorMvcAutoConfiguration.ErrorTemplateMissingCondition)

   ErrorMvcAutoConfiguration.WhitelabelErrorViewConfiguration#beanNameViewResolver matched:
      - @ConditionalOnMissingBean (types: org.springframework.web.servlet.view.BeanNameViewResolver; SearchStrategy: all) did not find any beans (OnBeanCondition)

   ErrorMvcAutoConfiguration.WhitelabelErrorViewConfiguration#defaultErrorView matched:
      - @ConditionalOnMissingBean (names: error; SearchStrategy: all) did not find any beans (OnBeanCondition)

   HibernateJpaAutoConfiguration matched:
      - @ConditionalOnClass found required classes 'org.springframework.orm.jpa.LocalContainerEntityManagerFactoryBean', 'jakarta.persistence.EntityManager', 'org.hibernate.engine.spi.SessionImplementor' (OnClassCondition)

   HibernateJpaConfiguration matched:
      - @ConditionalOnSingleCandidate (types: javax.sql.DataSource; SearchStrategy: all) found a single bean 'dataSource' (OnBeanCondition)

   HttpEncodingAutoConfiguration matched:
      - @ConditionalOnClass found required class 'org.springframework.web.filter.CharacterEncodingFilter' (OnClassCondition)
      - found 'session' scope (OnWebApplicationCondition)
      - @ConditionalOnBooleanProperty (spring.servlet.encoding.enabled=true) matched (OnPropertyCondition)

   HttpEncodingAutoConfiguration#characterEncodingFilter matched:
      - @ConditionalOnMissingBean (types: org.springframework.web.filter.CharacterEncodingFilter; SearchStrategy: all) did not find any beans (OnBeanCondition)

   HttpMessageConvertersAutoConfiguration matched:
      - @ConditionalOnClass found required class 'org.springframework.http.converter.HttpMessageConverter' (OnClassCondition)
      - NoneNestedConditions 0 matched 1 did not; NestedCondition on HttpMessageConvertersAutoConfiguration.NotReactiveWebApplicationCondition.ReactiveWebApplication did not find reactive web application classes (HttpMessageConvertersAutoConfiguration.NotReactiveWebApplicationCondition)

   HttpMessageConvertersAutoConfiguration.StringHttpMessageConverterConfiguration#stringHttpMessageConvertersCustomizer matched:
      - @ConditionalOnMissingBean (types: org.springframework.http.converter.StringHttpMessageConverter; SearchStrategy: all) did not find any beans (OnBeanCondition)

   JacksonAutoConfiguration matched:
      - @ConditionalOnClass found required class 'tools.jackson.databind.json.JsonMapper' (OnClassCondition)

   JacksonAutoConfiguration#jacksonJsonMapper matched:
      - @ConditionalOnMissingBean (types: tools.jackson.databind.json.JsonMapper; SearchStrategy: all) did not find any beans (OnBeanCondition)

   JacksonAutoConfiguration#jsonFactory matched:
      - @ConditionalOnMissingBean (types: tools.jackson.core.json.JsonFactory; SearchStrategy: all) did not find any beans (OnBeanCondition)

   JacksonAutoConfiguration#jsonMapperBuilder matched:
      - @ConditionalOnMissingBean (types: tools.jackson.databind.json.JsonMapper$Builder; SearchStrategy: all) did not find any beans (OnBeanCondition)

   JacksonAutoConfiguration.JsonProblemDetailsConfiguration matched:
      - @ConditionalOnClass found required class 'org.springframework.http.ProblemDetail' (OnClassCondition)

   JacksonHttpMessageConvertersConfiguration.JacksonJsonHttpMessageConverterConfiguration matched:
      - @ConditionalOnClass found required class 'tools.jackson.databind.json.JsonMapper' (OnClassCondition)
      - @ConditionalOnProperty (spring.http.converters.preferred-json-mapper=jackson) matched (OnPropertyCondition)
      - @ConditionalOnBean (types: tools.jackson.databind.json.JsonMapper; SearchStrategy: all) found bean 'jacksonJsonMapper' (OnBeanCondition)

   JacksonHttpMessageConvertersConfiguration.JacksonJsonHttpMessageConverterConfiguration#jacksonJsonHttpMessageConvertersCustomizer matched:
      - @ConditionalOnMissingBean (types: org.springframework.http.converter.json.JacksonJsonHttpMessageConverter ignored: org.springframework.hateoas.server.mvc.TypeConstrainedJacksonJsonHttpMessageConverter,org.springframework.data.rest.webmvc.alps.AlpsJacksonJsonHttpMessageConverter; SearchStrategy: all) did not find any beans (OnBeanCondition)

   JdbcClientAutoConfiguration matched:
      - @ConditionalOnSingleCandidate (types: org.springframework.jdbc.core.namedparam.NamedParameterJdbcTemplate; SearchStrategy: all) found a single bean 'namedParameterJdbcTemplate'; @ConditionalOnMissingBean (types: org.springframework.jdbc.core.simple.JdbcClient; SearchStrategy: all) did not find any beans (OnBeanCondition)

   JdbcTemplateAutoConfiguration matched:
      - @ConditionalOnClass found required classes 'javax.sql.DataSource', 'org.springframework.jdbc.core.JdbcTemplate' (OnClassCondition)
      - @ConditionalOnSingleCandidate (types: javax.sql.DataSource; SearchStrategy: all) found a single bean 'dataSource' (OnBeanCondition)

   JdbcTemplateConfiguration matched:
      - @ConditionalOnMissingBean (types: org.springframework.jdbc.core.JdbcOperations; SearchStrategy: all) did not find any beans (OnBeanCondition)

   JpaBaseConfiguration#entityManagerFactory matched:
      - @ConditionalOnMissingBean (types: org.springframework.orm.jpa.LocalContainerEntityManagerFactoryBean,jakarta.persistence.EntityManagerFactory; SearchStrategy: all) did not find any beans (OnBeanCondition)

   JpaBaseConfiguration#entityManagerFactoryBuilder matched:
      - @ConditionalOnMissingBean (types: org.springframework.boot.jpa.EntityManagerFactoryBuilder; SearchStrategy: all) did not find any beans (OnBeanCondition)

   JpaBaseConfiguration#jpaVendorAdapter matched:
      - @ConditionalOnMissingBean (types: org.springframework.orm.jpa.JpaVendorAdapter; SearchStrategy: all) did not find any beans (OnBeanCondition)

   JpaBaseConfiguration#transactionManager matched:
      - @ConditionalOnMissingBean (types: org.springframework.transaction.TransactionManager; SearchStrategy: all) did not find any beans (OnBeanCondition)

   JpaBaseConfiguration.PersistenceManagedTypesConfiguration matched:
      - @ConditionalOnMissingBean (types: org.springframework.orm.jpa.LocalContainerEntityManagerFactoryBean,jakarta.persistence.EntityManagerFactory; SearchStrategy: all) did not find any beans (OnBeanCondition)

   JpaBaseConfiguration.PersistenceManagedTypesConfiguration#persistenceManagedTypes matched:
      - @ConditionalOnMissingBean (types: org.springframework.orm.jpa.persistenceunit.PersistenceManagedTypes; SearchStrategy: all) did not find any beans (OnBeanCondition)

   JtaAutoConfiguration matched:
      - @ConditionalOnClass found required class 'jakarta.transaction.Transaction' (OnClassCondition)
      - @ConditionalOnBooleanProperty (spring.jta.enabled=true) matched (OnPropertyCondition)

   LifecycleAutoConfiguration#defaultLifecycleProcessor matched:
      - @ConditionalOnMissingBean (names: lifecycleProcessor; SearchStrategy: current) did not find any beans (OnBeanCondition)

   MailSenderAutoConfiguration matched:
      - @ConditionalOnClass found required classes 'jakarta.mail.internet.MimeMessage', 'jakarta.activation.MimeType', 'org.springframework.mail.MailSender' (OnClassCondition)
      - AnyNestedCondition 1 matched 1 did not; NestedCondition on MailSenderAutoConfiguration.MailSenderCondition.JndiNameProperty @ConditionalOnProperty (spring.mail.jndi-name) did not find property 'spring.mail.jndi-name'; NestedCondition on MailSenderAutoConfiguration.MailSenderCondition.HostProperty @ConditionalOnProperty (spring.mail.host) matched (MailSenderAutoConfiguration.MailSenderCondition)
      - @ConditionalOnMissingBean (types: org.springframework.mail.MailSender; SearchStrategy: all) did not find any beans (OnBeanCondition)

   MailSenderPropertiesConfiguration matched:
      - @ConditionalOnProperty (spring.mail.host) matched (OnPropertyCondition)

   MailSenderPropertiesConfiguration#mailSender matched:
      - @ConditionalOnMissingBean (types: org.springframework.mail.javamail.JavaMailSender; SearchStrategy: all) did not find any beans (OnBeanCondition)

   MultipartAutoConfiguration matched:
      - @ConditionalOnClass found required classes 'jakarta.servlet.Servlet', 'org.springframework.web.multipart.support.StandardServletMultipartResolver', 'jakarta.servlet.MultipartConfigElement' (OnClassCondition)
      - found 'session' scope (OnWebApplicationCondition)
      - @ConditionalOnBooleanProperty (spring.servlet.multipart.enabled=true) matched (OnPropertyCondition)

   MultipartAutoConfiguration#multipartConfigElement matched:
      - @ConditionalOnMissingBean (types: jakarta.servlet.MultipartConfigElement; SearchStrategy: all) did not find any beans (OnBeanCondition)

   MultipartAutoConfiguration#multipartResolver matched:
      - @ConditionalOnMissingBean (types: org.springframework.web.multipart.MultipartResolver; SearchStrategy: all) did not find any beans (OnBeanCondition)

   NamedParameterJdbcTemplateConfiguration matched:
      - @ConditionalOnSingleCandidate (types: org.springframework.jdbc.core.JdbcTemplate; SearchStrategy: all) found a single bean 'jdbcTemplate'; @ConditionalOnMissingBean (types: org.springframework.jdbc.core.namedparam.NamedParameterJdbcOperations; SearchStrategy: all) did not find any beans (OnBeanCondition)

   PersistenceExceptionTranslationAutoConfiguration matched:
      - @ConditionalOnClass found required class 'org.springframework.dao.annotation.PersistenceExceptionTranslationPostProcessor' (OnClassCondition)

   PersistenceExceptionTranslationAutoConfiguration#persistenceExceptionTranslationPostProcessor matched:
      - @ConditionalOnBooleanProperty (spring.persistence.exceptiontranslation.enabled=true) matched (OnPropertyCondition)
      - @ConditionalOnMissingBean (types: org.springframework.dao.annotation.PersistenceExceptionTranslationPostProcessor; SearchStrategy: all) did not find any beans (OnBeanCondition)

   PropertyPlaceholderAutoConfiguration#propertySourcesPlaceholderConfigurer matched:
      - @ConditionalOnMissingBean (types: org.springframework.context.support.PropertySourcesPlaceholderConfigurer; SearchStrategy: current) did not find any beans (OnBeanCondition)

   SecurityAutoConfiguration matched:
      - @ConditionalOnClass found required class 'org.springframework.security.authentication.DefaultAuthenticationEventPublisher' (OnClassCondition)

   SecurityAutoConfiguration#authenticationEventPublisher matched:
      - @ConditionalOnMissingBean (types: org.springframework.security.authentication.AuthenticationEventPublisher; SearchStrategy: all) did not find any beans (OnBeanCondition)

   SecurityFilterAutoConfiguration matched:
      - @ConditionalOnClass found required classes 'org.springframework.security.web.context.AbstractSecurityWebApplicationInitializer', 'org.springframework.security.config.http.SessionCreationPolicy' (OnClassCondition)
      - found 'session' scope (OnWebApplicationCondition)

   SecurityFilterAutoConfiguration#securityFilterChainRegistration matched:
      - @ConditionalOnBean (names: springSecurityFilterChain; SearchStrategy: all) found bean 'springSecurityFilterChain' (OnBeanCondition)

   ServletWebSecurityAutoConfiguration matched:
      - @ConditionalOnClass found required class 'org.springframework.security.config.annotation.web.configuration.EnableWebSecurity' (OnClassCondition)
      - found 'session' scope (OnWebApplicationCondition)

   ServletWebSecurityAutoConfiguration.EnableWebSecurityConfiguration matched:
      - @ConditionalOnClass found required class 'org.springframework.security.config.annotation.web.configuration.EnableWebSecurity' (OnClassCondition)
      - @ConditionalOnMissingBean (names: springSecurityFilterChain; SearchStrategy: all) did not find any beans (OnBeanCondition)

   ServletWebSecurityAutoConfiguration.PathPatternRequestMatcherBuilderConfiguration matched:
      - @ConditionalOnClass found required class 'org.springframework.boot.webmvc.autoconfigure.DispatcherServletPath' (OnClassCondition)
      - @ConditionalOnBean (types: org.springframework.boot.webmvc.autoconfigure.DispatcherServletPath; SearchStrategy: all) found bean 'dispatcherServletRegistration' (OnBeanCondition)

   ServletWebSecurityAutoConfiguration.PathPatternRequestMatcherBuilderConfiguration#pathPatternRequestMatcherBuilder matched:
      - @ConditionalOnMissingBean (types: org.springframework.security.web.servlet.util.matcher.PathPatternRequestMatcher$Builder; SearchStrategy: all) did not find any beans (OnBeanCondition)

   SslAutoConfiguration#sslBundleRegistry matched:
      - @ConditionalOnMissingBean (types: org.springframework.boot.ssl.SslBundleRegistry,org.springframework.boot.ssl.SslBundles; SearchStrategy: all) did not find any beans (OnBeanCondition)

   TaskExecutionAutoConfiguration matched:
      - @ConditionalOnClass found required class 'org.springframework.scheduling.concurrent.ThreadPoolTaskExecutor' (OnClassCondition)

   TaskExecutorConfigurations.AsyncConfigurerConfiguration matched:
      - @ConditionalOnMissingBean (types: org.springframework.scheduling.annotation.AsyncConfigurer; SearchStrategy: all) did not find any beans (OnBeanCondition)

   TaskExecutorConfigurations.SimpleAsyncTaskExecutorBuilderConfiguration#simpleAsyncTaskExecutorBuilder matched:
      - @ConditionalOnMissingBean (types: org.springframework.boot.task.SimpleAsyncTaskExecutorBuilder; SearchStrategy: all) did not find any beans (OnBeanCondition)
      - @ConditionalOnThreading found PLATFORM (OnThreadingCondition)

   TaskExecutorConfigurations.TaskExecutorConfiguration matched:
      - AnyNestedCondition 1 matched 1 did not; NestedCondition on TaskExecutorConfigurations.OnExecutorCondition.ModelCondition @ConditionalOnProperty (spring.task.execution.mode=force) did not find property 'spring.task.execution.mode'; NestedCondition on TaskExecutorConfigurations.OnExecutorCondition.ExecutorBeanCondition @ConditionalOnMissingBean (types: java.util.concurrent.Executor; SearchStrategy: all) did not find any beans (TaskExecutorConfigurations.OnExecutorCondition)

   TaskExecutorConfigurations.TaskExecutorConfiguration#applicationTaskExecutor matched:
      - @ConditionalOnThreading found PLATFORM (OnThreadingCondition)

   TaskExecutorConfigurations.ThreadPoolTaskExecutorBuilderConfiguration#threadPoolTaskExecutorBuilder matched:
      - @ConditionalOnMissingBean (types: org.springframework.boot.task.ThreadPoolTaskExecutorBuilder; SearchStrategy: all) did not find any beans (OnBeanCondition)

   TaskSchedulingAutoConfiguration matched:
      - @ConditionalOnClass found required class 'org.springframework.scheduling.concurrent.ThreadPoolTaskScheduler' (OnClassCondition)

   TaskSchedulingAutoConfiguration#scheduledBeanLazyInitializationExcludeFilter matched:
      - @ConditionalOnBean (names: org.springframework.scheduling.config.internalScheduledAnnotationProcessor; SearchStrategy: all) found bean 'org.springframework.scheduling.config.internalScheduledAnnotationProcessor' (OnBeanCondition)

   TaskSchedulingConfigurations.SimpleAsyncTaskSchedulerBuilderConfiguration#simpleAsyncTaskSchedulerBuilder matched:
      - @ConditionalOnMissingBean (types: org.springframework.boot.task.SimpleAsyncTaskSchedulerBuilder; SearchStrategy: all) did not find any beans (OnBeanCondition)
      - @ConditionalOnThreading found PLATFORM (OnThreadingCondition)

   TaskSchedulingConfigurations.TaskSchedulerConfiguration matched:
      - @ConditionalOnBean (names: org.springframework.scheduling.config.internalScheduledAnnotationProcessor; SearchStrategy: all) found bean 'org.springframework.scheduling.config.internalScheduledAnnotationProcessor'; @ConditionalOnMissingBean (types: org.springframework.scheduling.TaskScheduler,java.util.concurrent.ScheduledExecutorService; SearchStrategy: all) did not find any beans (OnBeanCondition)

   TaskSchedulingConfigurations.ThreadPoolTaskSchedulerBuilderConfiguration#threadPoolTaskSchedulerBuilder matched:
      - @ConditionalOnMissingBean (types: org.springframework.boot.task.ThreadPoolTaskSchedulerBuilder; SearchStrategy: all) did not find any beans (OnBeanCondition)

   TomcatServletWebServerAutoConfiguration matched:
      - @ConditionalOnClass found required classes 'jakarta.servlet.ServletRequest', 'org.apache.catalina.startup.Tomcat', 'org.apache.coyote.UpgradeProtocol', 'org.springframework.boot.tomcat.servlet.TomcatServletWebServerFactory' (OnClassCondition)
      - found 'session' scope (OnWebApplicationCondition)

   TomcatServletWebServerAutoConfiguration#tomcatServletWebServerFactory matched:
      - @ConditionalOnMissingBean (types: org.springframework.boot.web.server.servlet.ServletWebServerFactory; SearchStrategy: current) did not find any beans (OnBeanCondition)

   TomcatWebServerConfiguration matched:
      - @ConditionalOnWarDeployment the application is not deployed as a WAR file. (OnWarDeploymentCondition)

   TomcatWebServerConfiguration.TomcatWebSocketConfiguration matched:
      - @ConditionalOnClass found required class 'org.apache.tomcat.websocket.server.WsSci' (OnClassCondition)

   TransactionAutoConfiguration matched:
      - @ConditionalOnClass found required class 'org.springframework.transaction.PlatformTransactionManager' (OnClassCondition)

   TransactionAutoConfiguration.EnableTransactionManagementConfiguration matched:
      - @ConditionalOnBean (types: org.springframework.transaction.TransactionManager; SearchStrategy: all) found bean 'transactionManager'; @ConditionalOnMissingBean (types: org.springframework.transaction.annotation.AbstractTransactionManagementConfiguration; SearchStrategy: all) did not find any beans (OnBeanCondition)

   TransactionAutoConfiguration.EnableTransactionManagementConfiguration.CglibAutoProxyConfiguration matched:
      - @ConditionalOnBooleanProperty (spring.aop.proxy-target-class=true) matched (OnPropertyCondition)

   TransactionAutoConfiguration.TransactionTemplateConfiguration matched:
      - @ConditionalOnSingleCandidate (types: org.springframework.transaction.PlatformTransactionManager; SearchStrategy: all) found a single bean 'transactionManager' (OnBeanCondition)

   TransactionAutoConfiguration.TransactionTemplateConfiguration#transactionTemplate matched:
      - @ConditionalOnMissingBean (types: org.springframework.transaction.support.TransactionOperations; SearchStrategy: all) did not find any beans (OnBeanCondition)

   TransactionManagerCustomizationAutoConfiguration matched:
      - @ConditionalOnClass found required class 'org.springframework.transaction.PlatformTransactionManager' (OnClassCondition)

   TransactionManagerCustomizationAutoConfiguration#platformTransactionManagerCustomizers matched:
      - @ConditionalOnMissingBean (types: org.springframework.boot.transaction.autoconfigure.TransactionManagerCustomizers; SearchStrategy: all) did not find any beans (OnBeanCondition)

   UserDetailsServiceAutoConfiguration matched:
      - @ConditionalOnClass found required class 'org.springframework.security.authentication.AuthenticationManager' (OnClassCondition)
      - found 'session' scope (OnWebApplicationCondition)
      - AnyNestedCondition 1 matched 2 did not; NestedCondition on MissingAlternativeUserDetailsManagerOrUserPropertiesConfigured.PasswordConfigured @ConditionalOnProperty (spring.security.user.password) did not find property 'spring.security.user.password'; NestedCondition on MissingAlternativeUserDetailsManagerOrUserPropertiesConfigured.NameConfigured @ConditionalOnProperty (spring.security.user.name) did not find property 'spring.security.user.name'; NestedCondition on MissingAlternativeUserDetailsManagerOrUserPropertiesConfigured.MissingAlternative @ConditionalOnMissingClass did not find unwanted classes 'org.springframework.security.oauth2.client.registration.ClientRegistrationRepository', 'org.springframework.security.oauth2.server.resource.introspection.OpaqueTokenIntrospector', 'org.springframework.security.saml2.provider.service.registration.RelyingPartyRegistrationRepository' (MissingAlternativeUserDetailsManagerOrUserPropertiesConfigured)
      - @ConditionalOnMissingBean (types: org.springframework.security.authentication.AuthenticationManager,org.springframework.security.authentication.AuthenticationProvider,org.springframework.security.core.userdetails.UserDetailsService,org.springframework.security.authentication.AuthenticationManagerResolver,org.springframework.security.oauth2.jwt.JwtDecoder; SearchStrategy: all) did not find any beans (OnBeanCondition)

   ValidationAutoConfiguration matched:
      - @ConditionalOnClass found required class 'jakarta.validation.executable.ExecutableValidator' (OnClassCondition)
      - @ConditionalOnResource found location classpath:META-INF/services/jakarta.validation.spi.ValidationProvider (OnResourceCondition)

   ValidationAutoConfiguration#defaultValidator matched:
      - @ConditionalOnMissingBean (types: jakarta.validation.Validator; SearchStrategy: all) did not find any beans (OnBeanCondition)

   ValidationAutoConfiguration#methodValidationPostProcessor matched:
      - @ConditionalOnMissingBean (types: org.springframework.validation.beanvalidation.MethodValidationPostProcessor; SearchStrategy: current) did not find any beans (OnBeanCondition)

   WebMvcAutoConfiguration matched:
      - @ConditionalOnClass found required classes 'jakarta.servlet.Servlet', 'org.springframework.web.servlet.DispatcherServlet', 'org.springframework.web.servlet.config.annotation.WebMvcConfigurer' (OnClassCondition)
      - found 'session' scope (OnWebApplicationCondition)
      - @ConditionalOnMissingBean (types: org.springframework.web.servlet.config.annotation.WebMvcConfigurationSupport; SearchStrategy: all) did not find any beans (OnBeanCondition)

   WebMvcAutoConfiguration#formContentFilter matched:
      - @ConditionalOnBooleanProperty (spring.mvc.formcontent.filter.enabled=true) matched (OnPropertyCondition)
      - @ConditionalOnMissingBean (types: org.springframework.web.filter.FormContentFilter; SearchStrategy: all) did not find any beans (OnBeanCondition)

   WebMvcAutoConfiguration.EnableWebMvcConfiguration#flashMapManager matched:
      - @ConditionalOnMissingBean (names: flashMapManager; SearchStrategy: all) did not find any beans (OnBeanCondition)

   WebMvcAutoConfiguration.EnableWebMvcConfiguration#localeResolver matched:
      - @ConditionalOnMissingBean (names: localeResolver; SearchStrategy: all) did not find any beans (OnBeanCondition)

   WebMvcAutoConfiguration.EnableWebMvcConfiguration#viewNameTranslator matched:
      - @ConditionalOnMissingBean (names: viewNameTranslator; SearchStrategy: all) did not find any beans (OnBeanCondition)

   WebMvcAutoConfiguration.WebMvcAutoConfigurationAdapter#defaultViewResolver matched:
      - @ConditionalOnMissingBean (types: org.springframework.web.servlet.view.InternalResourceViewResolver; SearchStrategy: all) did not find any beans (OnBeanCondition)

   WebMvcAutoConfiguration.WebMvcAutoConfigurationAdapter#requestContextFilter matched:
      - @ConditionalOnMissingBean (types: org.springframework.web.context.request.RequestContextListener,org.springframework.web.filter.RequestContextFilter; SearchStrategy: all) did not find any beans (OnBeanCondition)

   WebMvcAutoConfiguration.WebMvcAutoConfigurationAdapter#viewResolver matched:
      - @ConditionalOnBean (types: org.springframework.web.servlet.ViewResolver; SearchStrategy: all) found beans 'defaultViewResolver', 'beanNameViewResolver', 'mvcViewResolver'; @ConditionalOnMissingBean (names: viewResolver types: org.springframework.web.servlet.view.ContentNegotiatingViewResolver; SearchStrategy: all) did not find any beans (OnBeanCondition)


Negative matches:
-----------------

   AopAutoConfiguration.AspectJAutoProxyingConfiguration.JdkDynamicAutoProxyConfiguration:
      Did not match:
         - @ConditionalOnBooleanProperty (spring.aop.proxy-target-class=false) did not find property 'spring.aop.proxy-target-class' (OnPropertyCondition)

   AopAutoConfiguration.ClassProxyingConfiguration:
      Did not match:
         - @ConditionalOnMissingClass found unwanted class 'org.aspectj.weaver.Advice' (OnClassCondition)

   DataJpaRepositoriesAutoConfiguration#entityManagerFactoryBootstrapExecutorCustomizer:
      Did not match:
         - @ConditionalOnProperty (spring.data.jpa.repositories.bootstrap-mode=deferred) did not find property 'spring.data.jpa.repositories.bootstrap-mode' (OnPropertyCondition)

   DataRepositoryMetricsAutoConfiguration:
      Did not match:
         - @ConditionalOnBean did not find required type 'io.micrometer.core.instrument.MeterRegistry' (OnBeanCondition)

   DataSourceAutoConfiguration.EmbeddedDatabaseConfiguration:
      Did not match:
         - EmbeddedDataSource spring.datasource.url is set (DataSourceAutoConfiguration.EmbeddedDatabaseCondition)

   DataSourceCheckpointRestoreConfiguration:
      Did not match:
         - @ConditionalOnClass did not find required class 'org.crac.Resource' (OnClassCondition)

   DataSourceConfiguration.Dbcp2:
      Did not match:
         - @ConditionalOnClass did not find required class 'org.apache.commons.dbcp2.BasicDataSource' (OnClassCondition)

   DataSourceConfiguration.Generic:
      Did not match:
         - @ConditionalOnProperty (spring.datasource.type) did not find property 'spring.datasource.type' (OnPropertyCondition)

   DataSourceConfiguration.OracleUcp:
      Did not match:
         - @ConditionalOnClass did not find required classes 'oracle.ucp.jdbc.PoolDataSourceImpl', 'oracle.jdbc.OracleConnection' (OnClassCondition)

   DataSourceConfiguration.Tomcat:
      Did not match:
         - @ConditionalOnClass did not find required class 'org.apache.tomcat.jdbc.pool.DataSource' (OnClassCondition)

   DataSourceHealthContributorAutoConfiguration:
      Did not match:
         - @ConditionalOnClass did not find required class 'org.springframework.boot.health.autoconfigure.contributor.ConditionalOnEnabledHealthIndicator' (OnClassCondition)

   DataSourceJmxConfiguration:
      Did not match:
         - @ConditionalOnBooleanProperty (spring.jmx.enabled=true) did not find property 'spring.jmx.enabled' (OnPropertyCondition)

   DataSourcePoolMetadataProvidersConfiguration.CommonsDbcp2PoolDataSourceMetadataProviderConfiguration:
      Did not match:
         - @ConditionalOnClass did not find required class 'org.apache.commons.dbcp2.BasicDataSource' (OnClassCondition)

   DataSourcePoolMetadataProvidersConfiguration.OracleUcpPoolDataSourceMetadataProviderConfiguration:
      Did not match:
         - @ConditionalOnClass did not find required classes 'oracle.ucp.jdbc.PoolDataSource', 'oracle.jdbc.OracleConnection' (OnClassCondition)

   DataSourcePoolMetadataProvidersConfiguration.TomcatDataSourcePoolMetadataProviderConfiguration:
      Did not match:
         - @ConditionalOnClass did not find required class 'org.apache.tomcat.jdbc.pool.DataSource' (OnClassCondition)

   DataSourcePoolMetricsAutoConfiguration:
      Did not match:
         - @ConditionalOnClass did not find required class 'io.micrometer.core.instrument.MeterRegistry' (OnClassCondition)

   DataSourceTransactionManagerAutoConfiguration.JdbcTransactionManagerConfiguration#transactionManager:
      Did not match:
         - @ConditionalOnMissingBean (types: org.springframework.transaction.TransactionManager; SearchStrategy: all) found beans of type 'org.springframework.transaction.TransactionManager' transactionManager (OnBeanCondition)

   DefaultTaskSchedulerConfiguration#taskSchedulerVirtualThreads:
      Did not match:
         - @ConditionalOnThreading did not find VIRTUAL (OnThreadingCondition)
      Matched:
         - @ConditionalOnBean (types: org.springframework.boot.task.SimpleAsyncTaskSchedulerBuilder; SearchStrategy: all) found bean 'simpleAsyncTaskSchedulerBuilder' (OnBeanCondition)

   DispatcherServletAutoConfiguration.DispatcherServletConfiguration#multipartResolver:
      Did not match:
         - @ConditionalOnBean (types: org.springframework.web.multipart.MultipartResolver; SearchStrategy: all) did not find any beans of type org.springframework.web.multipart.MultipartResolver (OnBeanCondition)

   GsonHttpMessageConvertersConfiguration:
      Did not match:
         - @ConditionalOnClass did not find required class 'com.google.gson.Gson' (OnClassCondition)

   HibernateMetricsAutoConfiguration:
      Did not match:
         - @ConditionalOnClass did not find required class 'io.micrometer.core.instrument.MeterRegistry' (OnClassCondition)

   Jackson2HttpMessageConvertersConfiguration.MappingJackson2HttpMessageConverterConfiguration:
      Did not match:
         - @ConditionalOnClass did not find required class 'com.fasterxml.jackson.databind.ObjectMapper' (OnClassCondition)

   Jackson2HttpMessageConvertersConfiguration.MappingJackson2XmlHttpMessageConverterConfiguration:
      Did not match:
         - @ConditionalOnClass did not find required class 'com.fasterxml.jackson.dataformat.xml.XmlMapper' (OnClassCondition)

   JacksonAutoConfiguration.CborConfiguration:
      Did not match:
         - @ConditionalOnClass did not find required class 'tools.jackson.dataformat.cbor.CBORMapper' (OnClassCondition)

   JacksonAutoConfiguration.XmlConfiguration:
      Did not match:
         - @ConditionalOnClass did not find required class 'tools.jackson.dataformat.xml.XmlMapper' (OnClassCondition)

   JacksonHttpMessageConvertersConfiguration.JacksonXmlHttpMessageConverterConfiguration:
      Did not match:
         - @ConditionalOnClass did not find required class 'tools.jackson.dataformat.xml.XmlMapper' (OnClassCondition)

   JmxAutoConfiguration:
      Did not match:
         - @ConditionalOnBooleanProperty (spring.jmx.enabled=true) did not find property 'spring.jmx.enabled' (OnPropertyCondition)
      Matched:
         - @ConditionalOnClass found required class 'org.springframework.jmx.export.MBeanExporter' (OnClassCondition)

   JndiDataSourceAutoConfiguration:
      Did not match:
         - @ConditionalOnProperty (spring.datasource.jndi-name) did not find property 'spring.datasource.jndi-name' (OnPropertyCondition)
      Matched:
         - @ConditionalOnClass found required classes 'javax.sql.DataSource', 'org.springframework.jdbc.datasource.embedded.EmbeddedDatabaseType' (OnClassCondition)

   JndiJtaConfiguration:
      Did not match:
         - @ConditionalOnJndi JNDI environment is not available (OnJndiCondition)
      Matched:
         - @ConditionalOnClass found required class 'org.springframework.transaction.jta.JtaTransactionManager' (OnClassCondition)

   JpaBaseConfiguration.JpaWebConfiguration:
      Did not match:
         - @ConditionalOnBooleanProperty (spring.jpa.open-in-view=true) found different value in property 'spring.jpa.open-in-view' (OnPropertyCondition)
      Matched:
         - @ConditionalOnClass found required class 'org.springframework.web.servlet.config.annotation.WebMvcConfigurer' (OnClassCondition)
         - found 'session' scope (OnWebApplicationCondition)

   JsonbHttpMessageConvertersConfiguration:
      Did not match:
         - @ConditionalOnClass did not find required class 'jakarta.json.bind.Jsonb' (OnClassCondition)

   KotlinSerializationHttpMessageConvertersConfiguration:
      Did not match:
         - @ConditionalOnClass did not find required classes 'kotlinx.serialization.Serializable', 'kotlinx.serialization.json.Json' (OnClassCondition)

   LazyConnectionDataSourceConfiguration:
      Did not match:
         - @ConditionalOnProperty (spring.datasource.connection-fetch=lazy) did not find property 'spring.datasource.connection-fetch' (OnPropertyCondition)

   MailHealthContributorAutoConfiguration:
      Did not match:
         - @ConditionalOnClass did not find required class 'org.springframework.boot.health.autoconfigure.contributor.ConditionalOnEnabledHealthIndicator' (OnClassCondition)

   MailSenderJndiConfiguration:
      Did not match:
         - @ConditionalOnProperty (spring.mail.jndi-name) did not find property 'spring.mail.jndi-name' (OnPropertyCondition)
      Matched:
         - @ConditionalOnClass found required class 'jakarta.mail.Session' (OnClassCondition)

   MailSenderValidatorAutoConfiguration:
      Did not match:
         - @ConditionalOnBooleanProperty (spring.mail.test-connection=true) did not find property 'spring.mail.test-connection' (OnPropertyCondition)

   ManagementWebSecurityAutoConfiguration:
      Did not match:
         - @ConditionalOnClass did not find required class 'org.springframework.boot.actuate.autoconfigure.endpoint.web.WebEndpointAutoConfiguration' (OnClassCondition)

   MessageSourceAutoConfiguration:
      Did not match:
         - ResourceBundle did not find bundle with basename messages (MessageSourceAutoConfiguration.ResourceBundleCondition)

   ProjectInfoAutoConfiguration#buildProperties:
      Did not match:
         - @ConditionalOnResource did not find resource '${spring.info.build.location:classpath:META-INF/build-info.properties}' (OnResourceCondition)

   ProjectInfoAutoConfiguration#gitProperties:
      Did not match:
         - GitResource did not find git info at classpath:git.properties (ProjectInfoAutoConfiguration.GitResourceAvailableCondition)

   RSocketSecurityAutoConfiguration:
      Did not match:
         - @ConditionalOnClass did not find required class 'org.springframework.boot.rsocket.server.RSocketServerCustomizer' (OnClassCondition)

   ReactiveManagementWebSecurityAutoConfiguration:
      Did not match:
         - @ConditionalOnClass did not find required class 'org.springframework.boot.actuate.autoconfigure.endpoint.web.WebEndpointAutoConfiguration' (OnClassCondition)

   ReactiveUserDetailsServiceAutoConfiguration:
      Did not match:
         - AnyNestedCondition 0 matched 2 did not; NestedCondition on ReactiveUserDetailsServiceAutoConfiguration.RSocketEnabledOrReactiveWebApplication.ReactiveWebApplicationCondition did not find reactive web application classes; NestedCondition on ReactiveUserDetailsServiceAutoConfiguration.RSocketEnabledOrReactiveWebApplication.RSocketSecurityEnabledCondition @ConditionalOnBean (types: org.springframework.messaging.rsocket.annotation.support.RSocketMessageHandler; SearchStrategy: all) did not find any beans of type org.springframework.messaging.rsocket.annotation.support.RSocketMessageHandler (ReactiveUserDetailsServiceAutoConfiguration.RSocketEnabledOrReactiveWebApplication)
      Matched:
         - @ConditionalOnClass found required class 'org.springframework.security.authentication.ReactiveAuthenticationManager' (OnClassCondition)
         - AnyNestedCondition 1 matched 2 did not; NestedCondition on MissingAlternativeUserDetailsManagerOrUserPropertiesConfigured.PasswordConfigured @ConditionalOnProperty (spring.security.user.password) did not find property 'spring.security.user.password'; NestedCondition on MissingAlternativeUserDetailsManagerOrUserPropertiesConfigured.NameConfigured @ConditionalOnProperty (spring.security.user.name) did not find property 'spring.security.user.name'; NestedCondition on MissingAlternativeUserDetailsManagerOrUserPropertiesConfigured.MissingAlternative @ConditionalOnMissingClass did not find unwanted classes 'org.springframework.security.oauth2.client.registration.ClientRegistrationRepository', 'org.springframework.security.oauth2.server.resource.introspection.OpaqueTokenIntrospector', 'org.springframework.security.saml2.provider.service.registration.RelyingPartyRegistrationRepository' (MissingAlternativeUserDetailsManagerOrUserPropertiesConfigured)

   ReactiveWebSecurityAutoConfiguration:
      Did not match:
         - @ConditionalOnClass did not find required class 'reactor.core.publisher.Flux' (OnClassCondition)

   SecurityAutoConfiguration.SecurityDataConfiguration:
      Did not match:
         - @ConditionalOnClass did not find required class 'org.springframework.security.data.repository.query.SecurityEvaluationContextExtension' (OnClassCondition)

   ServletHttpExchangesAutoConfiguration:
      Did not match:
         - @ConditionalOnBean did not find required type 'org.springframework.boot.actuate.web.exchanges.HttpExchangeRepository' (OnBeanCondition)

   ServletManagementContextAutoConfiguration:
      Did not match:
         - @ConditionalOnClass did not find required class 'org.springframework.boot.actuate.autoconfigure.endpoint.web.WebEndpointProperties' (OnClassCondition)

   ServletMappingsAutoConfiguration:
      Did not match:
         - @ConditionalOnClass did not find required class 'org.springframework.boot.actuate.autoconfigure.endpoint.condition.ConditionalOnAvailableEndpoint' (OnClassCondition)

   ServletWebSecurityAutoConfiguration.SecurityFilterChainConfiguration:
      Did not match:
         - AllNestedConditions 1 matched 1 did not; NestedCondition on DefaultWebSecurityCondition.Beans @ConditionalOnMissingBean (types: org.springframework.security.web.SecurityFilterChain; SearchStrategy: all) found beans of type 'org.springframework.security.web.SecurityFilterChain' securityFilterChain; NestedCondition on DefaultWebSecurityCondition.Classes @ConditionalOnClass found required classes 'org.springframework.security.web.SecurityFilterChain', 'org.springframework.security.config.annotation.web.builders.HttpSecurity' (DefaultWebSecurityCondition)

   ServletWebServerConfiguration#forwardedHeaderFilter:
      Did not match:
         - @ConditionalOnProperty (server.forward-headers-strategy=framework) did not find property 'server.forward-headers-strategy' (OnPropertyCondition)

   SpringApplicationAdminJmxAutoConfiguration:
      Did not match:
         - @ConditionalOnBooleanProperty (spring.application.admin.enabled=true) did not find property 'spring.application.admin.enabled' (OnPropertyCondition)

   TaskExecutorConfigurations.AsyncConfigurerWrapperConfiguration:
      Did not match:
         - @ConditionalOnBean (types: org.springframework.scheduling.annotation.AsyncConfigurer; SearchStrategy: all) did not find any beans of type org.springframework.scheduling.annotation.AsyncConfigurer (OnBeanCondition)

   TaskExecutorConfigurations.SimpleAsyncTaskExecutorBuilderConfiguration#simpleAsyncTaskExecutorBuilderVirtualThreads:
      Did not match:
         - @ConditionalOnMissingBean (types: org.springframework.boot.task.SimpleAsyncTaskExecutorBuilder; SearchStrategy: all) found beans of type 'org.springframework.boot.task.SimpleAsyncTaskExecutorBuilder' simpleAsyncTaskExecutorBuilder (OnBeanCondition)

   TaskExecutorConfigurations.TaskExecutorConfiguration#applicationTaskExecutorVirtualThreads:
      Did not match:
         - @ConditionalOnThreading did not find VIRTUAL (OnThreadingCondition)

   TaskExecutorConfigurations.TaskExecutorContextPropagationConfiguration:
      Did not match:
         - @ConditionalOnClass did not find required class 'io.micrometer.context.ContextSnapshot' (OnClassCondition)

   TaskSchedulingConfigurations.SimpleAsyncTaskSchedulerBuilderConfiguration#simpleAsyncTaskSchedulerBuilderVirtualThreads:
      Did not match:
         - @ConditionalOnMissingBean (types: org.springframework.boot.task.SimpleAsyncTaskSchedulerBuilder; SearchStrategy: all) found beans of type 'org.springframework.boot.task.SimpleAsyncTaskSchedulerBuilder' simpleAsyncTaskSchedulerBuilder (OnBeanCondition)

   TomcatMetricsAutoConfiguration:
      Did not match:
         - @ConditionalOnClass did not find required class 'io.micrometer.core.instrument.binder.tomcat.TomcatMetrics' (OnClassCondition)

   TomcatReactiveManagementContextAutoConfiguration:
      Did not match:
         - @ConditionalOnClass did not find required class 'org.springframework.boot.actuate.autoconfigure.web.server.ManagementContextFactory' (OnClassCondition)

   TomcatReactiveWebServerAutoConfiguration:
      Did not match:
         - @ConditionalOnWebApplication did not find reactive web application classes (OnWebApplicationCondition)

   TomcatServletManagementContextAutoConfiguration:
      Did not match:
         - @ConditionalOnClass did not find required class 'org.springframework.boot.actuate.autoconfigure.web.server.ManagementContextFactory' (OnClassCondition)

   TomcatServletWebServerAutoConfiguration#tomcatForwardedHeaderFilterCustomizer:
      Did not match:
         - @ConditionalOnProperty (server.forward-headers-strategy=framework) did not find property 'server.forward-headers-strategy' (OnPropertyCondition)

   TomcatWebServerConfiguration#tomcatVirtualThreadsProtocolHandlerCustomizer:
      Did not match:
         - @ConditionalOnThreading did not find VIRTUAL (OnThreadingCondition)

   TransactionAutoConfiguration#transactionalOperator:
      Did not match:
         - @ConditionalOnSingleCandidate (types: org.springframework.transaction.ReactiveTransactionManager; SearchStrategy: all) did not find any beans (OnBeanCondition)

   TransactionAutoConfiguration.AspectJTransactionManagementConfiguration:
      Did not match:
         - @ConditionalOnBean (types: org.springframework.transaction.aspectj.AbstractTransactionAspect; SearchStrategy: all) did not find any beans of type org.springframework.transaction.aspectj.AbstractTransactionAspect (OnBeanCondition)

   TransactionAutoConfiguration.EnableTransactionManagementConfiguration.JdkDynamicAutoProxyConfiguration:
      Did not match:
         - @ConditionalOnBooleanProperty (spring.aop.proxy-target-class=false) did not find property 'spring.aop.proxy-target-class' (OnPropertyCondition)

   WebMvcAutoConfiguration#hiddenHttpMethodFilter:
      Did not match:
         - @ConditionalOnBooleanProperty (spring.mvc.hiddenmethod.filter.enabled=true) did not find property 'spring.mvc.hiddenmethod.filter.enabled' (OnPropertyCondition)

   WebMvcAutoConfiguration.ProblemDetailsErrorHandlingConfiguration:
      Did not match:
         - @ConditionalOnBooleanProperty (spring.mvc.problemdetails.enabled=true) did not find property 'spring.mvc.problemdetails.enabled' (OnPropertyCondition)

   WebMvcAutoConfiguration.ResourceChainCustomizerConfiguration:
      Did not match:
         - @ConditionalOnEnabledResourceChain did not find class org.webjars.WebJarVersionLocator (OnEnabledResourceChainCondition)

   WebMvcAutoConfiguration.WebMvcAutoConfigurationAdapter#beanNameViewResolver:
      Did not match:
         - @ConditionalOnMissingBean (types: org.springframework.web.servlet.view.BeanNameViewResolver; SearchStrategy: all) found beans of type 'org.springframework.web.servlet.view.BeanNameViewResolver' beanNameViewResolver (OnBeanCondition)

   WebMvcHealthEndpointExtensionAutoConfiguration:
      Did not match:
         - @ConditionalOnClass did not find required class 'org.springframework.boot.health.actuate.endpoint.HealthEndpoint' (OnClassCondition)

   WebMvcMappingsAutoConfiguration:
      Did not match:
         - @ConditionalOnClass did not find required class 'org.springframework.boot.actuate.autoconfigure.endpoint.condition.ConditionalOnAvailableEndpoint' (OnClassCondition)

   WebMvcObservationAutoConfiguration:
      Did not match:
         - @ConditionalOnClass did not find required class 'org.springframework.boot.micrometer.observation.autoconfigure.ObservationProperties' (OnClassCondition)

   XADataSourceAutoConfiguration:
      Did not match:
         - @ConditionalOnBean (types: org.springframework.boot.jdbc.XADataSourceWrapper; SearchStrategy: all) did not find any beans of type org.springframework.boot.jdbc.XADataSourceWrapper (OnBeanCondition)
      Matched:
         - @ConditionalOnClass found required classes 'javax.sql.DataSource', 'jakarta.transaction.TransactionManager', 'org.springframework.jdbc.datasource.embedded.EmbeddedDatabaseType' (OnClassCondition)


Exclusions:
-----------

    None


Unconditional classes:
----------------------

    org.springframework.boot.autoconfigure.context.ConfigurationPropertiesAutoConfiguration

    org.springframework.boot.autoconfigure.ssl.SslAutoConfiguration

    org.springframework.boot.autoconfigure.context.LifecycleAutoConfiguration

    org.springframework.boot.autoconfigure.context.PropertyPlaceholderAutoConfiguration

    org.springframework.boot.autoconfigure.availability.ApplicationAvailabilityAutoConfiguration

    org.springframework.boot.autoconfigure.info.ProjectInfoAutoConfiguration



2026-09-25T13:55:04.540+07:00  INFO 9912 --- [library_management] [           main] c.g.l.LibraryManagementApplication       : Started LibraryManagementApplication in 18.424 seconds (process running for 19.139)
2026-09-25T13:55:04.543+07:00 DEBUG 9912 --- [library_management] [           main] o.s.b.a.ApplicationAvailabilityBean      : Application availability state LivenessState changed to CORRECT
2026-09-25T13:55:04.552+07:00 DEBUG 9912 --- [library_management] [           main] o.s.b.a.ApplicationAvailabilityBean      : Application availability state ReadinessState changed to ACCEPTING_TRAFFIC
2026-09-25T13:55:04.695+07:00 DEBUG 9912 --- [library_management] [   scheduling-1] org.hibernate.SQL                        : select bas1_0.id,bas1_0.book_id,bas1_0.created_at,bas1_0.last_available_quantity,bas1_0.user_id from book_availability_subscriptions bas1_0
2026-09-25T13:55:04.749+07:00 DEBUG 9912 --- [library_management] [   scheduling-1] org.hibernate.SQL                        : select b1_0.id,b1_0.active,b1_0.average_rating,b1_0.borrow_fee,b1_0.category_id,b1_0.cover_image_url,b1_0.created_at,b1_0.description,b1_0.isbn,b1_0.publish_year,b1_0.publisher_id,b1_0.rating_count,b1_0.title,b1_0.updated_at,b1_0.version from books b1_0 where b1_0.id=?
2026-09-25T13:55:04.795+07:00 DEBUG 9912 --- [library_management] [   scheduling-1] org.hibernate.SQL                        : select u1_0.id,u1_0.active,u1_0.created_at,u1_0.email,u1_0.full_name,u1_0.password_hash,u1_0.phone,u1_0.role,u1_0.updated_at from users u1_0 where u1_0.id=?
2026-09-25T13:55:04.799+07:00 DEBUG 9912 --- [library_management] [   scheduling-1] org.hibernate.SQL                        : select b1_0.id,b1_0.active,b1_0.average_rating,b1_0.borrow_fee,b1_0.category_id,b1_0.cover_image_url,b1_0.created_at,b1_0.description,b1_0.isbn,b1_0.publish_year,b1_0.publisher_id,b1_0.rating_count,b1_0.title,b1_0.updated_at,b1_0.version from books b1_0 where b1_0.id=?
2026-09-25T13:55:04.806+07:00 DEBUG 9912 --- [library_management] [   scheduling-1] org.hibernate.SQL                        : select b1_0.id,b1_0.active,b1_0.average_rating,b1_0.borrow_fee,b1_0.category_id,b1_0.cover_image_url,b1_0.created_at,b1_0.description,b1_0.isbn,b1_0.publish_year,b1_0.publisher_id,b1_0.rating_count,b1_0.title,b1_0.updated_at,b1_0.version from books b1_0 where b1_0.id=?
2026-09-25T13:55:04.940+07:00 DEBUG 9912 --- [library_management] [   scheduling-1] org.hibernate.SQL                        : select count(bc1_0.id) from book_copies bc1_0 where bc1_0.book_id=? and bc1_0.status=?
2026-09-25T13:55:04.949+07:00 DEBUG 9912 --- [library_management] [   scheduling-1] org.hibernate.SQL                        : select count(bc1_0.id) from book_copies bc1_0 where bc1_0.book_id=? and bc1_0.status=?
2026-09-25T13:55:04.952+07:00 DEBUG 9912 --- [library_management] [   scheduling-1] org.hibernate.SQL                        : select count(bc1_0.id) from book_copies bc1_0 where bc1_0.book_id=? and bc1_0.status=?
2026-09-25T13:55:04.981+07:00  INFO 9912 --- [library_management] [0.0-8386-exec-3] o.a.c.c.C.[Tomcat].[localhost].[/]       : Initializing Spring DispatcherServlet 'dispatcherServlet'
2026-09-25T13:55:04.981+07:00  INFO 9912 --- [library_management] [0.0-8386-exec-3] o.s.web.servlet.DispatcherServlet        : Initializing Servlet 'dispatcherServlet'
2026-09-25T13:55:04.982+07:00 DEBUG 9912 --- [library_management] [0.0-8386-exec-3] o.s.web.servlet.DispatcherServlet        : Detected StandardServletMultipartResolver
2026-09-25T13:55:04.982+07:00 DEBUG 9912 --- [library_management] [0.0-8386-exec-3] o.s.web.servlet.DispatcherServlet        : Detected AcceptHeaderLocaleResolver
2026-09-25T13:55:04.985+07:00 DEBUG 9912 --- [library_management] [0.0-8386-exec-3] o.s.web.servlet.DispatcherServlet        : Detected org.springframework.web.servlet.view.DefaultRequestToViewNameTranslator@484c6de5
2026-09-25T13:55:04.986+07:00 DEBUG 9912 --- [library_management] [0.0-8386-exec-3] o.s.web.servlet.DispatcherServlet        : Detected org.springframework.web.servlet.support.SessionFlashMapManager@7b78a31e
2026-09-25T13:55:04.987+07:00 DEBUG 9912 --- [library_management] [0.0-8386-exec-3] o.s.web.servlet.DispatcherServlet        : enableLoggingRequestDetails='false': request parameters and headers will be masked to prevent unsafe logging of potentially sensitive data
2026-09-25T13:55:04.988+07:00  INFO 9912 --- [library_management] [0.0-8386-exec-3] o.s.web.servlet.DispatcherServlet        : Completed initialization in 5 ms
2026-09-25T13:55:04.991+07:00 DEBUG 9912 --- [library_management] [   scheduling-1] org.hibernate.SQL                        : select br1_0.id,br1_0.book_copy_id,bc1_0.id,bc1_0.acquired_date,bc1_0.barcode,bc1_0.book_id,b1_0.id,b1_0.active,b1_0.average_rating,b1_0.borrow_fee,b1_0.category_id,b1_0.cover_image_url,b1_0.created_at,b1_0.description,b1_0.isbn,b1_0.publish_year,b1_0.publisher_id,b1_0.rating_count,b1_0.title,b1_0.updated_at,b1_0.version,bc1_0.created_at,bc1_0.shelf_location,bc1_0.status,bc1_0.updated_at,bc1_0.version,br1_0.borrow_days,br1_0.borrow_fee,br1_0.borrowed_at,br1_0.cancelled_at,br1_0.created_at,br1_0.deposit_amount,br1_0.deposit_refunded_at,br1_0.due_at,br1_0.paid_amount,br1_0.paid_at,br1_0.payment_code,br1_0.payment_method,br1_0.pickup_location,br1_0.reference_code,br1_0.returned_at,br1_0.status,br1_0.total_amount,br1_0.updated_at,br1_0.user_id,u1_0.id,u1_0.active,u1_0.created_at,u1_0.email,u1_0.full_name,u1_0.password_hash,u1_0.phone,u1_0.role,u1_0.updated_at from borrow_records br1_0 join book_copies bc1_0 on bc1_0.id=br1_0.book_copy_id join books b1_0 on b1_0.id=bc1_0.book_id join users u1_0 on u1_0.id=br1_0.user_id where br1_0.status=? and br1_0.due_at between ? and ?
2026-09-25T13:55:05.010+07:00 DEBUG 9912 --- [library_management] [   scheduling-1] org.hibernate.SQL                        : select br1_0.id,br1_0.book_copy_id,bc1_0.id,bc1_0.acquired_date,bc1_0.barcode,bc1_0.book_id,b1_0.id,b1_0.active,b1_0.average_rating,b1_0.borrow_fee,b1_0.category_id,b1_0.cover_image_url,b1_0.created_at,b1_0.description,b1_0.isbn,b1_0.publish_year,b1_0.publisher_id,b1_0.rating_count,b1_0.title,b1_0.updated_at,b1_0.version,bc1_0.created_at,bc1_0.shelf_location,bc1_0.status,bc1_0.updated_at,bc1_0.version,br1_0.borrow_days,br1_0.borrow_fee,br1_0.borrowed_at,br1_0.cancelled_at,br1_0.created_at,br1_0.deposit_amount,br1_0.deposit_refunded_at,br1_0.due_at,br1_0.paid_amount,br1_0.paid_at,br1_0.payment_code,br1_0.payment_method,br1_0.pickup_location,br1_0.reference_code,br1_0.returned_at,br1_0.status,br1_0.total_amount,br1_0.updated_at,br1_0.user_id,u1_0.id,u1_0.active,u1_0.created_at,u1_0.email,u1_0.full_name,u1_0.password_hash,u1_0.phone,u1_0.role,u1_0.updated_at from borrow_records br1_0 join book_copies bc1_0 on bc1_0.id=br1_0.book_copy_id join books b1_0 on b1_0.id=bc1_0.book_id join users u1_0 on u1_0.id=br1_0.user_id where br1_0.status in (?,?) and br1_0.due_at<?
2026-09-25T13:55:19.969+07:00 DEBUG 9912 --- [library_management] [   scheduling-1] org.hibernate.SQL                        : select bas1_0.id,bas1_0.book_id,bas1_0.created_at,bas1_0.last_available_quantity,bas1_0.user_id from book_availability_subscriptions bas1_0
2026-09-25T13:55:19.972+07:00 DEBUG 9912 --- [library_management] [   scheduling-1] org.hibernate.SQL                        : select b1_0.id,b1_0.active,b1_0.average_rating,b1_0.borrow_fee,b1_0.category_id,b1_0.cover_image_url,b1_0.created_at,b1_0.description,b1_0.isbn,b1_0.publish_year,b1_0.publisher_id,b1_0.rating_count,b1_0.title,b1_0.updated_at,b1_0.version from books b1_0 where b1_0.id=?
2026-09-25T13:55:19.974+07:00 DEBUG 9912 --- [library_management] [   scheduling-1] org.hibernate.SQL                        : select u1_0.id,u1_0.active,u1_0.created_at,u1_0.email,u1_0.full_name,u1_0.password_hash,u1_0.phone,u1_0.role,u1_0.updated_at from users u1_0 where u1_0.id=?
2026-09-25T13:55:19.977+07:00 DEBUG 9912 --- [library_management] [   scheduling-1] org.hibernate.SQL                        : select b1_0.id,b1_0.active,b1_0.average_rating,b1_0.borrow_fee,b1_0.category_id,b1_0.cover_image_url,b1_0.created_at,b1_0.description,b1_0.isbn,b1_0.publish_year,b1_0.publisher_id,b1_0.rating_count,b1_0.title,b1_0.updated_at,b1_0.version from books b1_0 where b1_0.id=?
2026-09-25T13:55:19.981+07:00 DEBUG 9912 --- [library_management] [   scheduling-1] org.hibernate.SQL                        : select b1_0.id,b1_0.active,b1_0.average_rating,b1_0.borrow_fee,b1_0.category_id,b1_0.cover_image_url,b1_0.created_at,b1_0.description,b1_0.isbn,b1_0.publish_year,b1_0.publisher_id,b1_0.rating_count,b1_0.title,b1_0.updated_at,b1_0.version from books b1_0 where b1_0.id=?
2026-09-25T13:55:19.985+07:00 DEBUG 9912 --- [library_management] [   scheduling-1] org.hibernate.SQL                        : select count(bc1_0.id) from book_copies bc1_0 where bc1_0.book_id=? and bc1_0.status=?
2026-09-25T13:55:19.988+07:00 DEBUG 9912 --- [library_management] [   scheduling-1] org.hibernate.SQL                        : select count(bc1_0.id) from book_copies bc1_0 where bc1_0.book_id=? and bc1_0.status=?
2026-09-25T13:55:19.991+07:00 DEBUG 9912 --- [library_management] [   scheduling-1] org.hibernate.SQL                        : select count(bc1_0.id) from book_copies bc1_0 where bc1_0.book_id=? and bc1_0.status=?
2026-09-25T13:55:35.000+07:00 DEBUG 9912 --- [library_management] [   scheduling-1] org.hibernate.SQL                        : select bas1_0.id,bas1_0.book_id,bas1_0.created_at,bas1_0.last_available_quantity,bas1_0.user_id from book_availability_subscriptions bas1_0
2026-09-25T13:55:35.003+07:00 DEBUG 9912 --- [library_management] [   scheduling-1] org.hibernate.SQL                        : select b1_0.id,b1_0.active,b1_0.average_rating,b1_0.borrow_fee,b1_0.category_id,b1_0.cover_image_url,b1_0.created_at,b1_0.description,b1_0.isbn,b1_0.publish_year,b1_0.publisher_id,b1_0.rating_count,b1_0.title,b1_0.updated_at,b1_0.version from books b1_0 where b1_0.id=?
2026-09-25T13:55:35.005+07:00 DEBUG 9912 --- [library_management] [   scheduling-1] org.hibernate.SQL                        : select u1_0.id,u1_0.active,u1_0.created_at,u1_0.email,u1_0.full_name,u1_0.password_hash,u1_0.phone,u1_0.role,u1_0.updated_at from users u1_0 where u1_0.id=?
2026-09-25T13:55:35.007+07:00 DEBUG 9912 --- [library_management] [   scheduling-1] org.hibernate.SQL                        : select b1_0.id,b1_0.active,b1_0.average_rating,b1_0.borrow_fee,b1_0.category_id,b1_0.cover_image_url,b1_0.created_at,b1_0.description,b1_0.isbn,b1_0.publish_year,b1_0.publisher_id,b1_0.rating_count,b1_0.title,b1_0.updated_at,b1_0.version from books b1_0 where b1_0.id=?
2026-09-25T13:55:35.008+07:00 DEBUG 9912 --- [library_management] [   scheduling-1] org.hibernate.SQL                        : select b1_0.id,b1_0.active,b1_0.average_rating,b1_0.borrow_fee,b1_0.category_id,b1_0.cover_image_url,b1_0.created_at,b1_0.description,b1_0.isbn,b1_0.publish_year,b1_0.publisher_id,b1_0.rating_count,b1_0.title,b1_0.updated_at,b1_0.version from books b1_0 where b1_0.id=?
2026-09-25T13:55:35.010+07:00 DEBUG 9912 --- [library_management] [   scheduling-1] org.hibernate.SQL                        : select count(bc1_0.id) from book_copies bc1_0 where bc1_0.book_id=? and bc1_0.status=?
2026-09-25T13:55:35.012+07:00 DEBUG 9912 --- [library_management] [   scheduling-1] org.hibernate.SQL                        : select count(bc1_0.id) from book_copies bc1_0 where bc1_0.book_id=? and bc1_0.status=?
2026-09-25T13:55:35.014+07:00 DEBUG 9912 --- [library_management] [   scheduling-1] org.hibernate.SQL                        : select count(bc1_0.id) from book_copies bc1_0 where bc1_0.book_id=? and bc1_0.status=?
2026-09-25T13:55:50.019+07:00 DEBUG 9912 --- [library_management] [   scheduling-1] org.hibernate.SQL                        : select bas1_0.id,bas1_0.book_id,bas1_0.created_at,bas1_0.last_available_quantity,bas1_0.user_id from book_availability_subscriptions bas1_0
2026-09-25T13:55:50.022+07:00 DEBUG 9912 --- [library_management] [   scheduling-1] org.hibernate.SQL                        : select b1_0.id,b1_0.active,b1_0.average_rating,b1_0.borrow_fee,b1_0.category_id,b1_0.cover_image_url,b1_0.created_at,b1_0.description,b1_0.isbn,b1_0.publish_year,b1_0.publisher_id,b1_0.rating_count,b1_0.title,b1_0.updated_at,b1_0.version from books b1_0 where b1_0.id=?
2026-09-25T13:55:50.024+07:00 DEBUG 9912 --- [library_management] [   scheduling-1] org.hibernate.SQL                        : select u1_0.id,u1_0.active,u1_0.created_at,u1_0.email,u1_0.full_name,u1_0.password_hash,u1_0.phone,u1_0.role,u1_0.updated_at from users u1_0 where u1_0.id=?
2026-09-25T13:55:50.025+07:00 DEBUG 9912 --- [library_management] [   scheduling-1] org.hibernate.SQL                        : select b1_0.id,b1_0.active,b1_0.average_rating,b1_0.borrow_fee,b1_0.category_id,b1_0.cover_image_url,b1_0.created_at,b1_0.description,b1_0.isbn,b1_0.publish_year,b1_0.publisher_id,b1_0.rating_count,b1_0.title,b1_0.updated_at,b1_0.version from books b1_0 where b1_0.id=?
2026-09-25T13:55:50.027+07:00 DEBUG 9912 --- [library_management] [   scheduling-1] org.hibernate.SQL                        : select b1_0.id,b1_0.active,b1_0.average_rating,b1_0.borrow_fee,b1_0.category_id,b1_0.cover_image_url,b1_0.created_at,b1_0.description,b1_0.isbn,b1_0.publish_year,b1_0.publisher_id,b1_0.rating_count,b1_0.title,b1_0.updated_at,b1_0.version from books b1_0 where b1_0.id=?
2026-09-25T13:55:50.030+07:00 DEBUG 9912 --- [library_management] [   scheduling-1] org.hibernate.SQL                        : select count(bc1_0.id) from book_copies bc1_0 where bc1_0.book_id=? and bc1_0.status=?
2026-09-25T13:55:50.032+07:00 DEBUG 9912 --- [library_management] [   scheduling-1] org.hibernate.SQL                        : select count(bc1_0.id) from book_copies bc1_0 where bc1_0.book_id=? and bc1_0.status=?
2026-09-25T13:55:50.033+07:00 DEBUG 9912 --- [library_management] [   scheduling-1] org.hibernate.SQL                        : select count(bc1_0.id) from book_copies bc1_0 where bc1_0.book_id=? and bc1_0.status=?
2026-09-25T13:56:05.021+07:00 DEBUG 9912 --- [library_management] [   scheduling-1] org.hibernate.SQL                        : select br1_0.id,br1_0.book_copy_id,bc1_0.id,bc1_0.acquired_date,bc1_0.barcode,bc1_0.book_id,b1_0.id,b1_0.active,b1_0.average_rating,b1_0.borrow_fee,b1_0.category_id,b1_0.cover_image_url,b1_0.created_at,b1_0.description,b1_0.isbn,b1_0.publish_year,b1_0.publisher_id,b1_0.rating_count,b1_0.title,b1_0.updated_at,b1_0.version,bc1_0.created_at,bc1_0.shelf_location,bc1_0.status,bc1_0.updated_at,bc1_0.version,br1_0.borrow_days,br1_0.borrow_fee,br1_0.borrowed_at,br1_0.cancelled_at,br1_0.created_at,br1_0.deposit_amount,br1_0.deposit_refunded_at,br1_0.due_at,br1_0.paid_amount,br1_0.paid_at,br1_0.payment_code,br1_0.payment_method,br1_0.pickup_location,br1_0.reference_code,br1_0.returned_at,br1_0.status,br1_0.total_amount,br1_0.updated_at,br1_0.user_id,u1_0.id,u1_0.active,u1_0.created_at,u1_0.email,u1_0.full_name,u1_0.password_hash,u1_0.phone,u1_0.role,u1_0.updated_at from borrow_records br1_0 join book_copies bc1_0 on bc1_0.id=br1_0.book_copy_id join books b1_0 on b1_0.id=bc1_0.book_id join users u1_0 on u1_0.id=br1_0.user_id where br1_0.status=? and br1_0.due_at between ? and ?
2026-09-25T13:56:05.029+07:00 DEBUG 9912 --- [library_management] [   scheduling-1] org.hibernate.SQL                        : select br1_0.id,br1_0.book_copy_id,bc1_0.id,bc1_0.acquired_date,bc1_0.barcode,bc1_0.book_id,b1_0.id,b1_0.active,b1_0.average_rating,b1_0.borrow_fee,b1_0.category_id,b1_0.cover_image_url,b1_0.created_at,b1_0.description,b1_0.isbn,b1_0.publish_year,b1_0.publisher_id,b1_0.rating_count,b1_0.title,b1_0.updated_at,b1_0.version,bc1_0.created_at,bc1_0.shelf_location,bc1_0.status,bc1_0.updated_at,bc1_0.version,br1_0.borrow_days,br1_0.borrow_fee,br1_0.borrowed_at,br1_0.cancelled_at,br1_0.created_at,br1_0.deposit_amount,br1_0.deposit_refunded_at,br1_0.due_at,br1_0.paid_amount,br1_0.paid_at,br1_0.payment_code,br1_0.payment_method,br1_0.pickup_location,br1_0.reference_code,br1_0.returned_at,br1_0.status,br1_0.total_amount,br1_0.updated_at,br1_0.user_id,u1_0.id,u1_0.active,u1_0.created_at,u1_0.email,u1_0.full_name,u1_0.password_hash,u1_0.phone,u1_0.role,u1_0.updated_at from borrow_records br1_0 join book_copies bc1_0 on bc1_0.id=br1_0.book_copy_id join books b1_0 on b1_0.id=bc1_0.book_id join users u1_0 on u1_0.id=br1_0.user_id where br1_0.status in (?,?) and br1_0.due_at<?
2026-09-25T13:56:05.042+07:00 DEBUG 9912 --- [library_management] [   scheduling-1] org.hibernate.SQL                        : select bas1_0.id,bas1_0.book_id,bas1_0.created_at,bas1_0.last_available_quantity,bas1_0.user_id from book_availability_subscriptions bas1_0
2026-09-25T13:56:05.043+07:00 DEBUG 9912 --- [library_management] [   scheduling-1] org.hibernate.SQL                        : select b1_0.id,b1_0.active,b1_0.average_rating,b1_0.borrow_fee,b1_0.category_id,b1_0.cover_image_url,b1_0.created_at,b1_0.description,b1_0.isbn,b1_0.publish_year,b1_0.publisher_id,b1_0.rating_count,b1_0.title,b1_0.updated_at,b1_0.version from books b1_0 where b1_0.id=?
2026-09-25T13:56:05.046+07:00 DEBUG 9912 --- [library_management] [   scheduling-1] org.hibernate.SQL                        : select u1_0.id,u1_0.active,u1_0.created_at,u1_0.email,u1_0.full_name,u1_0.password_hash,u1_0.phone,u1_0.role,u1_0.updated_at from users u1_0 where u1_0.id=?
2026-09-25T13:56:05.048+07:00 DEBUG 9912 --- [library_management] [   scheduling-1] org.hibernate.SQL                        : select b1_0.id,b1_0.active,b1_0.average_rating,b1_0.borrow_fee,b1_0.category_id,b1_0.cover_image_url,b1_0.created_at,b1_0.description,b1_0.isbn,b1_0.publish_year,b1_0.publisher_id,b1_0.rating_count,b1_0.title,b1_0.updated_at,b1_0.version from books b1_0 where b1_0.id=?
2026-09-25T13:56:05.051+07:00 DEBUG 9912 --- [library_management] [   scheduling-1] org.hibernate.SQL                        : select b1_0.id,b1_0.active,b1_0.average_rating,b1_0.borrow_fee,b1_0.category_id,b1_0.cover_image_url,b1_0.created_at,b1_0.description,b1_0.isbn,b1_0.publish_year,b1_0.publisher_id,b1_0.rating_count,b1_0.title,b1_0.updated_at,b1_0.version from books b1_0 where b1_0.id=?
2026-09-25T13:56:05.056+07:00 DEBUG 9912 --- [library_management] [   scheduling-1] org.hibernate.SQL                        : select count(bc1_0.id) from book_copies bc1_0 where bc1_0.book_id=? and bc1_0.status=?
2026-09-25T13:56:05.061+07:00 DEBUG 9912 --- [library_management] [   scheduling-1] org.hibernate.SQL                        : select count(bc1_0.id) from book_copies bc1_0 where bc1_0.book_id=? and bc1_0.status=?
2026-09-25T13:56:05.063+07:00 DEBUG 9912 --- [library_management] [   scheduling-1] org.hibernate.SQL                        : select count(bc1_0.id) from book_copies bc1_0 where bc1_0.book_id=? and bc1_0.status=?
2026-09-25T13:56:20.073+07:00 DEBUG 9912 --- [library_management] [   scheduling-1] org.hibernate.SQL                        : select bas1_0.id,bas1_0.book_id,bas1_0.created_at,bas1_0.last_available_quantity,bas1_0.user_id from book_availability_subscriptions bas1_0
2026-09-25T13:56:20.075+07:00 DEBUG 9912 --- [library_management] [   scheduling-1] org.hibernate.SQL                        : select b1_0.id,b1_0.active,b1_0.average_rating,b1_0.borrow_fee,b1_0.category_id,b1_0.cover_image_url,b1_0.created_at,b1_0.description,b1_0.isbn,b1_0.publish_year,b1_0.publisher_id,b1_0.rating_count,b1_0.title,b1_0.updated_at,b1_0.version from books b1_0 where b1_0.id=?
2026-09-25T13:56:20.078+07:00 DEBUG 9912 --- [library_management] [   scheduling-1] org.hibernate.SQL                        : select u1_0.id,u1_0.active,u1_0.created_at,u1_0.email,u1_0.full_name,u1_0.password_hash,u1_0.phone,u1_0.role,u1_0.updated_at from users u1_0 where u1_0.id=?
2026-09-25T13:56:20.081+07:00 DEBUG 9912 --- [library_management] [   scheduling-1] org.hibernate.SQL                        : select b1_0.id,b1_0.active,b1_0.average_rating,b1_0.borrow_fee,b1_0.category_id,b1_0.cover_image_url,b1_0.created_at,b1_0.description,b1_0.isbn,b1_0.publish_year,b1_0.publisher_id,b1_0.rating_count,b1_0.title,b1_0.updated_at,b1_0.version from books b1_0 where b1_0.id=?
2026-09-25T13:56:20.085+07:00 DEBUG 9912 --- [library_management] [   scheduling-1] org.hibernate.SQL                        : select b1_0.id,b1_0.active,b1_0.average_rating,b1_0.borrow_fee,b1_0.category_id,b1_0.cover_image_url,b1_0.created_at,b1_0.description,b1_0.isbn,b1_0.publish_year,b1_0.publisher_id,b1_0.rating_count,b1_0.title,b1_0.updated_at,b1_0.version from books b1_0 where b1_0.id=?
2026-09-25T13:56:20.091+07:00 DEBUG 9912 --- [library_management] [   scheduling-1] org.hibernate.SQL                        : select count(bc1_0.id) from book_copies bc1_0 where bc1_0.book_id=? and bc1_0.status=?
2026-09-25T13:56:20.098+07:00 DEBUG 9912 --- [library_management] [   scheduling-1] org.hibernate.SQL                        : select count(bc1_0.id) from book_copies bc1_0 where bc1_0.book_id=? and bc1_0.status=?
2026-09-25T13:56:20.101+07:00 DEBUG 9912 --- [library_management] [   scheduling-1] org.hibernate.SQL                        : select count(bc1_0.id) from book_copies bc1_0 where bc1_0.book_id=? and bc1_0.status=?
2026-09-25T13:56:35.112+07:00 DEBUG 9912 --- [library_management] [   scheduling-1] org.hibernate.SQL                        : select bas1_0.id,bas1_0.book_id,bas1_0.created_at,bas1_0.last_available_quantity,bas1_0.user_id from book_availability_subscriptions bas1_0
2026-09-25T13:56:35.116+07:00 DEBUG 9912 --- [library_management] [   scheduling-1] org.hibernate.SQL                        : select b1_0.id,b1_0.active,b1_0.average_rating,b1_0.borrow_fee,b1_0.category_id,b1_0.cover_image_url,b1_0.created_at,b1_0.description,b1_0.isbn,b1_0.publish_year,b1_0.publisher_id,b1_0.rating_count,b1_0.title,b1_0.updated_at,b1_0.version from books b1_0 where b1_0.id=?
2026-09-25T13:56:35.118+07:00 DEBUG 9912 --- [library_management] [   scheduling-1] org.hibernate.SQL                        : select u1_0.id,u1_0.active,u1_0.created_at,u1_0.email,u1_0.full_name,u1_0.password_hash,u1_0.phone,u1_0.role,u1_0.updated_at from users u1_0 where u1_0.id=?
2026-09-25T13:56:35.120+07:00 DEBUG 9912 --- [library_management] [   scheduling-1] org.hibernate.SQL                        : select b1_0.id,b1_0.active,b1_0.average_rating,b1_0.borrow_fee,b1_0.category_id,b1_0.cover_image_url,b1_0.created_at,b1_0.description,b1_0.isbn,b1_0.publish_year,b1_0.publisher_id,b1_0.rating_count,b1_0.title,b1_0.updated_at,b1_0.version from books b1_0 where b1_0.id=?
2026-09-25T13:56:35.123+07:00 DEBUG 9912 --- [library_management] [   scheduling-1] org.hibernate.SQL                        : select b1_0.id,b1_0.active,b1_0.average_rating,b1_0.borrow_fee,b1_0.category_id,b1_0.cover_image_url,b1_0.created_at,b1_0.description,b1_0.isbn,b1_0.publish_year,b1_0.publisher_id,b1_0.rating_count,b1_0.title,b1_0.updated_at,b1_0.version from books b1_0 where b1_0.id=?
2026-09-25T13:56:35.127+07:00 DEBUG 9912 --- [library_management] [   scheduling-1] org.hibernate.SQL                        : select count(bc1_0.id) from book_copies bc1_0 where bc1_0.book_id=? and bc1_0.status=?
2026-09-25T13:56:35.131+07:00 DEBUG 9912 --- [library_management] [   scheduling-1] org.hibernate.SQL                        : select count(bc1_0.id) from book_copies bc1_0 where bc1_0.book_id=? and bc1_0.status=?
2026-09-25T13:56:35.134+07:00 DEBUG 9912 --- [library_management] [   scheduling-1] org.hibernate.SQL                        : select count(bc1_0.id) from book_copies bc1_0 where bc1_0.book_id=? and bc1_0.status=?
2026-09-25T13:56:50.141+07:00 DEBUG 9912 --- [library_management] [   scheduling-1] org.hibernate.SQL                        : select bas1_0.id,bas1_0.book_id,bas1_0.created_at,bas1_0.last_available_quantity,bas1_0.user_id from book_availability_subscriptions bas1_0
2026-09-25T13:56:50.143+07:00 DEBUG 9912 --- [library_management] [   scheduling-1] org.hibernate.SQL                        : select b1_0.id,b1_0.active,b1_0.average_rating,b1_0.borrow_fee,b1_0.category_id,b1_0.cover_image_url,b1_0.created_at,b1_0.description,b1_0.isbn,b1_0.publish_year,b1_0.publisher_id,b1_0.rating_count,b1_0.title,b1_0.updated_at,b1_0.version from books b1_0 where b1_0.id=?
2026-09-25T13:56:50.144+07:00 DEBUG 9912 --- [library_management] [   scheduling-1] org.hibernate.SQL                        : select u1_0.id,u1_0.active,u1_0.created_at,u1_0.email,u1_0.full_name,u1_0.password_hash,u1_0.phone,u1_0.role,u1_0.updated_at from users u1_0 where u1_0.id=?
2026-09-25T13:56:50.145+07:00 DEBUG 9912 --- [library_management] [   scheduling-1] org.hibernate.SQL                        : select b1_0.id,b1_0.active,b1_0.average_rating,b1_0.borrow_fee,b1_0.category_id,b1_0.cover_image_url,b1_0.created_at,b1_0.description,b1_0.isbn,b1_0.publish_year,b1_0.publisher_id,b1_0.rating_count,b1_0.title,b1_0.updated_at,b1_0.version from books b1_0 where b1_0.id=?
2026-09-25T13:56:50.147+07:00 DEBUG 9912 --- [library_management] [   scheduling-1] org.hibernate.SQL                        : select b1_0.id,b1_0.active,b1_0.average_rating,b1_0.borrow_fee,b1_0.category_id,b1_0.cover_image_url,b1_0.created_at,b1_0.description,b1_0.isbn,b1_0.publish_year,b1_0.publisher_id,b1_0.rating_count,b1_0.title,b1_0.updated_at,b1_0.version from books b1_0 where b1_0.id=?
2026-09-25T13:56:50.150+07:00 DEBUG 9912 --- [library_management] [   scheduling-1] org.hibernate.SQL                        : select count(bc1_0.id) from book_copies bc1_0 where bc1_0.book_id=? and bc1_0.status=?
2026-09-25T13:56:50.152+07:00 DEBUG 9912 --- [library_management] [   scheduling-1] org.hibernate.SQL                        : select count(bc1_0.id) from book_copies bc1_0 where bc1_0.book_id=? and bc1_0.status=?
2026-09-25T13:56:50.153+07:00 DEBUG 9912 --- [library_management] [   scheduling-1] org.hibernate.SQL                        : select count(bc1_0.id) from book_copies bc1_0 where bc1_0.book_id=? and bc1_0.status=?
2026-09-25T13:57:05.040+07:00 DEBUG 9912 --- [library_management] [   scheduling-1] org.hibernate.SQL                        : select br1_0.id,br1_0.book_copy_id,bc1_0.id,bc1_0.acquired_date,bc1_0.barcode,bc1_0.book_id,b1_0.id,b1_0.active,b1_0.average_rating,b1_0.borrow_fee,b1_0.category_id,b1_0.cover_image_url,b1_0.created_at,b1_0.description,b1_0.isbn,b1_0.publish_year,b1_0.publisher_id,b1_0.rating_count,b1_0.title,b1_0.updated_at,b1_0.version,bc1_0.created_at,bc1_0.shelf_location,bc1_0.status,bc1_0.updated_at,bc1_0.version,br1_0.borrow_days,br1_0.borrow_fee,br1_0.borrowed_at,br1_0.cancelled_at,br1_0.created_at,br1_0.deposit_amount,br1_0.deposit_refunded_at,br1_0.due_at,br1_0.paid_amount,br1_0.paid_at,br1_0.payment_code,br1_0.payment_method,br1_0.pickup_location,br1_0.reference_code,br1_0.returned_at,br1_0.status,br1_0.total_amount,br1_0.updated_at,br1_0.user_id,u1_0.id,u1_0.active,u1_0.created_at,u1_0.email,u1_0.full_name,u1_0.password_hash,u1_0.phone,u1_0.role,u1_0.updated_at from borrow_records br1_0 join book_copies bc1_0 on bc1_0.id=br1_0.book_copy_id join books b1_0 on b1_0.id=bc1_0.book_id join users u1_0 on u1_0.id=br1_0.user_id where br1_0.status=? and br1_0.due_at between ? and ?
2026-09-25T13:57:05.048+07:00 DEBUG 9912 --- [library_management] [   scheduling-1] org.hibernate.SQL                        : select br1_0.id,br1_0.book_copy_id,bc1_0.id,bc1_0.acquired_date,bc1_0.barcode,bc1_0.book_id,b1_0.id,b1_0.active,b1_0.average_rating,b1_0.borrow_fee,b1_0.category_id,b1_0.cover_image_url,b1_0.created_at,b1_0.description,b1_0.isbn,b1_0.publish_year,b1_0.publisher_id,b1_0.rating_count,b1_0.title,b1_0.updated_at,b1_0.version,bc1_0.created_at,bc1_0.shelf_location,bc1_0.status,bc1_0.updated_at,bc1_0.version,br1_0.borrow_days,br1_0.borrow_fee,br1_0.borrowed_at,br1_0.cancelled_at,br1_0.created_at,br1_0.deposit_amount,br1_0.deposit_refunded_at,br1_0.due_at,br1_0.paid_amount,br1_0.paid_at,br1_0.payment_code,br1_0.payment_method,br1_0.pickup_location,br1_0.reference_code,br1_0.returned_at,br1_0.status,br1_0.total_amount,br1_0.updated_at,br1_0.user_id,u1_0.id,u1_0.active,u1_0.created_at,u1_0.email,u1_0.full_name,u1_0.password_hash,u1_0.phone,u1_0.role,u1_0.updated_at from borrow_records br1_0 join book_copies bc1_0 on bc1_0.id=br1_0.book_copy_id join books b1_0 on b1_0.id=bc1_0.book_id join users u1_0 on u1_0.id=br1_0.user_id where br1_0.status in (?,?) and br1_0.due_at<?
2026-09-25T13:57:05.160+07:00 DEBUG 9912 --- [library_management] [   scheduling-1] org.hibernate.SQL                        : select bas1_0.id,bas1_0.book_id,bas1_0.created_at,bas1_0.last_available_quantity,bas1_0.user_id from book_availability_subscriptions bas1_0
2026-09-25T13:57:05.162+07:00 DEBUG 9912 --- [library_management] [   scheduling-1] org.hibernate.SQL                        : select b1_0.id,b1_0.active,b1_0.average_rating,b1_0.borrow_fee,b1_0.category_id,b1_0.cover_image_url,b1_0.created_at,b1_0.description,b1_0.isbn,b1_0.publish_year,b1_0.publisher_id,b1_0.rating_count,b1_0.title,b1_0.updated_at,b1_0.version from books b1_0 where b1_0.id=?
2026-09-25T13:57:05.165+07:00 DEBUG 9912 --- [library_management] [   scheduling-1] org.hibernate.SQL                        : select u1_0.id,u1_0.active,u1_0.created_at,u1_0.email,u1_0.full_name,u1_0.password_hash,u1_0.phone,u1_0.role,u1_0.updated_at from users u1_0 where u1_0.id=?
2026-09-25T13:57:05.167+07:00 DEBUG 9912 --- [library_management] [   scheduling-1] org.hibernate.SQL                        : select b1_0.id,b1_0.active,b1_0.average_rating,b1_0.borrow_fee,b1_0.category_id,b1_0.cover_image_url,b1_0.created_at,b1_0.description,b1_0.isbn,b1_0.publish_year,b1_0.publisher_id,b1_0.rating_count,b1_0.title,b1_0.updated_at,b1_0.version from books b1_0 where b1_0.id=?
2026-09-25T13:57:05.170+07:00 DEBUG 9912 --- [library_management] [   scheduling-1] org.hibernate.SQL                        : select b1_0.id,b1_0.active,b1_0.average_rating,b1_0.borrow_fee,b1_0.category_id,b1_0.cover_image_url,b1_0.created_at,b1_0.description,b1_0.isbn,b1_0.publish_year,b1_0.publisher_id,b1_0.rating_count,b1_0.title,b1_0.updated_at,b1_0.version from books b1_0 where b1_0.id=?
2026-09-25T13:57:05.174+07:00 DEBUG 9912 --- [library_management] [   scheduling-1] org.hibernate.SQL                        : select count(bc1_0.id) from book_copies bc1_0 where bc1_0.book_id=? and bc1_0.status=?
2026-09-25T13:57:05.177+07:00 DEBUG 9912 --- [library_management] [   scheduling-1] org.hibernate.SQL                        : select count(bc1_0.id) from book_copies bc1_0 where bc1_0.book_id=? and bc1_0.status=?
2026-09-25T13:57:05.181+07:00 DEBUG 9912 --- [library_management] [   scheduling-1] org.hibernate.SQL                        : select count(bc1_0.id) from book_copies bc1_0 where bc1_0.book_id=? and bc1_0.status=?
2026-09-25T13:57:20.185+07:00 DEBUG 9912 --- [library_management] [   scheduling-1] org.hibernate.SQL                        : select bas1_0.id,bas1_0.book_id,bas1_0.created_at,bas1_0.last_available_quantity,bas1_0.user_id from book_availability_subscriptions bas1_0
2026-09-25T13:57:20.203+07:00 DEBUG 9912 --- [library_management] [   scheduling-1] org.hibernate.SQL                        : select b1_0.id,b1_0.active,b1_0.average_rating,b1_0.borrow_fee,b1_0.category_id,b1_0.cover_image_url,b1_0.created_at,b1_0.description,b1_0.isbn,b1_0.publish_year,b1_0.publisher_id,b1_0.rating_count,b1_0.title,b1_0.updated_at,b1_0.version from books b1_0 where b1_0.id=?
2026-09-25T13:57:20.205+07:00 DEBUG 9912 --- [library_management] [   scheduling-1] org.hibernate.SQL                        : select u1_0.id,u1_0.active,u1_0.created_at,u1_0.email,u1_0.full_name,u1_0.password_hash,u1_0.phone,u1_0.role,u1_0.updated_at from users u1_0 where u1_0.id=?
2026-09-25T13:57:20.207+07:00 DEBUG 9912 --- [library_management] [   scheduling-1] org.hibernate.SQL                        : select b1_0.id,b1_0.active,b1_0.average_rating,b1_0.borrow_fee,b1_0.category_id,b1_0.cover_image_url,b1_0.created_at,b1_0.description,b1_0.isbn,b1_0.publish_year,b1_0.publisher_id,b1_0.rating_count,b1_0.title,b1_0.updated_at,b1_0.version from books b1_0 where b1_0.id=?
2026-09-25T13:57:20.210+07:00 DEBUG 9912 --- [library_management] [   scheduling-1] org.hibernate.SQL                        : select b1_0.id,b1_0.active,b1_0.average_rating,b1_0.borrow_fee,b1_0.category_id,b1_0.cover_image_url,b1_0.created_at,b1_0.description,b1_0.isbn,b1_0.publish_year,b1_0.publisher_id,b1_0.rating_count,b1_0.title,b1_0.updated_at,b1_0.version from books b1_0 where b1_0.id=?
2026-09-25T13:57:20.212+07:00 DEBUG 9912 --- [library_management] [   scheduling-1] org.hibernate.SQL                        : select count(bc1_0.id) from book_copies bc1_0 where bc1_0.book_id=? and bc1_0.status=?
2026-09-25T13:57:20.214+07:00 DEBUG 9912 --- [library_management] [   scheduling-1] org.hibernate.SQL                        : select count(bc1_0.id) from book_copies bc1_0 where bc1_0.book_id=? and bc1_0.status=?
2026-09-25T13:57:20.216+07:00 DEBUG 9912 --- [library_management] [   scheduling-1] org.hibernate.SQL                        : select count(bc1_0.id) from book_copies bc1_0 where bc1_0.book_id=? and bc1_0.status=?
2026-09-25T13:57:35.222+07:00 DEBUG 9912 --- [library_management] [   scheduling-1] org.hibernate.SQL                        : select bas1_0.id,bas1_0.book_id,bas1_0.created_at,bas1_0.last_available_quantity,bas1_0.user_id from book_availability_subscriptions bas1_0
2026-09-25T13:57:35.225+07:00 DEBUG 9912 --- [library_management] [   scheduling-1] org.hibernate.SQL                        : select b1_0.id,b1_0.active,b1_0.average_rating,b1_0.borrow_fee,b1_0.category_id,b1_0.cover_image_url,b1_0.created_at,b1_0.description,b1_0.isbn,b1_0.publish_year,b1_0.publisher_id,b1_0.rating_count,b1_0.title,b1_0.updated_at,b1_0.version from books b1_0 where b1_0.id=?
2026-09-25T13:57:35.227+07:00 DEBUG 9912 --- [library_management] [   scheduling-1] org.hibernate.SQL                        : select u1_0.id,u1_0.active,u1_0.created_at,u1_0.email,u1_0.full_name,u1_0.password_hash,u1_0.phone,u1_0.role,u1_0.updated_at from users u1_0 where u1_0.id=?
2026-09-25T13:57:35.229+07:00 DEBUG 9912 --- [library_management] [   scheduling-1] org.hibernate.SQL                        : select b1_0.id,b1_0.active,b1_0.average_rating,b1_0.borrow_fee,b1_0.category_id,b1_0.cover_image_url,b1_0.created_at,b1_0.description,b1_0.isbn,b1_0.publish_year,b1_0.publisher_id,b1_0.rating_count,b1_0.title,b1_0.updated_at,b1_0.version from books b1_0 where b1_0.id=?
2026-09-25T13:57:35.230+07:00 DEBUG 9912 --- [library_management] [   scheduling-1] org.hibernate.SQL                        : select b1_0.id,b1_0.active,b1_0.average_rating,b1_0.borrow_fee,b1_0.category_id,b1_0.cover_image_url,b1_0.created_at,b1_0.description,b1_0.isbn,b1_0.publish_year,b1_0.publisher_id,b1_0.rating_count,b1_0.title,b1_0.updated_at,b1_0.version from books b1_0 where b1_0.id=?
2026-09-25T13:57:35.232+07:00 DEBUG 9912 --- [library_management] [   scheduling-1] org.hibernate.SQL                        : select count(bc1_0.id) from book_copies bc1_0 where bc1_0.book_id=? and bc1_0.status=?
2026-09-25T13:57:35.235+07:00 DEBUG 9912 --- [library_management] [   scheduling-1] org.hibernate.SQL                        : select count(bc1_0.id) from book_copies bc1_0 where bc1_0.book_id=? and bc1_0.status=?
2026-09-25T13:57:35.238+07:00 DEBUG 9912 --- [library_management] [   scheduling-1] org.hibernate.SQL                        : select count(bc1_0.id) from book_copies bc1_0 where bc1_0.book_id=? and bc1_0.status=?
2026-09-25T13:57:50.244+07:00 DEBUG 9912 --- [library_management] [   scheduling-1] org.hibernate.SQL                        : select bas1_0.id,bas1_0.book_id,bas1_0.created_at,bas1_0.last_available_quantity,bas1_0.user_id from book_availability_subscriptions bas1_0
2026-09-25T13:57:50.247+07:00 DEBUG 9912 --- [library_management] [   scheduling-1] org.hibernate.SQL                        : select b1_0.id,b1_0.active,b1_0.average_rating,b1_0.borrow_fee,b1_0.category_id,b1_0.cover_image_url,b1_0.created_at,b1_0.description,b1_0.isbn,b1_0.publish_year,b1_0.publisher_id,b1_0.rating_count,b1_0.title,b1_0.updated_at,b1_0.version from books b1_0 where b1_0.id=?
2026-09-25T13:57:50.249+07:00 DEBUG 9912 --- [library_management] [   scheduling-1] org.hibernate.SQL                        : select u1_0.id,u1_0.active,u1_0.created_at,u1_0.email,u1_0.full_name,u1_0.password_hash,u1_0.phone,u1_0.role,u1_0.updated_at from users u1_0 where u1_0.id=?
2026-09-25T13:57:50.250+07:00 DEBUG 9912 --- [library_management] [   scheduling-1] org.hibernate.SQL                        : select b1_0.id,b1_0.active,b1_0.average_rating,b1_0.borrow_fee,b1_0.category_id,b1_0.cover_image_url,b1_0.created_at,b1_0.description,b1_0.isbn,b1_0.publish_year,b1_0.publisher_id,b1_0.rating_count,b1_0.title,b1_0.updated_at,b1_0.version from books b1_0 where b1_0.id=?
2026-09-25T13:57:50.252+07:00 DEBUG 9912 --- [library_management] [   scheduling-1] org.hibernate.SQL                        : select b1_0.id,b1_0.active,b1_0.average_rating,b1_0.borrow_fee,b1_0.category_id,b1_0.cover_image_url,b1_0.created_at,b1_0.description,b1_0.isbn,b1_0.publish_year,b1_0.publisher_id,b1_0.rating_count,b1_0.title,b1_0.updated_at,b1_0.version from books b1_0 where b1_0.id=?
2026-09-25T13:57:50.254+07:00 DEBUG 9912 --- [library_management] [   scheduling-1] org.hibernate.SQL                        : select count(bc1_0.id) from book_copies bc1_0 where bc1_0.book_id=? and bc1_0.status=?
2026-09-25T13:57:50.255+07:00 DEBUG 9912 --- [library_management] [   scheduling-1] org.hibernate.SQL                        : select count(bc1_0.id) from book_copies bc1_0 where bc1_0.book_id=? and bc1_0.status=?
2026-09-25T13:57:50.258+07:00 DEBUG 9912 --- [library_management] [   scheduling-1] org.hibernate.SQL                        : select count(bc1_0.id) from book_copies bc1_0 where bc1_0.book_id=? and bc1_0.status=?
2026-09-25T13:58:05.055+07:00 DEBUG 9912 --- [library_management] [   scheduling-1] org.hibernate.SQL                        : select br1_0.id,br1_0.book_copy_id,bc1_0.id,bc1_0.acquired_date,bc1_0.barcode,bc1_0.book_id,b1_0.id,b1_0.active,b1_0.average_rating,b1_0.borrow_fee,b1_0.category_id,b1_0.cover_image_url,b1_0.created_at,b1_0.description,b1_0.isbn,b1_0.publish_year,b1_0.publisher_id,b1_0.rating_count,b1_0.title,b1_0.updated_at,b1_0.version,bc1_0.created_at,bc1_0.shelf_location,bc1_0.status,bc1_0.updated_at,bc1_0.version,br1_0.borrow_days,br1_0.borrow_fee,br1_0.borrowed_at,br1_0.cancelled_at,br1_0.created_at,br1_0.deposit_amount,br1_0.deposit_refunded_at,br1_0.due_at,br1_0.paid_amount,br1_0.paid_at,br1_0.payment_code,br1_0.payment_method,br1_0.pickup_location,br1_0.reference_code,br1_0.returned_at,br1_0.status,br1_0.total_amount,br1_0.updated_at,br1_0.user_id,u1_0.id,u1_0.active,u1_0.created_at,u1_0.email,u1_0.full_name,u1_0.password_hash,u1_0.phone,u1_0.role,u1_0.updated_at from borrow_records br1_0 join book_copies bc1_0 on bc1_0.id=br1_0.book_copy_id join books b1_0 on b1_0.id=bc1_0.book_id join users u1_0 on u1_0.id=br1_0.user_id where br1_0.status=? and br1_0.due_at between ? and ?
2026-09-25T13:58:05.062+07:00 DEBUG 9912 --- [library_management] [   scheduling-1] org.hibernate.SQL                        : select br1_0.id,br1_0.book_copy_id,bc1_0.id,bc1_0.acquired_date,bc1_0.barcode,bc1_0.book_id,b1_0.id,b1_0.active,b1_0.average_rating,b1_0.borrow_fee,b1_0.category_id,b1_0.cover_image_url,b1_0.created_at,b1_0.description,b1_0.isbn,b1_0.publish_year,b1_0.publisher_id,b1_0.rating_count,b1_0.title,b1_0.updated_at,b1_0.version,bc1_0.created_at,bc1_0.shelf_location,bc1_0.status,bc1_0.updated_at,bc1_0.version,br1_0.borrow_days,br1_0.borrow_fee,br1_0.borrowed_at,br1_0.cancelled_at,br1_0.created_at,br1_0.deposit_amount,br1_0.deposit_refunded_at,br1_0.due_at,br1_0.paid_amount,br1_0.paid_at,br1_0.payment_code,br1_0.payment_method,br1_0.pickup_location,br1_0.reference_code,br1_0.returned_at,br1_0.status,br1_0.total_amount,br1_0.updated_at,br1_0.user_id,u1_0.id,u1_0.active,u1_0.created_at,u1_0.email,u1_0.full_name,u1_0.password_hash,u1_0.phone,u1_0.role,u1_0.updated_at from borrow_records br1_0 join book_copies bc1_0 on bc1_0.id=br1_0.book_copy_id join books b1_0 on b1_0.id=bc1_0.book_id join users u1_0 on u1_0.id=br1_0.user_id where br1_0.status in (?,?) and br1_0.due_at<?
2026-09-25T13:58:05.263+07:00 DEBUG 9912 --- [library_management] [   scheduling-1] org.hibernate.SQL                        : select bas1_0.id,bas1_0.book_id,bas1_0.created_at,bas1_0.last_available_quantity,bas1_0.user_id from book_availability_subscriptions bas1_0
2026-09-25T13:58:05.266+07:00 DEBUG 9912 --- [library_management] [   scheduling-1] org.hibernate.SQL                        : select b1_0.id,b1_0.active,b1_0.average_rating,b1_0.borrow_fee,b1_0.category_id,b1_0.cover_image_url,b1_0.created_at,b1_0.description,b1_0.isbn,b1_0.publish_year,b1_0.publisher_id,b1_0.rating_count,b1_0.title,b1_0.updated_at,b1_0.version from books b1_0 where b1_0.id=?
2026-09-25T13:58:05.269+07:00 DEBUG 9912 --- [library_management] [   scheduling-1] org.hibernate.SQL                        : select u1_0.id,u1_0.active,u1_0.created_at,u1_0.email,u1_0.full_name,u1_0.password_hash,u1_0.phone,u1_0.role,u1_0.updated_at from users u1_0 where u1_0.id=?
2026-09-25T13:58:05.271+07:00 DEBUG 9912 --- [library_management] [   scheduling-1] org.hibernate.SQL                        : select b1_0.id,b1_0.active,b1_0.average_rating,b1_0.borrow_fee,b1_0.category_id,b1_0.cover_image_url,b1_0.created_at,b1_0.description,b1_0.isbn,b1_0.publish_year,b1_0.publisher_id,b1_0.rating_count,b1_0.title,b1_0.updated_at,b1_0.version from books b1_0 where b1_0.id=?
2026-09-25T13:58:05.272+07:00 DEBUG 9912 --- [library_management] [   scheduling-1] org.hibernate.SQL                        : select b1_0.id,b1_0.active,b1_0.average_rating,b1_0.borrow_fee,b1_0.category_id,b1_0.cover_image_url,b1_0.created_at,b1_0.description,b1_0.isbn,b1_0.publish_year,b1_0.publisher_id,b1_0.rating_count,b1_0.title,b1_0.updated_at,b1_0.version from books b1_0 where b1_0.id=?
2026-09-25T13:58:05.275+07:00 DEBUG 9912 --- [library_management] [   scheduling-1] org.hibernate.SQL                        : select count(bc1_0.id) from book_copies bc1_0 where bc1_0.book_id=? and bc1_0.status=?
2026-09-25T13:58:05.277+07:00 DEBUG 9912 --- [library_management] [   scheduling-1] org.hibernate.SQL                        : select count(bc1_0.id) from book_copies bc1_0 where bc1_0.book_id=? and bc1_0.status=?
2026-09-25T13:58:05.279+07:00 DEBUG 9912 --- [library_management] [   scheduling-1] org.hibernate.SQL                        : select count(bc1_0.id) from book_copies bc1_0 where bc1_0.book_id=? and bc1_0.status=?
2026-09-25T13:58:20.285+07:00 DEBUG 9912 --- [library_management] [   scheduling-1] org.hibernate.SQL                        : select bas1_0.id,bas1_0.book_id,bas1_0.created_at,bas1_0.last_available_quantity,bas1_0.user_id from book_availability_subscriptions bas1_0
2026-09-25T13:58:20.287+07:00 DEBUG 9912 --- [library_management] [   scheduling-1] org.hibernate.SQL                        : select b1_0.id,b1_0.active,b1_0.average_rating,b1_0.borrow_fee,b1_0.category_id,b1_0.cover_image_url,b1_0.created_at,b1_0.description,b1_0.isbn,b1_0.publish_year,b1_0.publisher_id,b1_0.rating_count,b1_0.title,b1_0.updated_at,b1_0.version from books b1_0 where b1_0.id=?
2026-09-25T13:58:20.289+07:00 DEBUG 9912 --- [library_management] [   scheduling-1] org.hibernate.SQL                        : select u1_0.id,u1_0.active,u1_0.created_at,u1_0.email,u1_0.full_name,u1_0.password_hash,u1_0.phone,u1_0.role,u1_0.updated_at from users u1_0 where u1_0.id=?
2026-09-25T13:58:20.291+07:00 DEBUG 9912 --- [library_management] [   scheduling-1] org.hibernate.SQL                        : select b1_0.id,b1_0.active,b1_0.average_rating,b1_0.borrow_fee,b1_0.category_id,b1_0.cover_image_url,b1_0.created_at,b1_0.description,b1_0.isbn,b1_0.publish_year,b1_0.publisher_id,b1_0.rating_count,b1_0.title,b1_0.updated_at,b1_0.version from books b1_0 where b1_0.id=?
2026-09-25T13:58:20.294+07:00 DEBUG 9912 --- [library_management] [   scheduling-1] org.hibernate.SQL                        : select b1_0.id,b1_0.active,b1_0.average_rating,b1_0.borrow_fee,b1_0.category_id,b1_0.cover_image_url,b1_0.created_at,b1_0.description,b1_0.isbn,b1_0.publish_year,b1_0.publisher_id,b1_0.rating_count,b1_0.title,b1_0.updated_at,b1_0.version from books b1_0 where b1_0.id=?
2026-09-25T13:58:20.296+07:00 DEBUG 9912 --- [library_management] [   scheduling-1] org.hibernate.SQL                        : select count(bc1_0.id) from book_copies bc1_0 where bc1_0.book_id=? and bc1_0.status=?
2026-09-25T13:58:20.298+07:00 DEBUG 9912 --- [library_management] [   scheduling-1] org.hibernate.SQL                        : select count(bc1_0.id) from book_copies bc1_0 where bc1_0.book_id=? and bc1_0.status=?
2026-09-25T13:58:20.301+07:00 DEBUG 9912 --- [library_management] [   scheduling-1] org.hibernate.SQL                        : select count(bc1_0.id) from book_copies bc1_0 where bc1_0.book_id=? and bc1_0.status=?
2026-09-25T13:58:35.319+07:00 DEBUG 9912 --- [library_management] [   scheduling-1] org.hibernate.SQL                        : select bas1_0.id,bas1_0.book_id,bas1_0.created_at,bas1_0.last_available_quantity,bas1_0.user_id from book_availability_subscriptions bas1_0
2026-09-25T13:58:35.323+07:00 DEBUG 9912 --- [library_management] [   scheduling-1] org.hibernate.SQL                        : select b1_0.id,b1_0.active,b1_0.average_rating,b1_0.borrow_fee,b1_0.category_id,b1_0.cover_image_url,b1_0.created_at,b1_0.description,b1_0.isbn,b1_0.publish_year,b1_0.publisher_id,b1_0.rating_count,b1_0.title,b1_0.updated_at,b1_0.version from books b1_0 where b1_0.id=?
2026-09-25T13:58:35.327+07:00 DEBUG 9912 --- [library_management] [   scheduling-1] org.hibernate.SQL                        : select u1_0.id,u1_0.active,u1_0.created_at,u1_0.email,u1_0.full_name,u1_0.password_hash,u1_0.phone,u1_0.role,u1_0.updated_at from users u1_0 where u1_0.id=?
2026-09-25T13:58:35.329+07:00 DEBUG 9912 --- [library_management] [   scheduling-1] org.hibernate.SQL                        : select b1_0.id,b1_0.active,b1_0.average_rating,b1_0.borrow_fee,b1_0.category_id,b1_0.cover_image_url,b1_0.created_at,b1_0.description,b1_0.isbn,b1_0.publish_year,b1_0.publisher_id,b1_0.rating_count,b1_0.title,b1_0.updated_at,b1_0.version from books b1_0 where b1_0.id=?
2026-09-25T13:58:35.334+07:00 DEBUG 9912 --- [library_management] [   scheduling-1] org.hibernate.SQL                        : select b1_0.id,b1_0.active,b1_0.average_rating,b1_0.borrow_fee,b1_0.category_id,b1_0.cover_image_url,b1_0.created_at,b1_0.description,b1_0.isbn,b1_0.publish_year,b1_0.publisher_id,b1_0.rating_count,b1_0.title,b1_0.updated_at,b1_0.version from books b1_0 where b1_0.id=?
2026-09-25T13:58:35.338+07:00 DEBUG 9912 --- [library_management] [   scheduling-1] org.hibernate.SQL                        : select count(bc1_0.id) from book_copies bc1_0 where bc1_0.book_id=? and bc1_0.status=?
2026-09-25T13:58:35.340+07:00 DEBUG 9912 --- [library_management] [   scheduling-1] org.hibernate.SQL                        : select count(bc1_0.id) from book_copies bc1_0 where bc1_0.book_id=? and bc1_0.status=?
2026-09-25T13:58:35.345+07:00 DEBUG 9912 --- [library_management] [   scheduling-1] org.hibernate.SQL                        : select count(bc1_0.id) from book_copies bc1_0 where bc1_0.book_id=? and bc1_0.status=?
2026-09-25T13:58:50.353+07:00 DEBUG 9912 --- [library_management] [   scheduling-1] org.hibernate.SQL                        : select bas1_0.id,bas1_0.book_id,bas1_0.created_at,bas1_0.last_available_quantity,bas1_0.user_id from book_availability_subscriptions bas1_0
2026-09-25T13:58:50.356+07:00 DEBUG 9912 --- [library_management] [   scheduling-1] org.hibernate.SQL                        : select b1_0.id,b1_0.active,b1_0.average_rating,b1_0.borrow_fee,b1_0.category_id,b1_0.cover_image_url,b1_0.created_at,b1_0.description,b1_0.isbn,b1_0.publish_year,b1_0.publisher_id,b1_0.rating_count,b1_0.title,b1_0.updated_at,b1_0.version from books b1_0 where b1_0.id=?
2026-09-25T13:58:50.359+07:00 DEBUG 9912 --- [library_management] [   scheduling-1] org.hibernate.SQL                        : select u1_0.id,u1_0.active,u1_0.created_at,u1_0.email,u1_0.full_name,u1_0.password_hash,u1_0.phone,u1_0.role,u1_0.updated_at from users u1_0 where u1_0.id=?
2026-09-25T13:58:50.363+07:00 DEBUG 9912 --- [library_management] [   scheduling-1] org.hibernate.SQL                        : select b1_0.id,b1_0.active,b1_0.average_rating,b1_0.borrow_fee,b1_0.category_id,b1_0.cover_image_url,b1_0.created_at,b1_0.description,b1_0.isbn,b1_0.publish_year,b1_0.publisher_id,b1_0.rating_count,b1_0.title,b1_0.updated_at,b1_0.version from books b1_0 where b1_0.id=?
2026-09-25T13:58:50.367+07:00 DEBUG 9912 --- [library_management] [   scheduling-1] org.hibernate.SQL                        : select b1_0.id,b1_0.active,b1_0.average_rating,b1_0.borrow_fee,b1_0.category_id,b1_0.cover_image_url,b1_0.created_at,b1_0.description,b1_0.isbn,b1_0.publish_year,b1_0.publisher_id,b1_0.rating_count,b1_0.title,b1_0.updated_at,b1_0.version from books b1_0 where b1_0.id=?
2026-09-25T13:58:50.371+07:00 DEBUG 9912 --- [library_management] [   scheduling-1] org.hibernate.SQL                        : select count(bc1_0.id) from book_copies bc1_0 where bc1_0.book_id=? and bc1_0.status=?
2026-09-25T13:58:50.376+07:00 DEBUG 9912 --- [library_management] [   scheduling-1] org.hibernate.SQL                        : select count(bc1_0.id) from book_copies bc1_0 where bc1_0.book_id=? and bc1_0.status=?
2026-09-25T13:58:50.380+07:00 DEBUG 9912 --- [library_management] [   scheduling-1] org.hibernate.SQL                        : select count(bc1_0.id) from book_copies bc1_0 where bc1_0.book_id=? and bc1_0.status=?
2026-09-25T13:59:05.085+07:00 DEBUG 9912 --- [library_management] [   scheduling-1] org.hibernate.SQL                        : select br1_0.id,br1_0.book_copy_id,bc1_0.id,bc1_0.acquired_date,bc1_0.barcode,bc1_0.book_id,b1_0.id,b1_0.active,b1_0.average_rating,b1_0.borrow_fee,b1_0.category_id,b1_0.cover_image_url,b1_0.created_at,b1_0.description,b1_0.isbn,b1_0.publish_year,b1_0.publisher_id,b1_0.rating_count,b1_0.title,b1_0.updated_at,b1_0.version,bc1_0.created_at,bc1_0.shelf_location,bc1_0.status,bc1_0.updated_at,bc1_0.version,br1_0.borrow_days,br1_0.borrow_fee,br1_0.borrowed_at,br1_0.cancelled_at,br1_0.created_at,br1_0.deposit_amount,br1_0.deposit_refunded_at,br1_0.due_at,br1_0.paid_amount,br1_0.paid_at,br1_0.payment_code,br1_0.payment_method,br1_0.pickup_location,br1_0.reference_code,br1_0.returned_at,br1_0.status,br1_0.total_amount,br1_0.updated_at,br1_0.user_id,u1_0.id,u1_0.active,u1_0.created_at,u1_0.email,u1_0.full_name,u1_0.password_hash,u1_0.phone,u1_0.role,u1_0.updated_at from borrow_records br1_0 join book_copies bc1_0 on bc1_0.id=br1_0.book_copy_id join books b1_0 on b1_0.id=bc1_0.book_id join users u1_0 on u1_0.id=br1_0.user_id where br1_0.status=? and br1_0.due_at between ? and ?
2026-09-25T13:59:05.098+07:00 DEBUG 9912 --- [library_management] [   scheduling-1] org.hibernate.SQL                        : select br1_0.id,br1_0.book_copy_id,bc1_0.id,bc1_0.acquired_date,bc1_0.barcode,bc1_0.book_id,b1_0.id,b1_0.active,b1_0.average_rating,b1_0.borrow_fee,b1_0.category_id,b1_0.cover_image_url,b1_0.created_at,b1_0.description,b1_0.isbn,b1_0.publish_year,b1_0.publisher_id,b1_0.rating_count,b1_0.title,b1_0.updated_at,b1_0.version,bc1_0.created_at,bc1_0.shelf_location,bc1_0.status,bc1_0.updated_at,bc1_0.version,br1_0.borrow_days,br1_0.borrow_fee,br1_0.borrowed_at,br1_0.cancelled_at,br1_0.created_at,br1_0.deposit_amount,br1_0.deposit_refunded_at,br1_0.due_at,br1_0.paid_amount,br1_0.paid_at,br1_0.payment_code,br1_0.payment_method,br1_0.pickup_location,br1_0.reference_code,br1_0.returned_at,br1_0.status,br1_0.total_amount,br1_0.updated_at,br1_0.user_id,u1_0.id,u1_0.active,u1_0.created_at,u1_0.email,u1_0.full_name,u1_0.password_hash,u1_0.phone,u1_0.role,u1_0.updated_at from borrow_records br1_0 join book_copies bc1_0 on bc1_0.id=br1_0.book_copy_id join books b1_0 on b1_0.id=bc1_0.book_id join users u1_0 on u1_0.id=br1_0.user_id where br1_0.status in (?,?) and br1_0.due_at<?
2026-09-25T13:59:05.393+07:00 DEBUG 9912 --- [library_management] [   scheduling-1] org.hibernate.SQL                        : select bas1_0.id,bas1_0.book_id,bas1_0.created_at,bas1_0.last_available_quantity,bas1_0.user_id from book_availability_subscriptions bas1_0
2026-09-25T13:59:05.396+07:00 DEBUG 9912 --- [library_management] [   scheduling-1] org.hibernate.SQL                        : select b1_0.id,b1_0.active,b1_0.average_rating,b1_0.borrow_fee,b1_0.category_id,b1_0.cover_image_url,b1_0.created_at,b1_0.description,b1_0.isbn,b1_0.publish_year,b1_0.publisher_id,b1_0.rating_count,b1_0.title,b1_0.updated_at,b1_0.version from books b1_0 where b1_0.id=?
2026-09-25T13:59:05.398+07:00 DEBUG 9912 --- [library_management] [   scheduling-1] org.hibernate.SQL                        : select u1_0.id,u1_0.active,u1_0.created_at,u1_0.email,u1_0.full_name,u1_0.password_hash,u1_0.phone,u1_0.role,u1_0.updated_at from users u1_0 where u1_0.id=?
2026-09-25T13:59:05.400+07:00 DEBUG 9912 --- [library_management] [   scheduling-1] org.hibernate.SQL                        : select b1_0.id,b1_0.active,b1_0.average_rating,b1_0.borrow_fee,b1_0.category_id,b1_0.cover_image_url,b1_0.created_at,b1_0.description,b1_0.isbn,b1_0.publish_year,b1_0.publisher_id,b1_0.rating_count,b1_0.title,b1_0.updated_at,b1_0.version from books b1_0 where b1_0.id=?
2026-09-25T13:59:05.402+07:00 DEBUG 9912 --- [library_management] [   scheduling-1] org.hibernate.SQL                        : select b1_0.id,b1_0.active,b1_0.average_rating,b1_0.borrow_fee,b1_0.category_id,b1_0.cover_image_url,b1_0.created_at,b1_0.description,b1_0.isbn,b1_0.publish_year,b1_0.publisher_id,b1_0.rating_count,b1_0.title,b1_0.updated_at,b1_0.version from books b1_0 where b1_0.id=?
2026-09-25T13:59:05.408+07:00 DEBUG 9912 --- [library_management] [   scheduling-1] org.hibernate.SQL                        : select count(bc1_0.id) from book_copies bc1_0 where bc1_0.book_id=? and bc1_0.status=?
2026-09-25T13:59:05.411+07:00 DEBUG 9912 --- [library_management] [   scheduling-1] org.hibernate.SQL                        : select count(bc1_0.id) from book_copies bc1_0 where bc1_0.book_id=? and bc1_0.status=?
2026-09-25T13:59:05.414+07:00 DEBUG 9912 --- [library_management] [   scheduling-1] org.hibernate.SQL                        : select count(bc1_0.id) from book_copies bc1_0 where bc1_0.book_id=? and bc1_0.status=?
2026-09-25T13:59:20.424+07:00 DEBUG 9912 --- [library_management] [   scheduling-1] org.hibernate.SQL                        : select bas1_0.id,bas1_0.book_id,bas1_0.created_at,bas1_0.last_available_quantity,bas1_0.user_id from book_availability_subscriptions bas1_0
2026-09-25T13:59:20.428+07:00 DEBUG 9912 --- [library_management] [   scheduling-1] org.hibernate.SQL                        : select b1_0.id,b1_0.active,b1_0.average_rating,b1_0.borrow_fee,b1_0.category_id,b1_0.cover_image_url,b1_0.created_at,b1_0.description,b1_0.isbn,b1_0.publish_year,b1_0.publisher_id,b1_0.rating_count,b1_0.title,b1_0.updated_at,b1_0.version from books b1_0 where b1_0.id=?
2026-09-25T13:59:20.432+07:00 DEBUG 9912 --- [library_management] [   scheduling-1] org.hibernate.SQL                        : select u1_0.id,u1_0.active,u1_0.created_at,u1_0.email,u1_0.full_name,u1_0.password_hash,u1_0.phone,u1_0.role,u1_0.updated_at from users u1_0 where u1_0.id=?
2026-09-25T13:59:20.436+07:00 DEBUG 9912 --- [library_management] [   scheduling-1] org.hibernate.SQL                        : select b1_0.id,b1_0.active,b1_0.average_rating,b1_0.borrow_fee,b1_0.category_id,b1_0.cover_image_url,b1_0.created_at,b1_0.description,b1_0.isbn,b1_0.publish_year,b1_0.publisher_id,b1_0.rating_count,b1_0.title,b1_0.updated_at,b1_0.version from books b1_0 where b1_0.id=?
2026-09-25T13:59:20.440+07:00 DEBUG 9912 --- [library_management] [   scheduling-1] org.hibernate.SQL                        : select b1_0.id,b1_0.active,b1_0.average_rating,b1_0.borrow_fee,b1_0.category_id,b1_0.cover_image_url,b1_0.created_at,b1_0.description,b1_0.isbn,b1_0.publish_year,b1_0.publisher_id,b1_0.rating_count,b1_0.title,b1_0.updated_at,b1_0.version from books b1_0 where b1_0.id=?
2026-09-25T13:59:20.445+07:00 DEBUG 9912 --- [library_management] [   scheduling-1] org.hibernate.SQL                        : select count(bc1_0.id) from book_copies bc1_0 where bc1_0.book_id=? and bc1_0.status=?
2026-09-25T13:59:20.449+07:00 DEBUG 9912 --- [library_management] [   scheduling-1] org.hibernate.SQL                        : select count(bc1_0.id) from book_copies bc1_0 where bc1_0.book_id=? and bc1_0.status=?
2026-09-25T13:59:20.452+07:00 DEBUG 9912 --- [library_management] [   scheduling-1] org.hibernate.SQL                        : select count(bc1_0.id) from book_copies bc1_0 where bc1_0.book_id=? and bc1_0.status=?
2026-09-25T13:59:35.463+07:00 DEBUG 9912 --- [library_management] [   scheduling-1] org.hibernate.SQL                        : select bas1_0.id,bas1_0.book_id,bas1_0.created_at,bas1_0.last_available_quantity,bas1_0.user_id from book_availability_subscriptions bas1_0
2026-09-25T13:59:35.467+07:00 DEBUG 9912 --- [library_management] [   scheduling-1] org.hibernate.SQL                        : select b1_0.id,b1_0.active,b1_0.average_rating,b1_0.borrow_fee,b1_0.category_id,b1_0.cover_image_url,b1_0.created_at,b1_0.description,b1_0.isbn,b1_0.publish_year,b1_0.publisher_id,b1_0.rating_count,b1_0.title,b1_0.updated_at,b1_0.version from books b1_0 where b1_0.id=?
2026-09-25T13:59:35.470+07:00 DEBUG 9912 --- [library_management] [   scheduling-1] org.hibernate.SQL                        : select u1_0.id,u1_0.active,u1_0.created_at,u1_0.email,u1_0.full_name,u1_0.password_hash,u1_0.phone,u1_0.role,u1_0.updated_at from users u1_0 where u1_0.id=?
2026-09-25T13:59:35.475+07:00 DEBUG 9912 --- [library_management] [   scheduling-1] org.hibernate.SQL                        : select b1_0.id,b1_0.active,b1_0.average_rating,b1_0.borrow_fee,b1_0.category_id,b1_0.cover_image_url,b1_0.created_at,b1_0.description,b1_0.isbn,b1_0.publish_year,b1_0.publisher_id,b1_0.rating_count,b1_0.title,b1_0.updated_at,b1_0.version from books b1_0 where b1_0.id=?
2026-09-25T13:59:35.478+07:00 DEBUG 9912 --- [library_management] [   scheduling-1] org.hibernate.SQL                        : select b1_0.id,b1_0.active,b1_0.average_rating,b1_0.borrow_fee,b1_0.category_id,b1_0.cover_image_url,b1_0.created_at,b1_0.description,b1_0.isbn,b1_0.publish_year,b1_0.publisher_id,b1_0.rating_count,b1_0.title,b1_0.updated_at,b1_0.version from books b1_0 where b1_0.id=?
2026-09-25T13:59:35.483+07:00 DEBUG 9912 --- [library_management] [   scheduling-1] org.hibernate.SQL                        : select count(bc1_0.id) from book_copies bc1_0 where bc1_0.book_id=? and bc1_0.status=?
2026-09-25T13:59:35.486+07:00 DEBUG 9912 --- [library_management] [   scheduling-1] org.hibernate.SQL                        : select count(bc1_0.id) from book_copies bc1_0 where bc1_0.book_id=? and bc1_0.status=?
2026-09-25T13:59:35.489+07:00 DEBUG 9912 --- [library_management] [   scheduling-1] org.hibernate.SQL                        : select count(bc1_0.id) from book_copies bc1_0 where bc1_0.book_id=? and bc1_0.status=?
2026-09-25T13:59:50.504+07:00 DEBUG 9912 --- [library_management] [   scheduling-1] org.hibernate.SQL                        : select bas1_0.id,bas1_0.book_id,bas1_0.created_at,bas1_0.last_available_quantity,bas1_0.user_id from book_availability_subscriptions bas1_0
2026-09-25T13:59:50.507+07:00 DEBUG 9912 --- [library_management] [   scheduling-1] org.hibernate.SQL                        : select b1_0.id,b1_0.active,b1_0.average_rating,b1_0.borrow_fee,b1_0.category_id,b1_0.cover_image_url,b1_0.created_at,b1_0.description,b1_0.isbn,b1_0.publish_year,b1_0.publisher_id,b1_0.rating_count,b1_0.title,b1_0.updated_at,b1_0.version from books b1_0 where b1_0.id=?
2026-09-25T13:59:50.511+07:00 DEBUG 9912 --- [library_management] [   scheduling-1] org.hibernate.SQL                        : select u1_0.id,u1_0.active,u1_0.created_at,u1_0.email,u1_0.full_name,u1_0.password_hash,u1_0.phone,u1_0.role,u1_0.updated_at from users u1_0 where u1_0.id=?
2026-09-25T13:59:50.515+07:00 DEBUG 9912 --- [library_management] [   scheduling-1] org.hibernate.SQL                        : select b1_0.id,b1_0.active,b1_0.average_rating,b1_0.borrow_fee,b1_0.category_id,b1_0.cover_image_url,b1_0.created_at,b1_0.description,b1_0.isbn,b1_0.publish_year,b1_0.publisher_id,b1_0.rating_count,b1_0.title,b1_0.updated_at,b1_0.version from books b1_0 where b1_0.id=?
2026-09-25T13:59:50.519+07:00 DEBUG 9912 --- [library_management] [   scheduling-1] org.hibernate.SQL                        : select b1_0.id,b1_0.active,b1_0.average_rating,b1_0.borrow_fee,b1_0.category_id,b1_0.cover_image_url,b1_0.created_at,b1_0.description,b1_0.isbn,b1_0.publish_year,b1_0.publisher_id,b1_0.rating_count,b1_0.title,b1_0.updated_at,b1_0.version from books b1_0 where b1_0.id=?
2026-09-25T13:59:50.526+07:00 DEBUG 9912 --- [library_management] [   scheduling-1] org.hibernate.SQL                        : select count(bc1_0.id) from book_copies bc1_0 where bc1_0.book_id=? and bc1_0.status=?
2026-09-25T13:59:50.530+07:00 DEBUG 9912 --- [library_management] [   scheduling-1] org.hibernate.SQL                        : select count(bc1_0.id) from book_copies bc1_0 where bc1_0.book_id=? and bc1_0.status=?
2026-09-25T13:59:50.535+07:00 DEBUG 9912 --- [library_management] [   scheduling-1] org.hibernate.SQL                        : select count(bc1_0.id) from book_copies bc1_0 where bc1_0.book_id=? and bc1_0.status=?
2026-09-25T14:00:05.115+07:00 DEBUG 9912 --- [library_management] [   scheduling-1] org.hibernate.SQL                        : select br1_0.id,br1_0.book_copy_id,bc1_0.id,bc1_0.acquired_date,bc1_0.barcode,bc1_0.book_id,b1_0.id,b1_0.active,b1_0.average_rating,b1_0.borrow_fee,b1_0.category_id,b1_0.cover_image_url,b1_0.created_at,b1_0.description,b1_0.isbn,b1_0.publish_year,b1_0.publisher_id,b1_0.rating_count,b1_0.title,b1_0.updated_at,b1_0.version,bc1_0.created_at,bc1_0.shelf_location,bc1_0.status,bc1_0.updated_at,bc1_0.version,br1_0.borrow_days,br1_0.borrow_fee,br1_0.borrowed_at,br1_0.cancelled_at,br1_0.created_at,br1_0.deposit_amount,br1_0.deposit_refunded_at,br1_0.due_at,br1_0.paid_amount,br1_0.paid_at,br1_0.payment_code,br1_0.payment_method,br1_0.pickup_location,br1_0.reference_code,br1_0.returned_at,br1_0.status,br1_0.total_amount,br1_0.updated_at,br1_0.user_id,u1_0.id,u1_0.active,u1_0.created_at,u1_0.email,u1_0.full_name,u1_0.password_hash,u1_0.phone,u1_0.role,u1_0.updated_at from borrow_records br1_0 join book_copies bc1_0 on bc1_0.id=br1_0.book_copy_id join books b1_0 on b1_0.id=bc1_0.book_id join users u1_0 on u1_0.id=br1_0.user_id where br1_0.status=? and br1_0.due_at between ? and ?
2026-09-25T14:00:05.123+07:00 DEBUG 9912 --- [library_management] [   scheduling-1] org.hibernate.SQL                        : select br1_0.id,br1_0.book_copy_id,bc1_0.id,bc1_0.acquired_date,bc1_0.barcode,bc1_0.book_id,b1_0.id,b1_0.active,b1_0.average_rating,b1_0.borrow_fee,b1_0.category_id,b1_0.cover_image_url,b1_0.created_at,b1_0.description,b1_0.isbn,b1_0.publish_year,b1_0.publisher_id,b1_0.rating_count,b1_0.title,b1_0.updated_at,b1_0.version,bc1_0.created_at,bc1_0.shelf_location,bc1_0.status,bc1_0.updated_at,bc1_0.version,br1_0.borrow_days,br1_0.borrow_fee,br1_0.borrowed_at,br1_0.cancelled_at,br1_0.created_at,br1_0.deposit_amount,br1_0.deposit_refunded_at,br1_0.due_at,br1_0.paid_amount,br1_0.paid_at,br1_0.payment_code,br1_0.payment_method,br1_0.pickup_location,br1_0.reference_code,br1_0.returned_at,br1_0.status,br1_0.total_amount,br1_0.updated_at,br1_0.user_id,u1_0.id,u1_0.active,u1_0.created_at,u1_0.email,u1_0.full_name,u1_0.password_hash,u1_0.phone,u1_0.role,u1_0.updated_at from borrow_records br1_0 join book_copies bc1_0 on bc1_0.id=br1_0.book_copy_id join books b1_0 on b1_0.id=bc1_0.book_id join users u1_0 on u1_0.id=br1_0.user_id where br1_0.status in (?,?) and br1_0.due_at<?
2026-09-25T14:00:05.550+07:00 DEBUG 9912 --- [library_management] [   scheduling-1] org.hibernate.SQL                        : select bas1_0.id,bas1_0.book_id,bas1_0.created_at,bas1_0.last_available_quantity,bas1_0.user_id from book_availability_subscriptions bas1_0
2026-09-25T14:00:05.553+07:00 DEBUG 9912 --- [library_management] [   scheduling-1] org.hibernate.SQL                        : select b1_0.id,b1_0.active,b1_0.average_rating,b1_0.borrow_fee,b1_0.category_id,b1_0.cover_image_url,b1_0.created_at,b1_0.description,b1_0.isbn,b1_0.publish_year,b1_0.publisher_id,b1_0.rating_count,b1_0.title,b1_0.updated_at,b1_0.version from books b1_0 where b1_0.id=?
2026-09-25T14:00:05.557+07:00 DEBUG 9912 --- [library_management] [   scheduling-1] org.hibernate.SQL                        : select u1_0.id,u1_0.active,u1_0.created_at,u1_0.email,u1_0.full_name,u1_0.password_hash,u1_0.phone,u1_0.role,u1_0.updated_at from users u1_0 where u1_0.id=?
2026-09-25T14:00:05.561+07:00 DEBUG 9912 --- [library_management] [   scheduling-1] org.hibernate.SQL                        : select b1_0.id,b1_0.active,b1_0.average_rating,b1_0.borrow_fee,b1_0.category_id,b1_0.cover_image_url,b1_0.created_at,b1_0.description,b1_0.isbn,b1_0.publish_year,b1_0.publisher_id,b1_0.rating_count,b1_0.title,b1_0.updated_at,b1_0.version from books b1_0 where b1_0.id=?
2026-09-25T14:00:05.565+07:00 DEBUG 9912 --- [library_management] [   scheduling-1] org.hibernate.SQL                        : select b1_0.id,b1_0.active,b1_0.average_rating,b1_0.borrow_fee,b1_0.category_id,b1_0.cover_image_url,b1_0.created_at,b1_0.description,b1_0.isbn,b1_0.publish_year,b1_0.publisher_id,b1_0.rating_count,b1_0.title,b1_0.updated_at,b1_0.version from books b1_0 where b1_0.id=?
2026-09-25T14:00:05.569+07:00 DEBUG 9912 --- [library_management] [   scheduling-1] org.hibernate.SQL                        : select count(bc1_0.id) from book_copies bc1_0 where bc1_0.book_id=? and bc1_0.status=?
2026-09-25T14:00:05.572+07:00 DEBUG 9912 --- [library_management] [   scheduling-1] org.hibernate.SQL                        : select count(bc1_0.id) from book_copies bc1_0 where bc1_0.book_id=? and bc1_0.status=?
2026-09-25T14:00:05.576+07:00 DEBUG 9912 --- [library_management] [   scheduling-1] org.hibernate.SQL                        : select count(bc1_0.id) from book_copies bc1_0 where bc1_0.book_id=? and bc1_0.status=?
2026-09-25T14:00:20.592+07:00 DEBUG 9912 --- [library_management] [   scheduling-1] org.hibernate.SQL                        : select bas1_0.id,bas1_0.book_id,bas1_0.created_at,bas1_0.last_available_quantity,bas1_0.user_id from book_availability_subscriptions bas1_0
2026-09-25T14:00:20.594+07:00 DEBUG 9912 --- [library_management] [   scheduling-1] org.hibernate.SQL                        : select b1_0.id,b1_0.active,b1_0.average_rating,b1_0.borrow_fee,b1_0.category_id,b1_0.cover_image_url,b1_0.created_at,b1_0.description,b1_0.isbn,b1_0.publish_year,b1_0.publisher_id,b1_0.rating_count,b1_0.title,b1_0.updated_at,b1_0.version from books b1_0 where b1_0.id=?
2026-09-25T14:00:20.597+07:00 DEBUG 9912 --- [library_management] [   scheduling-1] org.hibernate.SQL                        : select u1_0.id,u1_0.active,u1_0.created_at,u1_0.email,u1_0.full_name,u1_0.password_hash,u1_0.phone,u1_0.role,u1_0.updated_at from users u1_0 where u1_0.id=?
2026-09-25T14:00:20.600+07:00 DEBUG 9912 --- [library_management] [   scheduling-1] org.hibernate.SQL                        : select b1_0.id,b1_0.active,b1_0.average_rating,b1_0.borrow_fee,b1_0.category_id,b1_0.cover_image_url,b1_0.created_at,b1_0.description,b1_0.isbn,b1_0.publish_year,b1_0.publisher_id,b1_0.rating_count,b1_0.title,b1_0.updated_at,b1_0.version from books b1_0 where b1_0.id=?
2026-09-25T14:00:20.603+07:00 DEBUG 9912 --- [library_management] [   scheduling-1] org.hibernate.SQL                        : select b1_0.id,b1_0.active,b1_0.average_rating,b1_0.borrow_fee,b1_0.category_id,b1_0.cover_image_url,b1_0.created_at,b1_0.description,b1_0.isbn,b1_0.publish_year,b1_0.publisher_id,b1_0.rating_count,b1_0.title,b1_0.updated_at,b1_0.version from books b1_0 where b1_0.id=?
2026-09-25T14:00:20.608+07:00 DEBUG 9912 --- [library_management] [   scheduling-1] org.hibernate.SQL                        : select count(bc1_0.id) from book_copies bc1_0 where bc1_0.book_id=? and bc1_0.status=?
2026-09-25T14:00:20.611+07:00 DEBUG 9912 --- [library_management] [   scheduling-1] org.hibernate.SQL                        : select count(bc1_0.id) from book_copies bc1_0 where bc1_0.book_id=? and bc1_0.status=?
2026-09-25T14:00:20.615+07:00 DEBUG 9912 --- [library_management] [   scheduling-1] org.hibernate.SQL                        : select count(bc1_0.id) from book_copies bc1_0 where bc1_0.book_id=? and bc1_0.status=?
2026-09-25T14:00:35.627+07:00 DEBUG 9912 --- [library_management] [   scheduling-1] org.hibernate.SQL                        : select bas1_0.id,bas1_0.book_id,bas1_0.created_at,bas1_0.last_available_quantity,bas1_0.user_id from book_availability_subscriptions bas1_0
2026-09-25T14:00:35.632+07:00 DEBUG 9912 --- [library_management] [   scheduling-1] org.hibernate.SQL                        : select b1_0.id,b1_0.active,b1_0.average_rating,b1_0.borrow_fee,b1_0.category_id,b1_0.cover_image_url,b1_0.created_at,b1_0.description,b1_0.isbn,b1_0.publish_year,b1_0.publisher_id,b1_0.rating_count,b1_0.title,b1_0.updated_at,b1_0.version from books b1_0 where b1_0.id=?
2026-09-25T14:00:35.634+07:00 DEBUG 9912 --- [library_management] [   scheduling-1] org.hibernate.SQL                        : select u1_0.id,u1_0.active,u1_0.created_at,u1_0.email,u1_0.full_name,u1_0.password_hash,u1_0.phone,u1_0.role,u1_0.updated_at from users u1_0 where u1_0.id=?
2026-09-25T14:00:35.636+07:00 DEBUG 9912 --- [library_management] [   scheduling-1] org.hibernate.SQL                        : select b1_0.id,b1_0.active,b1_0.average_rating,b1_0.borrow_fee,b1_0.category_id,b1_0.cover_image_url,b1_0.created_at,b1_0.description,b1_0.isbn,b1_0.publish_year,b1_0.publisher_id,b1_0.rating_count,b1_0.title,b1_0.updated_at,b1_0.version from books b1_0 where b1_0.id=?
2026-09-25T14:00:35.639+07:00 DEBUG 9912 --- [library_management] [   scheduling-1] org.hibernate.SQL                        : select b1_0.id,b1_0.active,b1_0.average_rating,b1_0.borrow_fee,b1_0.category_id,b1_0.cover_image_url,b1_0.created_at,b1_0.description,b1_0.isbn,b1_0.publish_year,b1_0.publisher_id,b1_0.rating_count,b1_0.title,b1_0.updated_at,b1_0.version from books b1_0 where b1_0.id=?
2026-09-25T14:00:35.645+07:00 DEBUG 9912 --- [library_management] [   scheduling-1] org.hibernate.SQL                        : select count(bc1_0.id) from book_copies bc1_0 where bc1_0.book_id=? and bc1_0.status=?
2026-09-25T14:00:35.649+07:00 DEBUG 9912 --- [library_management] [   scheduling-1] org.hibernate.SQL                        : select count(bc1_0.id) from book_copies bc1_0 where bc1_0.book_id=? and bc1_0.status=?
2026-09-25T14:00:35.653+07:00 DEBUG 9912 --- [library_management] [   scheduling-1] org.hibernate.SQL                        : select count(bc1_0.id) from book_copies bc1_0 where bc1_0.book_id=? and bc1_0.status=?
2026-09-25T14:00:50.672+07:00 DEBUG 9912 --- [library_management] [   scheduling-1] org.hibernate.SQL                        : select bas1_0.id,bas1_0.book_id,bas1_0.created_at,bas1_0.last_available_quantity,bas1_0.user_id from book_availability_subscriptions bas1_0
2026-09-25T14:00:50.675+07:00 DEBUG 9912 --- [library_management] [   scheduling-1] org.hibernate.SQL                        : select b1_0.id,b1_0.active,b1_0.average_rating,b1_0.borrow_fee,b1_0.category_id,b1_0.cover_image_url,b1_0.created_at,b1_0.description,b1_0.isbn,b1_0.publish_year,b1_0.publisher_id,b1_0.rating_count,b1_0.title,b1_0.updated_at,b1_0.version from books b1_0 where b1_0.id=?
2026-09-25T14:00:50.680+07:00 DEBUG 9912 --- [library_management] [   scheduling-1] org.hibernate.SQL                        : select u1_0.id,u1_0.active,u1_0.created_at,u1_0.email,u1_0.full_name,u1_0.password_hash,u1_0.phone,u1_0.role,u1_0.updated_at from users u1_0 where u1_0.id=?
2026-09-25T14:00:50.684+07:00 DEBUG 9912 --- [library_management] [   scheduling-1] org.hibernate.SQL                        : select b1_0.id,b1_0.active,b1_0.average_rating,b1_0.borrow_fee,b1_0.category_id,b1_0.cover_image_url,b1_0.created_at,b1_0.description,b1_0.isbn,b1_0.publish_year,b1_0.publisher_id,b1_0.rating_count,b1_0.title,b1_0.updated_at,b1_0.version from books b1_0 where b1_0.id=?
2026-09-25T14:00:50.687+07:00 DEBUG 9912 --- [library_management] [   scheduling-1] org.hibernate.SQL                        : select b1_0.id,b1_0.active,b1_0.average_rating,b1_0.borrow_fee,b1_0.category_id,b1_0.cover_image_url,b1_0.created_at,b1_0.description,b1_0.isbn,b1_0.publish_year,b1_0.publisher_id,b1_0.rating_count,b1_0.title,b1_0.updated_at,b1_0.version from books b1_0 where b1_0.id=?
2026-09-25T14:00:50.693+07:00 DEBUG 9912 --- [library_management] [   scheduling-1] org.hibernate.SQL                        : select count(bc1_0.id) from book_copies bc1_0 where bc1_0.book_id=? and bc1_0.status=?
2026-09-25T14:00:50.697+07:00 DEBUG 9912 --- [library_management] [   scheduling-1] org.hibernate.SQL                        : select count(bc1_0.id) from book_copies bc1_0 where bc1_0.book_id=? and bc1_0.status=?
2026-09-25T14:00:50.700+07:00 DEBUG 9912 --- [library_management] [   scheduling-1] org.hibernate.SQL                        : select count(bc1_0.id) from book_copies bc1_0 where bc1_0.book_id=? and bc1_0.status=?
2026-09-25T14:01:05.131+07:00 DEBUG 9912 --- [library_management] [   scheduling-1] org.hibernate.SQL                        : select br1_0.id,br1_0.book_copy_id,bc1_0.id,bc1_0.acquired_date,bc1_0.barcode,bc1_0.book_id,b1_0.id,b1_0.active,b1_0.average_rating,b1_0.borrow_fee,b1_0.category_id,b1_0.cover_image_url,b1_0.created_at,b1_0.description,b1_0.isbn,b1_0.publish_year,b1_0.publisher_id,b1_0.rating_count,b1_0.title,b1_0.updated_at,b1_0.version,bc1_0.created_at,bc1_0.shelf_location,bc1_0.status,bc1_0.updated_at,bc1_0.version,br1_0.borrow_days,br1_0.borrow_fee,br1_0.borrowed_at,br1_0.cancelled_at,br1_0.created_at,br1_0.deposit_amount,br1_0.deposit_refunded_at,br1_0.due_at,br1_0.paid_amount,br1_0.paid_at,br1_0.payment_code,br1_0.payment_method,br1_0.pickup_location,br1_0.reference_code,br1_0.returned_at,br1_0.status,br1_0.total_amount,br1_0.updated_at,br1_0.user_id,u1_0.id,u1_0.active,u1_0.created_at,u1_0.email,u1_0.full_name,u1_0.password_hash,u1_0.phone,u1_0.role,u1_0.updated_at from borrow_records br1_0 join book_copies bc1_0 on bc1_0.id=br1_0.book_copy_id join books b1_0 on b1_0.id=bc1_0.book_id join users u1_0 on u1_0.id=br1_0.user_id where br1_0.status=? and br1_0.due_at between ? and ?
2026-09-25T14:01:05.137+07:00 DEBUG 9912 --- [library_management] [   scheduling-1] org.hibernate.SQL                        : select br1_0.id,br1_0.book_copy_id,bc1_0.id,bc1_0.acquired_date,bc1_0.barcode,bc1_0.book_id,b1_0.id,b1_0.active,b1_0.average_rating,b1_0.borrow_fee,b1_0.category_id,b1_0.cover_image_url,b1_0.created_at,b1_0.description,b1_0.isbn,b1_0.publish_year,b1_0.publisher_id,b1_0.rating_count,b1_0.title,b1_0.updated_at,b1_0.version,bc1_0.created_at,bc1_0.shelf_location,bc1_0.status,bc1_0.updated_at,bc1_0.version,br1_0.borrow_days,br1_0.borrow_fee,br1_0.borrowed_at,br1_0.cancelled_at,br1_0.created_at,br1_0.deposit_amount,br1_0.deposit_refunded_at,br1_0.due_at,br1_0.paid_amount,br1_0.paid_at,br1_0.payment_code,br1_0.payment_method,br1_0.pickup_location,br1_0.reference_code,br1_0.returned_at,br1_0.status,br1_0.total_amount,br1_0.updated_at,br1_0.user_id,u1_0.id,u1_0.active,u1_0.created_at,u1_0.email,u1_0.full_name,u1_0.password_hash,u1_0.phone,u1_0.role,u1_0.updated_at from borrow_records br1_0 join book_copies bc1_0 on bc1_0.id=br1_0.book_copy_id join books b1_0 on b1_0.id=bc1_0.book_id join users u1_0 on u1_0.id=br1_0.user_id where br1_0.status in (?,?) and br1_0.due_at<?
2026-09-25T14:01:05.707+07:00 DEBUG 9912 --- [library_management] [   scheduling-1] org.hibernate.SQL                        : select bas1_0.id,bas1_0.book_id,bas1_0.created_at,bas1_0.last_available_quantity,bas1_0.user_id from book_availability_subscriptions bas1_0
2026-09-25T14:01:05.708+07:00 DEBUG 9912 --- [library_management] [   scheduling-1] org.hibernate.SQL                        : select b1_0.id,b1_0.active,b1_0.average_rating,b1_0.borrow_fee,b1_0.category_id,b1_0.cover_image_url,b1_0.created_at,b1_0.description,b1_0.isbn,b1_0.publish_year,b1_0.publisher_id,b1_0.rating_count,b1_0.title,b1_0.updated_at,b1_0.version from books b1_0 where b1_0.id=?
2026-09-25T14:01:05.710+07:00 DEBUG 9912 --- [library_management] [   scheduling-1] org.hibernate.SQL                        : select u1_0.id,u1_0.active,u1_0.created_at,u1_0.email,u1_0.full_name,u1_0.password_hash,u1_0.phone,u1_0.role,u1_0.updated_at from users u1_0 where u1_0.id=?
2026-09-25T14:01:05.711+07:00 DEBUG 9912 --- [library_management] [   scheduling-1] org.hibernate.SQL                        : select b1_0.id,b1_0.active,b1_0.average_rating,b1_0.borrow_fee,b1_0.category_id,b1_0.cover_image_url,b1_0.created_at,b1_0.description,b1_0.isbn,b1_0.publish_year,b1_0.publisher_id,b1_0.rating_count,b1_0.title,b1_0.updated_at,b1_0.version from books b1_0 where b1_0.id=?
2026-09-25T14:01:05.713+07:00 DEBUG 9912 --- [library_management] [   scheduling-1] org.hibernate.SQL                        : select b1_0.id,b1_0.active,b1_0.average_rating,b1_0.borrow_fee,b1_0.category_id,b1_0.cover_image_url,b1_0.created_at,b1_0.description,b1_0.isbn,b1_0.publish_year,b1_0.publisher_id,b1_0.rating_count,b1_0.title,b1_0.updated_at,b1_0.version from books b1_0 where b1_0.id=?
2026-09-25T14:01:05.715+07:00 DEBUG 9912 --- [library_management] [   scheduling-1] org.hibernate.SQL                        : select count(bc1_0.id) from book_copies bc1_0 where bc1_0.book_id=? and bc1_0.status=?
2026-09-25T14:01:05.717+07:00 DEBUG 9912 --- [library_management] [   scheduling-1] org.hibernate.SQL                        : select count(bc1_0.id) from book_copies bc1_0 where bc1_0.book_id=? and bc1_0.status=?
2026-09-25T14:01:05.720+07:00 DEBUG 9912 --- [library_management] [   scheduling-1] org.hibernate.SQL                        : select count(bc1_0.id) from book_copies bc1_0 where bc1_0.book_id=? and bc1_0.status=?
2026-09-25T14:01:20.726+07:00 DEBUG 9912 --- [library_management] [   scheduling-1] org.hibernate.SQL                        : select bas1_0.id,bas1_0.book_id,bas1_0.created_at,bas1_0.last_available_quantity,bas1_0.user_id from book_availability_subscriptions bas1_0
2026-09-25T14:01:20.728+07:00 DEBUG 9912 --- [library_management] [   scheduling-1] org.hibernate.SQL                        : select b1_0.id,b1_0.active,b1_0.average_rating,b1_0.borrow_fee,b1_0.category_id,b1_0.cover_image_url,b1_0.created_at,b1_0.description,b1_0.isbn,b1_0.publish_year,b1_0.publisher_id,b1_0.rating_count,b1_0.title,b1_0.updated_at,b1_0.version from books b1_0 where b1_0.id=?
2026-09-25T14:01:20.730+07:00 DEBUG 9912 --- [library_management] [   scheduling-1] org.hibernate.SQL                        : select u1_0.id,u1_0.active,u1_0.created_at,u1_0.email,u1_0.full_name,u1_0.password_hash,u1_0.phone,u1_0.role,u1_0.updated_at from users u1_0 where u1_0.id=?
2026-09-25T14:01:20.731+07:00 DEBUG 9912 --- [library_management] [   scheduling-1] org.hibernate.SQL                        : select b1_0.id,b1_0.active,b1_0.average_rating,b1_0.borrow_fee,b1_0.category_id,b1_0.cover_image_url,b1_0.created_at,b1_0.description,b1_0.isbn,b1_0.publish_year,b1_0.publisher_id,b1_0.rating_count,b1_0.title,b1_0.updated_at,b1_0.version from books b1_0 where b1_0.id=?
2026-09-25T14:01:20.733+07:00 DEBUG 9912 --- [library_management] [   scheduling-1] org.hibernate.SQL                        : select b1_0.id,b1_0.active,b1_0.average_rating,b1_0.borrow_fee,b1_0.category_id,b1_0.cover_image_url,b1_0.created_at,b1_0.description,b1_0.isbn,b1_0.publish_year,b1_0.publisher_id,b1_0.rating_count,b1_0.title,b1_0.updated_at,b1_0.version from books b1_0 where b1_0.id=?
2026-09-25T14:01:20.736+07:00 DEBUG 9912 --- [library_management] [   scheduling-1] org.hibernate.SQL                        : select count(bc1_0.id) from book_copies bc1_0 where bc1_0.book_id=? and bc1_0.status=?
2026-09-25T14:01:20.740+07:00 DEBUG 9912 --- [library_management] [   scheduling-1] org.hibernate.SQL                        : select count(bc1_0.id) from book_copies bc1_0 where bc1_0.book_id=? and bc1_0.status=?
2026-09-25T14:01:20.741+07:00 DEBUG 9912 --- [library_management] [   scheduling-1] org.hibernate.SQL                        : select count(bc1_0.id) from book_copies bc1_0 where bc1_0.book_id=? and bc1_0.status=?
2026-09-25T14:01:35.748+07:00 DEBUG 9912 --- [library_management] [   scheduling-1] org.hibernate.SQL                        : select bas1_0.id,bas1_0.book_id,bas1_0.created_at,bas1_0.last_available_quantity,bas1_0.user_id from book_availability_subscriptions bas1_0
2026-09-25T14:01:35.751+07:00 DEBUG 9912 --- [library_management] [   scheduling-1] org.hibernate.SQL                        : select b1_0.id,b1_0.active,b1_0.average_rating,b1_0.borrow_fee,b1_0.category_id,b1_0.cover_image_url,b1_0.created_at,b1_0.description,b1_0.isbn,b1_0.publish_year,b1_0.publisher_id,b1_0.rating_count,b1_0.title,b1_0.updated_at,b1_0.version from books b1_0 where b1_0.id=?
2026-09-25T14:01:35.753+07:00 DEBUG 9912 --- [library_management] [   scheduling-1] org.hibernate.SQL                        : select u1_0.id,u1_0.active,u1_0.created_at,u1_0.email,u1_0.full_name,u1_0.password_hash,u1_0.phone,u1_0.role,u1_0.updated_at from users u1_0 where u1_0.id=?
2026-09-25T14:01:35.754+07:00 DEBUG 9912 --- [library_management] [   scheduling-1] org.hibernate.SQL                        : select b1_0.id,b1_0.active,b1_0.average_rating,b1_0.borrow_fee,b1_0.category_id,b1_0.cover_image_url,b1_0.created_at,b1_0.description,b1_0.isbn,b1_0.publish_year,b1_0.publisher_id,b1_0.rating_count,b1_0.title,b1_0.updated_at,b1_0.version from books b1_0 where b1_0.id=?
2026-09-25T14:01:35.755+07:00 DEBUG 9912 --- [library_management] [   scheduling-1] org.hibernate.SQL                        : select b1_0.id,b1_0.active,b1_0.average_rating,b1_0.borrow_fee,b1_0.category_id,b1_0.cover_image_url,b1_0.created_at,b1_0.description,b1_0.isbn,b1_0.publish_year,b1_0.publisher_id,b1_0.rating_count,b1_0.title,b1_0.updated_at,b1_0.version from books b1_0 where b1_0.id=?
2026-09-25T14:01:35.757+07:00 DEBUG 9912 --- [library_management] [   scheduling-1] org.hibernate.SQL                        : select count(bc1_0.id) from book_copies bc1_0 where bc1_0.book_id=? and bc1_0.status=?
2026-09-25T14:01:35.759+07:00 DEBUG 9912 --- [library_management] [   scheduling-1] org.hibernate.SQL                        : select count(bc1_0.id) from book_copies bc1_0 where bc1_0.book_id=? and bc1_0.status=?
2026-09-25T14:01:35.760+07:00 DEBUG 9912 --- [library_management] [   scheduling-1] org.hibernate.SQL                        : select count(bc1_0.id) from book_copies bc1_0 where bc1_0.book_id=? and bc1_0.status=?
2026-09-25T14:01:50.765+07:00 DEBUG 9912 --- [library_management] [   scheduling-1] org.hibernate.SQL                        : select bas1_0.id,bas1_0.book_id,bas1_0.created_at,bas1_0.last_available_quantity,bas1_0.user_id from book_availability_subscriptions bas1_0
2026-09-25T14:01:50.768+07:00 DEBUG 9912 --- [library_management] [   scheduling-1] org.hibernate.SQL                        : select b1_0.id,b1_0.active,b1_0.average_rating,b1_0.borrow_fee,b1_0.category_id,b1_0.cover_image_url,b1_0.created_at,b1_0.description,b1_0.isbn,b1_0.publish_year,b1_0.publisher_id,b1_0.rating_count,b1_0.title,b1_0.updated_at,b1_0.version from books b1_0 where b1_0.id=?
2026-09-25T14:01:50.770+07:00 DEBUG 9912 --- [library_management] [   scheduling-1] org.hibernate.SQL                        : select u1_0.id,u1_0.active,u1_0.created_at,u1_0.email,u1_0.full_name,u1_0.password_hash,u1_0.phone,u1_0.role,u1_0.updated_at from users u1_0 where u1_0.id=?
2026-09-25T14:01:50.771+07:00 DEBUG 9912 --- [library_management] [   scheduling-1] org.hibernate.SQL                        : select b1_0.id,b1_0.active,b1_0.average_rating,b1_0.borrow_fee,b1_0.category_id,b1_0.cover_image_url,b1_0.created_at,b1_0.description,b1_0.isbn,b1_0.publish_year,b1_0.publisher_id,b1_0.rating_count,b1_0.title,b1_0.updated_at,b1_0.version from books b1_0 where b1_0.id=?
2026-09-25T14:01:50.773+07:00 DEBUG 9912 --- [library_management] [   scheduling-1] org.hibernate.SQL                        : select b1_0.id,b1_0.active,b1_0.average_rating,b1_0.borrow_fee,b1_0.category_id,b1_0.cover_image_url,b1_0.created_at,b1_0.description,b1_0.isbn,b1_0.publish_year,b1_0.publisher_id,b1_0.rating_count,b1_0.title,b1_0.updated_at,b1_0.version from books b1_0 where b1_0.id=?
2026-09-25T14:01:50.775+07:00 DEBUG 9912 --- [library_management] [   scheduling-1] org.hibernate.SQL                        : select count(bc1_0.id) from book_copies bc1_0 where bc1_0.book_id=? and bc1_0.status=?
2026-09-25T14:01:50.777+07:00 DEBUG 9912 --- [library_management] [   scheduling-1] org.hibernate.SQL                        : select count(bc1_0.id) from book_copies bc1_0 where bc1_0.book_id=? and bc1_0.status=?
2026-09-25T14:01:50.779+07:00 DEBUG 9912 --- [library_management] [   scheduling-1] org.hibernate.SQL                        : select count(bc1_0.id) from book_copies bc1_0 where bc1_0.book_id=? and bc1_0.status=?
2026-09-25T14:02:05.143+07:00 DEBUG 9912 --- [library_management] [   scheduling-1] org.hibernate.SQL                        : select br1_0.id,br1_0.book_copy_id,bc1_0.id,bc1_0.acquired_date,bc1_0.barcode,bc1_0.book_id,b1_0.id,b1_0.active,b1_0.average_rating,b1_0.borrow_fee,b1_0.category_id,b1_0.cover_image_url,b1_0.created_at,b1_0.description,b1_0.isbn,b1_0.publish_year,b1_0.publisher_id,b1_0.rating_count,b1_0.title,b1_0.updated_at,b1_0.version,bc1_0.created_at,bc1_0.shelf_location,bc1_0.status,bc1_0.updated_at,bc1_0.version,br1_0.borrow_days,br1_0.borrow_fee,br1_0.borrowed_at,br1_0.cancelled_at,br1_0.created_at,br1_0.deposit_amount,br1_0.deposit_refunded_at,br1_0.due_at,br1_0.paid_amount,br1_0.paid_at,br1_0.payment_code,br1_0.payment_method,br1_0.pickup_location,br1_0.reference_code,br1_0.returned_at,br1_0.status,br1_0.total_amount,br1_0.updated_at,br1_0.user_id,u1_0.id,u1_0.active,u1_0.created_at,u1_0.email,u1_0.full_name,u1_0.password_hash,u1_0.phone,u1_0.role,u1_0.updated_at from borrow_records br1_0 join book_copies bc1_0 on bc1_0.id=br1_0.book_copy_id join books b1_0 on b1_0.id=bc1_0.book_id join users u1_0 on u1_0.id=br1_0.user_id where br1_0.status=? and br1_0.due_at between ? and ?
2026-09-25T14:02:05.147+07:00 DEBUG 9912 --- [library_management] [   scheduling-1] org.hibernate.SQL                        : select br1_0.id,br1_0.book_copy_id,bc1_0.id,bc1_0.acquired_date,bc1_0.barcode,bc1_0.book_id,b1_0.id,b1_0.active,b1_0.average_rating,b1_0.borrow_fee,b1_0.category_id,b1_0.cover_image_url,b1_0.created_at,b1_0.description,b1_0.isbn,b1_0.publish_year,b1_0.publisher_id,b1_0.rating_count,b1_0.title,b1_0.updated_at,b1_0.version,bc1_0.created_at,bc1_0.shelf_location,bc1_0.status,bc1_0.updated_at,bc1_0.version,br1_0.borrow_days,br1_0.borrow_fee,br1_0.borrowed_at,br1_0.cancelled_at,br1_0.created_at,br1_0.deposit_amount,br1_0.deposit_refunded_at,br1_0.due_at,br1_0.paid_amount,br1_0.paid_at,br1_0.payment_code,br1_0.payment_method,br1_0.pickup_location,br1_0.reference_code,br1_0.returned_at,br1_0.status,br1_0.total_amount,br1_0.updated_at,br1_0.user_id,u1_0.id,u1_0.active,u1_0.created_at,u1_0.email,u1_0.full_name,u1_0.password_hash,u1_0.phone,u1_0.role,u1_0.updated_at from borrow_records br1_0 join book_copies bc1_0 on bc1_0.id=br1_0.book_copy_id join books b1_0 on b1_0.id=bc1_0.book_id join users u1_0 on u1_0.id=br1_0.user_id where br1_0.status in (?,?) and br1_0.due_at<?
2026-09-25T14:02:05.786+07:00 DEBUG 9912 --- [library_management] [   scheduling-1] org.hibernate.SQL                        : select bas1_0.id,bas1_0.book_id,bas1_0.created_at,bas1_0.last_available_quantity,bas1_0.user_id from book_availability_subscriptions bas1_0
2026-09-25T14:02:05.788+07:00 DEBUG 9912 --- [library_management] [   scheduling-1] org.hibernate.SQL                        : select b1_0.id,b1_0.active,b1_0.average_rating,b1_0.borrow_fee,b1_0.category_id,b1_0.cover_image_url,b1_0.created_at,b1_0.description,b1_0.isbn,b1_0.publish_year,b1_0.publisher_id,b1_0.rating_count,b1_0.title,b1_0.updated_at,b1_0.version from books b1_0 where b1_0.id=?
2026-09-25T14:02:05.790+07:00 DEBUG 9912 --- [library_management] [   scheduling-1] org.hibernate.SQL                        : select u1_0.id,u1_0.active,u1_0.created_at,u1_0.email,u1_0.full_name,u1_0.password_hash,u1_0.phone,u1_0.role,u1_0.updated_at from users u1_0 where u1_0.id=?
2026-09-25T14:02:05.793+07:00 DEBUG 9912 --- [library_management] [   scheduling-1] org.hibernate.SQL                        : select b1_0.id,b1_0.active,b1_0.average_rating,b1_0.borrow_fee,b1_0.category_id,b1_0.cover_image_url,b1_0.created_at,b1_0.description,b1_0.isbn,b1_0.publish_year,b1_0.publisher_id,b1_0.rating_count,b1_0.title,b1_0.updated_at,b1_0.version from books b1_0 where b1_0.id=?
2026-09-25T14:02:05.795+07:00 DEBUG 9912 --- [library_management] [   scheduling-1] org.hibernate.SQL                        : select b1_0.id,b1_0.active,b1_0.average_rating,b1_0.borrow_fee,b1_0.category_id,b1_0.cover_image_url,b1_0.created_at,b1_0.description,b1_0.isbn,b1_0.publish_year,b1_0.publisher_id,b1_0.rating_count,b1_0.title,b1_0.updated_at,b1_0.version from books b1_0 where b1_0.id=?
2026-09-25T14:02:05.799+07:00 DEBUG 9912 --- [library_management] [   scheduling-1] org.hibernate.SQL                        : select count(bc1_0.id) from book_copies bc1_0 where bc1_0.book_id=? and bc1_0.status=?
2026-09-25T14:02:05.802+07:00 DEBUG 9912 --- [library_management] [   scheduling-1] org.hibernate.SQL                        : select count(bc1_0.id) from book_copies bc1_0 where bc1_0.book_id=? and bc1_0.status=?
2026-09-25T14:02:05.805+07:00 DEBUG 9912 --- [library_management] [   scheduling-1] org.hibernate.SQL                        : select count(bc1_0.id) from book_copies bc1_0 where bc1_0.book_id=? and bc1_0.status=?
2026-09-25T14:02:20.813+07:00 DEBUG 9912 --- [library_management] [   scheduling-1] org.hibernate.SQL                        : select bas1_0.id,bas1_0.book_id,bas1_0.created_at,bas1_0.last_available_quantity,bas1_0.user_id from book_availability_subscriptions bas1_0
2026-09-25T14:02:20.815+07:00 DEBUG 9912 --- [library_management] [   scheduling-1] org.hibernate.SQL                        : select b1_0.id,b1_0.active,b1_0.average_rating,b1_0.borrow_fee,b1_0.category_id,b1_0.cover_image_url,b1_0.created_at,b1_0.description,b1_0.isbn,b1_0.publish_year,b1_0.publisher_id,b1_0.rating_count,b1_0.title,b1_0.updated_at,b1_0.version from books b1_0 where b1_0.id=?
2026-09-25T14:02:20.817+07:00 DEBUG 9912 --- [library_management] [   scheduling-1] org.hibernate.SQL                        : select u1_0.id,u1_0.active,u1_0.created_at,u1_0.email,u1_0.full_name,u1_0.password_hash,u1_0.phone,u1_0.role,u1_0.updated_at from users u1_0 where u1_0.id=?
2026-09-25T14:02:20.818+07:00 DEBUG 9912 --- [library_management] [   scheduling-1] org.hibernate.SQL                        : select b1_0.id,b1_0.active,b1_0.average_rating,b1_0.borrow_fee,b1_0.category_id,b1_0.cover_image_url,b1_0.created_at,b1_0.description,b1_0.isbn,b1_0.publish_year,b1_0.publisher_id,b1_0.rating_count,b1_0.title,b1_0.updated_at,b1_0.version from books b1_0 where b1_0.id=?
2026-09-25T14:02:20.820+07:00 DEBUG 9912 --- [library_management] [   scheduling-1] org.hibernate.SQL                        : select b1_0.id,b1_0.active,b1_0.average_rating,b1_0.borrow_fee,b1_0.category_id,b1_0.cover_image_url,b1_0.created_at,b1_0.description,b1_0.isbn,b1_0.publish_year,b1_0.publisher_id,b1_0.rating_count,b1_0.title,b1_0.updated_at,b1_0.version from books b1_0 where b1_0.id=?
2026-09-25T14:02:20.823+07:00 DEBUG 9912 --- [library_management] [   scheduling-1] org.hibernate.SQL                        : select count(bc1_0.id) from book_copies bc1_0 where bc1_0.book_id=? and bc1_0.status=?
2026-09-25T14:02:20.826+07:00 DEBUG 9912 --- [library_management] [   scheduling-1] org.hibernate.SQL                        : select count(bc1_0.id) from book_copies bc1_0 where bc1_0.book_id=? and bc1_0.status=?
2026-09-25T14:02:20.828+07:00 DEBUG 9912 --- [library_management] [   scheduling-1] org.hibernate.SQL                        : select count(bc1_0.id) from book_copies bc1_0 where bc1_0.book_id=? and bc1_0.status=?
2026-09-25T14:02:35.834+07:00 DEBUG 9912 --- [library_management] [   scheduling-1] org.hibernate.SQL                        : select bas1_0.id,bas1_0.book_id,bas1_0.created_at,bas1_0.last_available_quantity,bas1_0.user_id from book_availability_subscriptions bas1_0
2026-09-25T14:02:35.839+07:00 DEBUG 9912 --- [library_management] [   scheduling-1] org.hibernate.SQL                        : select b1_0.id,b1_0.active,b1_0.average_rating,b1_0.borrow_fee,b1_0.category_id,b1_0.cover_image_url,b1_0.created_at,b1_0.description,b1_0.isbn,b1_0.publish_year,b1_0.publisher_id,b1_0.rating_count,b1_0.title,b1_0.updated_at,b1_0.version from books b1_0 where b1_0.id=?
2026-09-25T14:02:35.841+07:00 DEBUG 9912 --- [library_management] [   scheduling-1] org.hibernate.SQL                        : select u1_0.id,u1_0.active,u1_0.created_at,u1_0.email,u1_0.full_name,u1_0.password_hash,u1_0.phone,u1_0.role,u1_0.updated_at from users u1_0 where u1_0.id=?
2026-09-25T14:02:35.844+07:00 DEBUG 9912 --- [library_management] [   scheduling-1] org.hibernate.SQL                        : select b1_0.id,b1_0.active,b1_0.average_rating,b1_0.borrow_fee,b1_0.category_id,b1_0.cover_image_url,b1_0.created_at,b1_0.description,b1_0.isbn,b1_0.publish_year,b1_0.publisher_id,b1_0.rating_count,b1_0.title,b1_0.updated_at,b1_0.version from books b1_0 where b1_0.id=?
2026-09-25T14:02:35.846+07:00 DEBUG 9912 --- [library_management] [   scheduling-1] org.hibernate.SQL                        : select b1_0.id,b1_0.active,b1_0.average_rating,b1_0.borrow_fee,b1_0.category_id,b1_0.cover_image_url,b1_0.created_at,b1_0.description,b1_0.isbn,b1_0.publish_year,b1_0.publisher_id,b1_0.rating_count,b1_0.title,b1_0.updated_at,b1_0.version from books b1_0 where b1_0.id=?
2026-09-25T14:02:35.849+07:00 DEBUG 9912 --- [library_management] [   scheduling-1] org.hibernate.SQL                        : select count(bc1_0.id) from book_copies bc1_0 where bc1_0.book_id=? and bc1_0.status=?
2026-09-25T14:02:35.852+07:00 DEBUG 9912 --- [library_management] [   scheduling-1] org.hibernate.SQL                        : select count(bc1_0.id) from book_copies bc1_0 where bc1_0.book_id=? and bc1_0.status=?
2026-09-25T14:02:35.854+07:00 DEBUG 9912 --- [library_management] [   scheduling-1] org.hibernate.SQL                        : select count(bc1_0.id) from book_copies bc1_0 where bc1_0.book_id=? and bc1_0.status=?
2026-09-25T14:02:50.861+07:00 DEBUG 9912 --- [library_management] [   scheduling-1] org.hibernate.SQL                        : select bas1_0.id,bas1_0.book_id,bas1_0.created_at,bas1_0.last_available_quantity,bas1_0.user_id from book_availability_subscriptions bas1_0
2026-09-25T14:02:50.863+07:00 DEBUG 9912 --- [library_management] [   scheduling-1] org.hibernate.SQL                        : select b1_0.id,b1_0.active,b1_0.average_rating,b1_0.borrow_fee,b1_0.category_id,b1_0.cover_image_url,b1_0.created_at,b1_0.description,b1_0.isbn,b1_0.publish_year,b1_0.publisher_id,b1_0.rating_count,b1_0.title,b1_0.updated_at,b1_0.version from books b1_0 where b1_0.id=?
2026-09-25T14:02:50.864+07:00 DEBUG 9912 --- [library_management] [   scheduling-1] org.hibernate.SQL                        : select u1_0.id,u1_0.active,u1_0.created_at,u1_0.email,u1_0.full_name,u1_0.password_hash,u1_0.phone,u1_0.role,u1_0.updated_at from users u1_0 where u1_0.id=?
2026-09-25T14:02:50.865+07:00 DEBUG 9912 --- [library_management] [   scheduling-1] org.hibernate.SQL                        : select b1_0.id,b1_0.active,b1_0.average_rating,b1_0.borrow_fee,b1_0.category_id,b1_0.cover_image_url,b1_0.created_at,b1_0.description,b1_0.isbn,b1_0.publish_year,b1_0.publisher_id,b1_0.rating_count,b1_0.title,b1_0.updated_at,b1_0.version from books b1_0 where b1_0.id=?
2026-09-25T14:02:50.867+07:00 DEBUG 9912 --- [library_management] [   scheduling-1] org.hibernate.SQL                        : select b1_0.id,b1_0.active,b1_0.average_rating,b1_0.borrow_fee,b1_0.category_id,b1_0.cover_image_url,b1_0.created_at,b1_0.description,b1_0.isbn,b1_0.publish_year,b1_0.publisher_id,b1_0.rating_count,b1_0.title,b1_0.updated_at,b1_0.version from books b1_0 where b1_0.id=?
2026-09-25T14:02:50.870+07:00 DEBUG 9912 --- [library_management] [   scheduling-1] org.hibernate.SQL                        : select count(bc1_0.id) from book_copies bc1_0 where bc1_0.book_id=? and bc1_0.status=?
2026-09-25T14:02:50.872+07:00 DEBUG 9912 --- [library_management] [   scheduling-1] org.hibernate.SQL                        : select count(bc1_0.id) from book_copies bc1_0 where bc1_0.book_id=? and bc1_0.status=?
2026-09-25T14:02:50.876+07:00 DEBUG 9912 --- [library_management] [   scheduling-1] org.hibernate.SQL                        : select count(bc1_0.id) from book_copies bc1_0 where bc1_0.book_id=? and bc1_0.status=?
2026-09-25T14:03:05.154+07:00 DEBUG 9912 --- [library_management] [   scheduling-1] org.hibernate.SQL                        : select br1_0.id,br1_0.book_copy_id,bc1_0.id,bc1_0.acquired_date,bc1_0.barcode,bc1_0.book_id,b1_0.id,b1_0.active,b1_0.average_rating,b1_0.borrow_fee,b1_0.category_id,b1_0.cover_image_url,b1_0.created_at,b1_0.description,b1_0.isbn,b1_0.publish_year,b1_0.publisher_id,b1_0.rating_count,b1_0.title,b1_0.updated_at,b1_0.version,bc1_0.created_at,bc1_0.shelf_location,bc1_0.status,bc1_0.updated_at,bc1_0.version,br1_0.borrow_days,br1_0.borrow_fee,br1_0.borrowed_at,br1_0.cancelled_at,br1_0.created_at,br1_0.deposit_amount,br1_0.deposit_refunded_at,br1_0.due_at,br1_0.paid_amount,br1_0.paid_at,br1_0.payment_code,br1_0.payment_method,br1_0.pickup_location,br1_0.reference_code,br1_0.returned_at,br1_0.status,br1_0.total_amount,br1_0.updated_at,br1_0.user_id,u1_0.id,u1_0.active,u1_0.created_at,u1_0.email,u1_0.full_name,u1_0.password_hash,u1_0.phone,u1_0.role,u1_0.updated_at from borrow_records br1_0 join book_copies bc1_0 on bc1_0.id=br1_0.book_copy_id join books b1_0 on b1_0.id=bc1_0.book_id join users u1_0 on u1_0.id=br1_0.user_id where br1_0.status=? and br1_0.due_at between ? and ?
2026-09-25T14:03:05.159+07:00 DEBUG 9912 --- [library_management] [   scheduling-1] org.hibernate.SQL                        : select br1_0.id,br1_0.book_copy_id,bc1_0.id,bc1_0.acquired_date,bc1_0.barcode,bc1_0.book_id,b1_0.id,b1_0.active,b1_0.average_rating,b1_0.borrow_fee,b1_0.category_id,b1_0.cover_image_url,b1_0.created_at,b1_0.description,b1_0.isbn,b1_0.publish_year,b1_0.publisher_id,b1_0.rating_count,b1_0.title,b1_0.updated_at,b1_0.version,bc1_0.created_at,bc1_0.shelf_location,bc1_0.status,bc1_0.updated_at,bc1_0.version,br1_0.borrow_days,br1_0.borrow_fee,br1_0.borrowed_at,br1_0.cancelled_at,br1_0.created_at,br1_0.deposit_amount,br1_0.deposit_refunded_at,br1_0.due_at,br1_0.paid_amount,br1_0.paid_at,br1_0.payment_code,br1_0.payment_method,br1_0.pickup_location,br1_0.reference_code,br1_0.returned_at,br1_0.status,br1_0.total_amount,br1_0.updated_at,br1_0.user_id,u1_0.id,u1_0.active,u1_0.created_at,u1_0.email,u1_0.full_name,u1_0.password_hash,u1_0.phone,u1_0.role,u1_0.updated_at from borrow_records br1_0 join book_copies bc1_0 on bc1_0.id=br1_0.book_copy_id join books b1_0 on b1_0.id=bc1_0.book_id join users u1_0 on u1_0.id=br1_0.user_id where br1_0.status in (?,?) and br1_0.due_at<?
2026-09-25T14:03:05.881+07:00 DEBUG 9912 --- [library_management] [   scheduling-1] org.hibernate.SQL                        : select bas1_0.id,bas1_0.book_id,bas1_0.created_at,bas1_0.last_available_quantity,bas1_0.user_id from book_availability_subscriptions bas1_0
2026-09-25T14:03:05.884+07:00 DEBUG 9912 --- [library_management] [   scheduling-1] org.hibernate.SQL                        : select b1_0.id,b1_0.active,b1_0.average_rating,b1_0.borrow_fee,b1_0.category_id,b1_0.cover_image_url,b1_0.created_at,b1_0.description,b1_0.isbn,b1_0.publish_year,b1_0.publisher_id,b1_0.rating_count,b1_0.title,b1_0.updated_at,b1_0.version from books b1_0 where b1_0.id=?
2026-09-25T14:03:05.886+07:00 DEBUG 9912 --- [library_management] [   scheduling-1] org.hibernate.SQL                        : select u1_0.id,u1_0.active,u1_0.created_at,u1_0.email,u1_0.full_name,u1_0.password_hash,u1_0.phone,u1_0.role,u1_0.updated_at from users u1_0 where u1_0.id=?
2026-09-25T14:03:05.887+07:00 DEBUG 9912 --- [library_management] [   scheduling-1] org.hibernate.SQL                        : select b1_0.id,b1_0.active,b1_0.average_rating,b1_0.borrow_fee,b1_0.category_id,b1_0.cover_image_url,b1_0.created_at,b1_0.description,b1_0.isbn,b1_0.publish_year,b1_0.publisher_id,b1_0.rating_count,b1_0.title,b1_0.updated_at,b1_0.version from books b1_0 where b1_0.id=?
2026-09-25T14:03:05.889+07:00 DEBUG 9912 --- [library_management] [   scheduling-1] org.hibernate.SQL                        : select b1_0.id,b1_0.active,b1_0.average_rating,b1_0.borrow_fee,b1_0.category_id,b1_0.cover_image_url,b1_0.created_at,b1_0.description,b1_0.isbn,b1_0.publish_year,b1_0.publisher_id,b1_0.rating_count,b1_0.title,b1_0.updated_at,b1_0.version from books b1_0 where b1_0.id=?
2026-09-25T14:03:05.890+07:00 DEBUG 9912 --- [library_management] [   scheduling-1] org.hibernate.SQL                        : select count(bc1_0.id) from book_copies bc1_0 where bc1_0.book_id=? and bc1_0.status=?
2026-09-25T14:03:05.893+07:00 DEBUG 9912 --- [library_management] [   scheduling-1] org.hibernate.SQL                        : select count(bc1_0.id) from book_copies bc1_0 where bc1_0.book_id=? and bc1_0.status=?
2026-09-25T14:03:05.894+07:00 DEBUG 9912 --- [library_management] [   scheduling-1] org.hibernate.SQL                        : select count(bc1_0.id) from book_copies bc1_0 where bc1_0.book_id=? and bc1_0.status=?
2026-09-25T14:03:20.900+07:00 DEBUG 9912 --- [library_management] [   scheduling-1] org.hibernate.SQL                        : select bas1_0.id,bas1_0.book_id,bas1_0.created_at,bas1_0.last_available_quantity,bas1_0.user_id from book_availability_subscriptions bas1_0
2026-09-25T14:03:20.902+07:00 DEBUG 9912 --- [library_management] [   scheduling-1] org.hibernate.SQL                        : select b1_0.id,b1_0.active,b1_0.average_rating,b1_0.borrow_fee,b1_0.category_id,b1_0.cover_image_url,b1_0.created_at,b1_0.description,b1_0.isbn,b1_0.publish_year,b1_0.publisher_id,b1_0.rating_count,b1_0.title,b1_0.updated_at,b1_0.version from books b1_0 where b1_0.id=?
2026-09-25T14:03:20.904+07:00 DEBUG 9912 --- [library_management] [   scheduling-1] org.hibernate.SQL                        : select u1_0.id,u1_0.active,u1_0.created_at,u1_0.email,u1_0.full_name,u1_0.password_hash,u1_0.phone,u1_0.role,u1_0.updated_at from users u1_0 where u1_0.id=?
2026-09-25T14:03:20.905+07:00 DEBUG 9912 --- [library_management] [   scheduling-1] org.hibernate.SQL                        : select b1_0.id,b1_0.active,b1_0.average_rating,b1_0.borrow_fee,b1_0.category_id,b1_0.cover_image_url,b1_0.created_at,b1_0.description,b1_0.isbn,b1_0.publish_year,b1_0.publisher_id,b1_0.rating_count,b1_0.title,b1_0.updated_at,b1_0.version from books b1_0 where b1_0.id=?
2026-09-25T14:03:20.906+07:00 DEBUG 9912 --- [library_management] [   scheduling-1] org.hibernate.SQL                        : select b1_0.id,b1_0.active,b1_0.average_rating,b1_0.borrow_fee,b1_0.category_id,b1_0.cover_image_url,b1_0.created_at,b1_0.description,b1_0.isbn,b1_0.publish_year,b1_0.publisher_id,b1_0.rating_count,b1_0.title,b1_0.updated_at,b1_0.version from books b1_0 where b1_0.id=?
2026-09-25T14:03:20.909+07:00 DEBUG 9912 --- [library_management] [   scheduling-1] org.hibernate.SQL                        : select count(bc1_0.id) from book_copies bc1_0 where bc1_0.book_id=? and bc1_0.status=?
2026-09-25T14:03:20.910+07:00 DEBUG 9912 --- [library_management] [   scheduling-1] org.hibernate.SQL                        : select count(bc1_0.id) from book_copies bc1_0 where bc1_0.book_id=? and bc1_0.status=?
2026-09-25T14:03:20.912+07:00 DEBUG 9912 --- [library_management] [   scheduling-1] org.hibernate.SQL                        : select count(bc1_0.id) from book_copies bc1_0 where bc1_0.book_id=? and bc1_0.status=?
2026-09-25T14:03:35.917+07:00 DEBUG 9912 --- [library_management] [   scheduling-1] org.hibernate.SQL                        : select bas1_0.id,bas1_0.book_id,bas1_0.created_at,bas1_0.last_available_quantity,bas1_0.user_id from book_availability_subscriptions bas1_0
2026-09-25T14:03:35.920+07:00 DEBUG 9912 --- [library_management] [   scheduling-1] org.hibernate.SQL                        : select b1_0.id,b1_0.active,b1_0.average_rating,b1_0.borrow_fee,b1_0.category_id,b1_0.cover_image_url,b1_0.created_at,b1_0.description,b1_0.isbn,b1_0.publish_year,b1_0.publisher_id,b1_0.rating_count,b1_0.title,b1_0.updated_at,b1_0.version from books b1_0 where b1_0.id=?
2026-09-25T14:03:35.923+07:00 DEBUG 9912 --- [library_management] [   scheduling-1] org.hibernate.SQL                        : select u1_0.id,u1_0.active,u1_0.created_at,u1_0.email,u1_0.full_name,u1_0.password_hash,u1_0.phone,u1_0.role,u1_0.updated_at from users u1_0 where u1_0.id=?
2026-09-25T14:03:35.926+07:00 DEBUG 9912 --- [library_management] [   scheduling-1] org.hibernate.SQL                        : select b1_0.id,b1_0.active,b1_0.average_rating,b1_0.borrow_fee,b1_0.category_id,b1_0.cover_image_url,b1_0.created_at,b1_0.description,b1_0.isbn,b1_0.publish_year,b1_0.publisher_id,b1_0.rating_count,b1_0.title,b1_0.updated_at,b1_0.version from books b1_0 where b1_0.id=?
2026-09-25T14:03:35.928+07:00 DEBUG 9912 --- [library_management] [   scheduling-1] org.hibernate.SQL                        : select b1_0.id,b1_0.active,b1_0.average_rating,b1_0.borrow_fee,b1_0.category_id,b1_0.cover_image_url,b1_0.created_at,b1_0.description,b1_0.isbn,b1_0.publish_year,b1_0.publisher_id,b1_0.rating_count,b1_0.title,b1_0.updated_at,b1_0.version from books b1_0 where b1_0.id=?
2026-09-25T14:03:35.932+07:00 DEBUG 9912 --- [library_management] [   scheduling-1] org.hibernate.SQL                        : select count(bc1_0.id) from book_copies bc1_0 where bc1_0.book_id=? and bc1_0.status=?
2026-09-25T14:03:35.935+07:00 DEBUG 9912 --- [library_management] [   scheduling-1] org.hibernate.SQL                        : select count(bc1_0.id) from book_copies bc1_0 where bc1_0.book_id=? and bc1_0.status=?
2026-09-25T14:03:35.937+07:00 DEBUG 9912 --- [library_management] [   scheduling-1] org.hibernate.SQL                        : select count(bc1_0.id) from book_copies bc1_0 where bc1_0.book_id=? and bc1_0.status=?
2026-09-25T14:03:50.944+07:00 DEBUG 9912 --- [library_management] [   scheduling-1] org.hibernate.SQL                        : select bas1_0.id,bas1_0.book_id,bas1_0.created_at,bas1_0.last_available_quantity,bas1_0.user_id from book_availability_subscriptions bas1_0
2026-09-25T14:03:50.946+07:00 DEBUG 9912 --- [library_management] [   scheduling-1] org.hibernate.SQL                        : select b1_0.id,b1_0.active,b1_0.average_rating,b1_0.borrow_fee,b1_0.category_id,b1_0.cover_image_url,b1_0.created_at,b1_0.description,b1_0.isbn,b1_0.publish_year,b1_0.publisher_id,b1_0.rating_count,b1_0.title,b1_0.updated_at,b1_0.version from books b1_0 where b1_0.id=?
2026-09-25T14:03:50.947+07:00 DEBUG 9912 --- [library_management] [   scheduling-1] org.hibernate.SQL                        : select u1_0.id,u1_0.active,u1_0.created_at,u1_0.email,u1_0.full_name,u1_0.password_hash,u1_0.phone,u1_0.role,u1_0.updated_at from users u1_0 where u1_0.id=?
2026-09-25T14:03:50.950+07:00 DEBUG 9912 --- [library_management] [   scheduling-1] org.hibernate.SQL                        : select b1_0.id,b1_0.active,b1_0.average_rating,b1_0.borrow_fee,b1_0.category_id,b1_0.cover_image_url,b1_0.created_at,b1_0.description,b1_0.isbn,b1_0.publish_year,b1_0.publisher_id,b1_0.rating_count,b1_0.title,b1_0.updated_at,b1_0.version from books b1_0 where b1_0.id=?
2026-09-25T14:03:50.952+07:00 DEBUG 9912 --- [library_management] [   scheduling-1] org.hibernate.SQL                        : select b1_0.id,b1_0.active,b1_0.average_rating,b1_0.borrow_fee,b1_0.category_id,b1_0.cover_image_url,b1_0.created_at,b1_0.description,b1_0.isbn,b1_0.publish_year,b1_0.publisher_id,b1_0.rating_count,b1_0.title,b1_0.updated_at,b1_0.version from books b1_0 where b1_0.id=?
2026-09-25T14:03:50.955+07:00 DEBUG 9912 --- [library_management] [   scheduling-1] org.hibernate.SQL                        : select count(bc1_0.id) from book_copies bc1_0 where bc1_0.book_id=? and bc1_0.status=?
2026-09-25T14:03:50.957+07:00 DEBUG 9912 --- [library_management] [   scheduling-1] org.hibernate.SQL                        : select count(bc1_0.id) from book_copies bc1_0 where bc1_0.book_id=? and bc1_0.status=?
2026-09-25T14:03:50.960+07:00 DEBUG 9912 --- [library_management] [   scheduling-1] org.hibernate.SQL                        : select count(bc1_0.id) from book_copies bc1_0 where bc1_0.book_id=? and bc1_0.status=?
2026-09-25T14:04:05.166+07:00 DEBUG 9912 --- [library_management] [   scheduling-1] org.hibernate.SQL                        : select br1_0.id,br1_0.book_copy_id,bc1_0.id,bc1_0.acquired_date,bc1_0.barcode,bc1_0.book_id,b1_0.id,b1_0.active,b1_0.average_rating,b1_0.borrow_fee,b1_0.category_id,b1_0.cover_image_url,b1_0.created_at,b1_0.description,b1_0.isbn,b1_0.publish_year,b1_0.publisher_id,b1_0.rating_count,b1_0.title,b1_0.updated_at,b1_0.version,bc1_0.created_at,bc1_0.shelf_location,bc1_0.status,bc1_0.updated_at,bc1_0.version,br1_0.borrow_days,br1_0.borrow_fee,br1_0.borrowed_at,br1_0.cancelled_at,br1_0.created_at,br1_0.deposit_amount,br1_0.deposit_refunded_at,br1_0.due_at,br1_0.paid_amount,br1_0.paid_at,br1_0.payment_code,br1_0.payment_method,br1_0.pickup_location,br1_0.reference_code,br1_0.returned_at,br1_0.status,br1_0.total_amount,br1_0.updated_at,br1_0.user_id,u1_0.id,u1_0.active,u1_0.created_at,u1_0.email,u1_0.full_name,u1_0.password_hash,u1_0.phone,u1_0.role,u1_0.updated_at from borrow_records br1_0 join book_copies bc1_0 on bc1_0.id=br1_0.book_copy_id join books b1_0 on b1_0.id=bc1_0.book_id join users u1_0 on u1_0.id=br1_0.user_id where br1_0.status=? and br1_0.due_at between ? and ?
2026-09-25T14:04:05.172+07:00 DEBUG 9912 --- [library_management] [   scheduling-1] org.hibernate.SQL                        : select br1_0.id,br1_0.book_copy_id,bc1_0.id,bc1_0.acquired_date,bc1_0.barcode,bc1_0.book_id,b1_0.id,b1_0.active,b1_0.average_rating,b1_0.borrow_fee,b1_0.category_id,b1_0.cover_image_url,b1_0.created_at,b1_0.description,b1_0.isbn,b1_0.publish_year,b1_0.publisher_id,b1_0.rating_count,b1_0.title,b1_0.updated_at,b1_0.version,bc1_0.created_at,bc1_0.shelf_location,bc1_0.status,bc1_0.updated_at,bc1_0.version,br1_0.borrow_days,br1_0.borrow_fee,br1_0.borrowed_at,br1_0.cancelled_at,br1_0.created_at,br1_0.deposit_amount,br1_0.deposit_refunded_at,br1_0.due_at,br1_0.paid_amount,br1_0.paid_at,br1_0.payment_code,br1_0.payment_method,br1_0.pickup_location,br1_0.reference_code,br1_0.returned_at,br1_0.status,br1_0.total_amount,br1_0.updated_at,br1_0.user_id,u1_0.id,u1_0.active,u1_0.created_at,u1_0.email,u1_0.full_name,u1_0.password_hash,u1_0.phone,u1_0.role,u1_0.updated_at from borrow_records br1_0 join book_copies bc1_0 on bc1_0.id=br1_0.book_copy_id join books b1_0 on b1_0.id=bc1_0.book_id join users u1_0 on u1_0.id=br1_0.user_id where br1_0.status in (?,?) and br1_0.due_at<?
2026-09-25T14:04:05.965+07:00 DEBUG 9912 --- [library_management] [   scheduling-1] org.hibernate.SQL                        : select bas1_0.id,bas1_0.book_id,bas1_0.created_at,bas1_0.last_available_quantity,bas1_0.user_id from book_availability_subscriptions bas1_0
2026-09-25T14:04:05.967+07:00 DEBUG 9912 --- [library_management] [   scheduling-1] org.hibernate.SQL                        : select b1_0.id,b1_0.active,b1_0.average_rating,b1_0.borrow_fee,b1_0.category_id,b1_0.cover_image_url,b1_0.created_at,b1_0.description,b1_0.isbn,b1_0.publish_year,b1_0.publisher_id,b1_0.rating_count,b1_0.title,b1_0.updated_at,b1_0.version from books b1_0 where b1_0.id=?
2026-09-25T14:04:05.969+07:00 DEBUG 9912 --- [library_management] [   scheduling-1] org.hibernate.SQL                        : select u1_0.id,u1_0.active,u1_0.created_at,u1_0.email,u1_0.full_name,u1_0.password_hash,u1_0.phone,u1_0.role,u1_0.updated_at from users u1_0 where u1_0.id=?
2026-09-25T14:04:05.971+07:00 DEBUG 9912 --- [library_management] [   scheduling-1] org.hibernate.SQL                        : select b1_0.id,b1_0.active,b1_0.average_rating,b1_0.borrow_fee,b1_0.category_id,b1_0.cover_image_url,b1_0.created_at,b1_0.description,b1_0.isbn,b1_0.publish_year,b1_0.publisher_id,b1_0.rating_count,b1_0.title,b1_0.updated_at,b1_0.version from books b1_0 where b1_0.id=?
2026-09-25T14:04:05.974+07:00 DEBUG 9912 --- [library_management] [   scheduling-1] org.hibernate.SQL                        : select b1_0.id,b1_0.active,b1_0.average_rating,b1_0.borrow_fee,b1_0.category_id,b1_0.cover_image_url,b1_0.created_at,b1_0.description,b1_0.isbn,b1_0.publish_year,b1_0.publisher_id,b1_0.rating_count,b1_0.title,b1_0.updated_at,b1_0.version from books b1_0 where b1_0.id=?
2026-09-25T14:04:05.979+07:00 DEBUG 9912 --- [library_management] [   scheduling-1] org.hibernate.SQL                        : select count(bc1_0.id) from book_copies bc1_0 where bc1_0.book_id=? and bc1_0.status=?
2026-09-25T14:04:05.980+07:00 DEBUG 9912 --- [library_management] [   scheduling-1] org.hibernate.SQL                        : select count(bc1_0.id) from book_copies bc1_0 where bc1_0.book_id=? and bc1_0.status=?
2026-09-25T14:04:05.984+07:00 DEBUG 9912 --- [library_management] [   scheduling-1] org.hibernate.SQL                        : select count(bc1_0.id) from book_copies bc1_0 where bc1_0.book_id=? and bc1_0.status=?
2026-09-25T14:04:20.990+07:00 DEBUG 9912 --- [library_management] [   scheduling-1] org.hibernate.SQL                        : select bas1_0.id,bas1_0.book_id,bas1_0.created_at,bas1_0.last_available_quantity,bas1_0.user_id from book_availability_subscriptions bas1_0
2026-09-25T14:04:20.991+07:00 DEBUG 9912 --- [library_management] [   scheduling-1] org.hibernate.SQL                        : select b1_0.id,b1_0.active,b1_0.average_rating,b1_0.borrow_fee,b1_0.category_id,b1_0.cover_image_url,b1_0.created_at,b1_0.description,b1_0.isbn,b1_0.publish_year,b1_0.publisher_id,b1_0.rating_count,b1_0.title,b1_0.updated_at,b1_0.version from books b1_0 where b1_0.id=?
2026-09-25T14:04:20.994+07:00 DEBUG 9912 --- [library_management] [   scheduling-1] org.hibernate.SQL                        : select u1_0.id,u1_0.active,u1_0.created_at,u1_0.email,u1_0.full_name,u1_0.password_hash,u1_0.phone,u1_0.role,u1_0.updated_at from users u1_0 where u1_0.id=?
2026-09-25T14:04:20.995+07:00 DEBUG 9912 --- [library_management] [   scheduling-1] org.hibernate.SQL                        : select b1_0.id,b1_0.active,b1_0.average_rating,b1_0.borrow_fee,b1_0.category_id,b1_0.cover_image_url,b1_0.created_at,b1_0.description,b1_0.isbn,b1_0.publish_year,b1_0.publisher_id,b1_0.rating_count,b1_0.title,b1_0.updated_at,b1_0.version from books b1_0 where b1_0.id=?
2026-09-25T14:04:20.996+07:00 DEBUG 9912 --- [library_management] [   scheduling-1] org.hibernate.SQL                        : select b1_0.id,b1_0.active,b1_0.average_rating,b1_0.borrow_fee,b1_0.category_id,b1_0.cover_image_url,b1_0.created_at,b1_0.description,b1_0.isbn,b1_0.publish_year,b1_0.publisher_id,b1_0.rating_count,b1_0.title,b1_0.updated_at,b1_0.version from books b1_0 where b1_0.id=?
2026-09-25T14:04:20.999+07:00 DEBUG 9912 --- [library_management] [   scheduling-1] org.hibernate.SQL                        : select count(bc1_0.id) from book_copies bc1_0 where bc1_0.book_id=? and bc1_0.status=?
2026-09-25T14:04:21.002+07:00 DEBUG 9912 --- [library_management] [   scheduling-1] org.hibernate.SQL                        : select count(bc1_0.id) from book_copies bc1_0 where bc1_0.book_id=? and bc1_0.status=?
2026-09-25T14:04:21.003+07:00 DEBUG 9912 --- [library_management] [   scheduling-1] org.hibernate.SQL                        : select count(bc1_0.id) from book_copies bc1_0 where bc1_0.book_id=? and bc1_0.status=?
2026-09-25T14:04:36.009+07:00 DEBUG 9912 --- [library_management] [   scheduling-1] org.hibernate.SQL                        : select bas1_0.id,bas1_0.book_id,bas1_0.created_at,bas1_0.last_available_quantity,bas1_0.user_id from book_availability_subscriptions bas1_0
2026-09-25T14:04:36.011+07:00 DEBUG 9912 --- [library_management] [   scheduling-1] org.hibernate.SQL                        : select b1_0.id,b1_0.active,b1_0.average_rating,b1_0.borrow_fee,b1_0.category_id,b1_0.cover_image_url,b1_0.created_at,b1_0.description,b1_0.isbn,b1_0.publish_year,b1_0.publisher_id,b1_0.rating_count,b1_0.title,b1_0.updated_at,b1_0.version from books b1_0 where b1_0.id=?
2026-09-25T14:04:36.012+07:00 DEBUG 9912 --- [library_management] [   scheduling-1] org.hibernate.SQL                        : select u1_0.id,u1_0.active,u1_0.created_at,u1_0.email,u1_0.full_name,u1_0.password_hash,u1_0.phone,u1_0.role,u1_0.updated_at from users u1_0 where u1_0.id=?
2026-09-25T14:04:36.013+07:00 DEBUG 9912 --- [library_management] [   scheduling-1] org.hibernate.SQL                        : select b1_0.id,b1_0.active,b1_0.average_rating,b1_0.borrow_fee,b1_0.category_id,b1_0.cover_image_url,b1_0.created_at,b1_0.description,b1_0.isbn,b1_0.publish_year,b1_0.publisher_id,b1_0.rating_count,b1_0.title,b1_0.updated_at,b1_0.version from books b1_0 where b1_0.id=?
2026-09-25T14:04:36.014+07:00 DEBUG 9912 --- [library_management] [   scheduling-1] org.hibernate.SQL                        : select b1_0.id,b1_0.active,b1_0.average_rating,b1_0.borrow_fee,b1_0.category_id,b1_0.cover_image_url,b1_0.created_at,b1_0.description,b1_0.isbn,b1_0.publish_year,b1_0.publisher_id,b1_0.rating_count,b1_0.title,b1_0.updated_at,b1_0.version from books b1_0 where b1_0.id=?
2026-09-25T14:04:36.016+07:00 DEBUG 9912 --- [library_management] [   scheduling-1] org.hibernate.SQL                        : select count(bc1_0.id) from book_copies bc1_0 where bc1_0.book_id=? and bc1_0.status=?
2026-09-25T14:04:36.018+07:00 DEBUG 9912 --- [library_management] [   scheduling-1] org.hibernate.SQL                        : select count(bc1_0.id) from book_copies bc1_0 where bc1_0.book_id=? and bc1_0.status=?
2026-09-25T14:04:36.019+07:00 DEBUG 9912 --- [library_management] [   scheduling-1] org.hibernate.SQL                        : select count(bc1_0.id) from book_copies bc1_0 where bc1_0.book_id=? and bc1_0.status=?
2026-09-25T14:04:51.028+07:00 DEBUG 9912 --- [library_management] [   scheduling-1] org.hibernate.SQL                        : select bas1_0.id,bas1_0.book_id,bas1_0.created_at,bas1_0.last_available_quantity,bas1_0.user_id from book_availability_subscriptions bas1_0
2026-09-25T14:04:51.030+07:00 DEBUG 9912 --- [library_management] [   scheduling-1] org.hibernate.SQL                        : select b1_0.id,b1_0.active,b1_0.average_rating,b1_0.borrow_fee,b1_0.category_id,b1_0.cover_image_url,b1_0.created_at,b1_0.description,b1_0.isbn,b1_0.publish_year,b1_0.publisher_id,b1_0.rating_count,b1_0.title,b1_0.updated_at,b1_0.version from books b1_0 where b1_0.id=?
2026-09-25T14:04:51.036+07:00 DEBUG 9912 --- [library_management] [   scheduling-1] org.hibernate.SQL                        : select u1_0.id,u1_0.active,u1_0.created_at,u1_0.email,u1_0.full_name,u1_0.password_hash,u1_0.phone,u1_0.role,u1_0.updated_at from users u1_0 where u1_0.id=?
2026-09-25T14:04:51.041+07:00 DEBUG 9912 --- [library_management] [   scheduling-1] org.hibernate.SQL                        : select b1_0.id,b1_0.active,b1_0.average_rating,b1_0.borrow_fee,b1_0.category_id,b1_0.cover_image_url,b1_0.created_at,b1_0.description,b1_0.isbn,b1_0.publish_year,b1_0.publisher_id,b1_0.rating_count,b1_0.title,b1_0.updated_at,b1_0.version from books b1_0 where b1_0.id=?
2026-09-25T14:04:51.046+07:00 DEBUG 9912 --- [library_management] [   scheduling-1] org.hibernate.SQL                        : select b1_0.id,b1_0.active,b1_0.average_rating,b1_0.borrow_fee,b1_0.category_id,b1_0.cover_image_url,b1_0.created_at,b1_0.description,b1_0.isbn,b1_0.publish_year,b1_0.publisher_id,b1_0.rating_count,b1_0.title,b1_0.updated_at,b1_0.version from books b1_0 where b1_0.id=?
2026-09-25T14:04:51.054+07:00 DEBUG 9912 --- [library_management] [   scheduling-1] org.hibernate.SQL                        : select count(bc1_0.id) from book_copies bc1_0 where bc1_0.book_id=? and bc1_0.status=?
2026-09-25T14:04:51.060+07:00 DEBUG 9912 --- [library_management] [   scheduling-1] org.hibernate.SQL                        : select count(bc1_0.id) from book_copies bc1_0 where bc1_0.book_id=? and bc1_0.status=?
2026-09-25T14:04:51.064+07:00 DEBUG 9912 --- [library_management] [   scheduling-1] org.hibernate.SQL                        : select count(bc1_0.id) from book_copies bc1_0 where bc1_0.book_id=? and bc1_0.status=?
2026-09-25T14:05:05.180+07:00 DEBUG 9912 --- [library_management] [   scheduling-1] org.hibernate.SQL                        : select br1_0.id,br1_0.book_copy_id,bc1_0.id,bc1_0.acquired_date,bc1_0.barcode,bc1_0.book_id,b1_0.id,b1_0.active,b1_0.average_rating,b1_0.borrow_fee,b1_0.category_id,b1_0.cover_image_url,b1_0.created_at,b1_0.description,b1_0.isbn,b1_0.publish_year,b1_0.publisher_id,b1_0.rating_count,b1_0.title,b1_0.updated_at,b1_0.version,bc1_0.created_at,bc1_0.shelf_location,bc1_0.status,bc1_0.updated_at,bc1_0.version,br1_0.borrow_days,br1_0.borrow_fee,br1_0.borrowed_at,br1_0.cancelled_at,br1_0.created_at,br1_0.deposit_amount,br1_0.deposit_refunded_at,br1_0.due_at,br1_0.paid_amount,br1_0.paid_at,br1_0.payment_code,br1_0.payment_method,br1_0.pickup_location,br1_0.reference_code,br1_0.returned_at,br1_0.status,br1_0.total_amount,br1_0.updated_at,br1_0.user_id,u1_0.id,u1_0.active,u1_0.created_at,u1_0.email,u1_0.full_name,u1_0.password_hash,u1_0.phone,u1_0.role,u1_0.updated_at from borrow_records br1_0 join book_copies bc1_0 on bc1_0.id=br1_0.book_copy_id join books b1_0 on b1_0.id=bc1_0.book_id join users u1_0 on u1_0.id=br1_0.user_id where br1_0.status=? and br1_0.due_at between ? and ?
2026-09-25T14:05:05.185+07:00 DEBUG 9912 --- [library_management] [   scheduling-1] org.hibernate.SQL                        : select br1_0.id,br1_0.book_copy_id,bc1_0.id,bc1_0.acquired_date,bc1_0.barcode,bc1_0.book_id,b1_0.id,b1_0.active,b1_0.average_rating,b1_0.borrow_fee,b1_0.category_id,b1_0.cover_image_url,b1_0.created_at,b1_0.description,b1_0.isbn,b1_0.publish_year,b1_0.publisher_id,b1_0.rating_count,b1_0.title,b1_0.updated_at,b1_0.version,bc1_0.created_at,bc1_0.shelf_location,bc1_0.status,bc1_0.updated_at,bc1_0.version,br1_0.borrow_days,br1_0.borrow_fee,br1_0.borrowed_at,br1_0.cancelled_at,br1_0.created_at,br1_0.deposit_amount,br1_0.deposit_refunded_at,br1_0.due_at,br1_0.paid_amount,br1_0.paid_at,br1_0.payment_code,br1_0.payment_method,br1_0.pickup_location,br1_0.reference_code,br1_0.returned_at,br1_0.status,br1_0.total_amount,br1_0.updated_at,br1_0.user_id,u1_0.id,u1_0.active,u1_0.created_at,u1_0.email,u1_0.full_name,u1_0.password_hash,u1_0.phone,u1_0.role,u1_0.updated_at from borrow_records br1_0 join book_copies bc1_0 on bc1_0.id=br1_0.book_copy_id join books b1_0 on b1_0.id=bc1_0.book_id join users u1_0 on u1_0.id=br1_0.user_id where br1_0.status in (?,?) and br1_0.due_at<?
2026-09-25T14:05:06.074+07:00 DEBUG 9912 --- [library_management] [   scheduling-1] org.hibernate.SQL                        : select bas1_0.id,bas1_0.book_id,bas1_0.created_at,bas1_0.last_available_quantity,bas1_0.user_id from book_availability_subscriptions bas1_0
2026-09-25T14:05:06.076+07:00 DEBUG 9912 --- [library_management] [   scheduling-1] org.hibernate.SQL                        : select b1_0.id,b1_0.active,b1_0.average_rating,b1_0.borrow_fee,b1_0.category_id,b1_0.cover_image_url,b1_0.created_at,b1_0.description,b1_0.isbn,b1_0.publish_year,b1_0.publisher_id,b1_0.rating_count,b1_0.title,b1_0.updated_at,b1_0.version from books b1_0 where b1_0.id=?
2026-09-25T14:05:06.077+07:00 DEBUG 9912 --- [library_management] [   scheduling-1] org.hibernate.SQL                        : select u1_0.id,u1_0.active,u1_0.created_at,u1_0.email,u1_0.full_name,u1_0.password_hash,u1_0.phone,u1_0.role,u1_0.updated_at from users u1_0 where u1_0.id=?
2026-09-25T14:05:06.080+07:00 DEBUG 9912 --- [library_management] [   scheduling-1] org.hibernate.SQL                        : select b1_0.id,b1_0.active,b1_0.average_rating,b1_0.borrow_fee,b1_0.category_id,b1_0.cover_image_url,b1_0.created_at,b1_0.description,b1_0.isbn,b1_0.publish_year,b1_0.publisher_id,b1_0.rating_count,b1_0.title,b1_0.updated_at,b1_0.version from books b1_0 where b1_0.id=?
2026-09-25T14:05:06.081+07:00 DEBUG 9912 --- [library_management] [   scheduling-1] org.hibernate.SQL                        : select b1_0.id,b1_0.active,b1_0.average_rating,b1_0.borrow_fee,b1_0.category_id,b1_0.cover_image_url,b1_0.created_at,b1_0.description,b1_0.isbn,b1_0.publish_year,b1_0.publisher_id,b1_0.rating_count,b1_0.title,b1_0.updated_at,b1_0.version from books b1_0 where b1_0.id=?
2026-09-25T14:05:06.082+07:00 DEBUG 9912 --- [library_management] [   scheduling-1] org.hibernate.SQL                        : select count(bc1_0.id) from book_copies bc1_0 where bc1_0.book_id=? and bc1_0.status=?
2026-09-25T14:05:06.084+07:00 DEBUG 9912 --- [library_management] [   scheduling-1] org.hibernate.SQL                        : select count(bc1_0.id) from book_copies bc1_0 where bc1_0.book_id=? and bc1_0.status=?
2026-09-25T14:05:06.086+07:00 DEBUG 9912 --- [library_management] [   scheduling-1] org.hibernate.SQL                        : select count(bc1_0.id) from book_copies bc1_0 where bc1_0.book_id=? and bc1_0.status=?
2026-09-25T14:05:21.091+07:00 DEBUG 9912 --- [library_management] [   scheduling-1] org.hibernate.SQL                        : select bas1_0.id,bas1_0.book_id,bas1_0.created_at,bas1_0.last_available_quantity,bas1_0.user_id from book_availability_subscriptions bas1_0
2026-09-25T14:05:21.093+07:00 DEBUG 9912 --- [library_management] [   scheduling-1] org.hibernate.SQL                        : select b1_0.id,b1_0.active,b1_0.average_rating,b1_0.borrow_fee,b1_0.category_id,b1_0.cover_image_url,b1_0.created_at,b1_0.description,b1_0.isbn,b1_0.publish_year,b1_0.publisher_id,b1_0.rating_count,b1_0.title,b1_0.updated_at,b1_0.version from books b1_0 where b1_0.id=?
2026-09-25T14:05:21.095+07:00 DEBUG 9912 --- [library_management] [   scheduling-1] org.hibernate.SQL                        : select u1_0.id,u1_0.active,u1_0.created_at,u1_0.email,u1_0.full_name,u1_0.password_hash,u1_0.phone,u1_0.role,u1_0.updated_at from users u1_0 where u1_0.id=?
2026-09-25T14:05:21.097+07:00 DEBUG 9912 --- [library_management] [   scheduling-1] org.hibernate.SQL                        : select b1_0.id,b1_0.active,b1_0.average_rating,b1_0.borrow_fee,b1_0.category_id,b1_0.cover_image_url,b1_0.created_at,b1_0.description,b1_0.isbn,b1_0.publish_year,b1_0.publisher_id,b1_0.rating_count,b1_0.title,b1_0.updated_at,b1_0.version from books b1_0 where b1_0.id=?
2026-09-25T14:05:21.099+07:00 DEBUG 9912 --- [library_management] [   scheduling-1] org.hibernate.SQL                        : select b1_0.id,b1_0.active,b1_0.average_rating,b1_0.borrow_fee,b1_0.category_id,b1_0.cover_image_url,b1_0.created_at,b1_0.description,b1_0.isbn,b1_0.publish_year,b1_0.publisher_id,b1_0.rating_count,b1_0.title,b1_0.updated_at,b1_0.version from books b1_0 where b1_0.id=?
2026-09-25T14:05:21.102+07:00 DEBUG 9912 --- [library_management] [   scheduling-1] org.hibernate.SQL                        : select count(bc1_0.id) from book_copies bc1_0 where bc1_0.book_id=? and bc1_0.status=?
2026-09-25T14:05:21.104+07:00 DEBUG 9912 --- [library_management] [   scheduling-1] org.hibernate.SQL                        : select count(bc1_0.id) from book_copies bc1_0 where bc1_0.book_id=? and bc1_0.status=?
2026-09-25T14:05:21.105+07:00 DEBUG 9912 --- [library_management] [   scheduling-1] org.hibernate.SQL                        : select count(bc1_0.id) from book_copies bc1_0 where bc1_0.book_id=? and bc1_0.status=?
2026-09-25T14:05:36.112+07:00 DEBUG 9912 --- [library_management] [   scheduling-1] org.hibernate.SQL                        : select bas1_0.id,bas1_0.book_id,bas1_0.created_at,bas1_0.last_available_quantity,bas1_0.user_id from book_availability_subscriptions bas1_0
2026-09-25T14:05:36.115+07:00 DEBUG 9912 --- [library_management] [   scheduling-1] org.hibernate.SQL                        : select b1_0.id,b1_0.active,b1_0.average_rating,b1_0.borrow_fee,b1_0.category_id,b1_0.cover_image_url,b1_0.created_at,b1_0.description,b1_0.isbn,b1_0.publish_year,b1_0.publisher_id,b1_0.rating_count,b1_0.title,b1_0.updated_at,b1_0.version from books b1_0 where b1_0.id=?
2026-09-25T14:05:36.117+07:00 DEBUG 9912 --- [library_management] [   scheduling-1] org.hibernate.SQL                        : select u1_0.id,u1_0.active,u1_0.created_at,u1_0.email,u1_0.full_name,u1_0.password_hash,u1_0.phone,u1_0.role,u1_0.updated_at from users u1_0 where u1_0.id=?
2026-09-25T14:05:36.119+07:00 DEBUG 9912 --- [library_management] [   scheduling-1] org.hibernate.SQL                        : select b1_0.id,b1_0.active,b1_0.average_rating,b1_0.borrow_fee,b1_0.category_id,b1_0.cover_image_url,b1_0.created_at,b1_0.description,b1_0.isbn,b1_0.publish_year,b1_0.publisher_id,b1_0.rating_count,b1_0.title,b1_0.updated_at,b1_0.version from books b1_0 where b1_0.id=?
2026-09-25T14:05:36.125+07:00 DEBUG 9912 --- [library_management] [   scheduling-1] org.hibernate.SQL                        : select b1_0.id,b1_0.active,b1_0.average_rating,b1_0.borrow_fee,b1_0.category_id,b1_0.cover_image_url,b1_0.created_at,b1_0.description,b1_0.isbn,b1_0.publish_year,b1_0.publisher_id,b1_0.rating_count,b1_0.title,b1_0.updated_at,b1_0.version from books b1_0 where b1_0.id=?
2026-09-25T14:05:36.127+07:00 DEBUG 9912 --- [library_management] [   scheduling-1] org.hibernate.SQL                        : select count(bc1_0.id) from book_copies bc1_0 where bc1_0.book_id=? and bc1_0.status=?
2026-09-25T14:05:36.131+07:00 DEBUG 9912 --- [library_management] [   scheduling-1] org.hibernate.SQL                        : select count(bc1_0.id) from book_copies bc1_0 where bc1_0.book_id=? and bc1_0.status=?
2026-09-25T14:05:36.134+07:00 DEBUG 9912 --- [library_management] [   scheduling-1] org.hibernate.SQL                        : select count(bc1_0.id) from book_copies bc1_0 where bc1_0.book_id=? and bc1_0.status=?
2026-09-25T14:05:51.140+07:00 DEBUG 9912 --- [library_management] [   scheduling-1] org.hibernate.SQL                        : select bas1_0.id,bas1_0.book_id,bas1_0.created_at,bas1_0.last_available_quantity,bas1_0.user_id from book_availability_subscriptions bas1_0
2026-09-25T14:05:51.143+07:00 DEBUG 9912 --- [library_management] [   scheduling-1] org.hibernate.SQL                        : select b1_0.id,b1_0.active,b1_0.average_rating,b1_0.borrow_fee,b1_0.category_id,b1_0.cover_image_url,b1_0.created_at,b1_0.description,b1_0.isbn,b1_0.publish_year,b1_0.publisher_id,b1_0.rating_count,b1_0.title,b1_0.updated_at,b1_0.version from books b1_0 where b1_0.id=?
2026-09-25T14:05:51.145+07:00 DEBUG 9912 --- [library_management] [   scheduling-1] org.hibernate.SQL                        : select u1_0.id,u1_0.active,u1_0.created_at,u1_0.email,u1_0.full_name,u1_0.password_hash,u1_0.phone,u1_0.role,u1_0.updated_at from users u1_0 where u1_0.id=?
2026-09-25T14:05:51.146+07:00 DEBUG 9912 --- [library_management] [   scheduling-1] org.hibernate.SQL                        : select b1_0.id,b1_0.active,b1_0.average_rating,b1_0.borrow_fee,b1_0.category_id,b1_0.cover_image_url,b1_0.created_at,b1_0.description,b1_0.isbn,b1_0.publish_year,b1_0.publisher_id,b1_0.rating_count,b1_0.title,b1_0.updated_at,b1_0.version from books b1_0 where b1_0.id=?
2026-09-25T14:05:51.148+07:00 DEBUG 9912 --- [library_management] [   scheduling-1] org.hibernate.SQL                        : select b1_0.id,b1_0.active,b1_0.average_rating,b1_0.borrow_fee,b1_0.category_id,b1_0.cover_image_url,b1_0.created_at,b1_0.description,b1_0.isbn,b1_0.publish_year,b1_0.publisher_id,b1_0.rating_count,b1_0.title,b1_0.updated_at,b1_0.version from books b1_0 where b1_0.id=?
2026-09-25T14:05:51.151+07:00 DEBUG 9912 --- [library_management] [   scheduling-1] org.hibernate.SQL                        : select count(bc1_0.id) from book_copies bc1_0 where bc1_0.book_id=? and bc1_0.status=?
2026-09-25T14:05:51.154+07:00 DEBUG 9912 --- [library_management] [   scheduling-1] org.hibernate.SQL                        : select count(bc1_0.id) from book_copies bc1_0 where bc1_0.book_id=? and bc1_0.status=?
2026-09-25T14:05:51.155+07:00 DEBUG 9912 --- [library_management] [   scheduling-1] org.hibernate.SQL                        : select count(bc1_0.id) from book_copies bc1_0 where bc1_0.book_id=? and bc1_0.status=?
2026-09-25T14:06:05.192+07:00 DEBUG 9912 --- [library_management] [   scheduling-1] org.hibernate.SQL                        : select br1_0.id,br1_0.book_copy_id,bc1_0.id,bc1_0.acquired_date,bc1_0.barcode,bc1_0.book_id,b1_0.id,b1_0.active,b1_0.average_rating,b1_0.borrow_fee,b1_0.category_id,b1_0.cover_image_url,b1_0.created_at,b1_0.description,b1_0.isbn,b1_0.publish_year,b1_0.publisher_id,b1_0.rating_count,b1_0.title,b1_0.updated_at,b1_0.version,bc1_0.created_at,bc1_0.shelf_location,bc1_0.status,bc1_0.updated_at,bc1_0.version,br1_0.borrow_days,br1_0.borrow_fee,br1_0.borrowed_at,br1_0.cancelled_at,br1_0.created_at,br1_0.deposit_amount,br1_0.deposit_refunded_at,br1_0.due_at,br1_0.paid_amount,br1_0.paid_at,br1_0.payment_code,br1_0.payment_method,br1_0.pickup_location,br1_0.reference_code,br1_0.returned_at,br1_0.status,br1_0.total_amount,br1_0.updated_at,br1_0.user_id,u1_0.id,u1_0.active,u1_0.created_at,u1_0.email,u1_0.full_name,u1_0.password_hash,u1_0.phone,u1_0.role,u1_0.updated_at from borrow_records br1_0 join book_copies bc1_0 on bc1_0.id=br1_0.book_copy_id join books b1_0 on b1_0.id=bc1_0.book_id join users u1_0 on u1_0.id=br1_0.user_id where br1_0.status=? and br1_0.due_at between ? and ?
2026-09-25T14:06:05.199+07:00 DEBUG 9912 --- [library_management] [   scheduling-1] org.hibernate.SQL                        : select br1_0.id,br1_0.book_copy_id,bc1_0.id,bc1_0.acquired_date,bc1_0.barcode,bc1_0.book_id,b1_0.id,b1_0.active,b1_0.average_rating,b1_0.borrow_fee,b1_0.category_id,b1_0.cover_image_url,b1_0.created_at,b1_0.description,b1_0.isbn,b1_0.publish_year,b1_0.publisher_id,b1_0.rating_count,b1_0.title,b1_0.updated_at,b1_0.version,bc1_0.created_at,bc1_0.shelf_location,bc1_0.status,bc1_0.updated_at,bc1_0.version,br1_0.borrow_days,br1_0.borrow_fee,br1_0.borrowed_at,br1_0.cancelled_at,br1_0.created_at,br1_0.deposit_amount,br1_0.deposit_refunded_at,br1_0.due_at,br1_0.paid_amount,br1_0.paid_at,br1_0.payment_code,br1_0.payment_method,br1_0.pickup_location,br1_0.reference_code,br1_0.returned_at,br1_0.status,br1_0.total_amount,br1_0.updated_at,br1_0.user_id,u1_0.id,u1_0.active,u1_0.created_at,u1_0.email,u1_0.full_name,u1_0.password_hash,u1_0.phone,u1_0.role,u1_0.updated_at from borrow_records br1_0 join book_copies bc1_0 on bc1_0.id=br1_0.book_copy_id join books b1_0 on b1_0.id=bc1_0.book_id join users u1_0 on u1_0.id=br1_0.user_id where br1_0.status in (?,?) and br1_0.due_at<?
2026-09-25T14:06:06.160+07:00 DEBUG 9912 --- [library_management] [   scheduling-1] org.hibernate.SQL                        : select bas1_0.id,bas1_0.book_id,bas1_0.created_at,bas1_0.last_available_quantity,bas1_0.user_id from book_availability_subscriptions bas1_0
2026-09-25T14:06:06.162+07:00 DEBUG 9912 --- [library_management] [   scheduling-1] org.hibernate.SQL                        : select b1_0.id,b1_0.active,b1_0.average_rating,b1_0.borrow_fee,b1_0.category_id,b1_0.cover_image_url,b1_0.created_at,b1_0.description,b1_0.isbn,b1_0.publish_year,b1_0.publisher_id,b1_0.rating_count,b1_0.title,b1_0.updated_at,b1_0.version from books b1_0 where b1_0.id=?
2026-09-25T14:06:06.164+07:00 DEBUG 9912 --- [library_management] [   scheduling-1] org.hibernate.SQL                        : select u1_0.id,u1_0.active,u1_0.created_at,u1_0.email,u1_0.full_name,u1_0.password_hash,u1_0.phone,u1_0.role,u1_0.updated_at from users u1_0 where u1_0.id=?
2026-09-25T14:06:06.165+07:00 DEBUG 9912 --- [library_management] [   scheduling-1] org.hibernate.SQL                        : select b1_0.id,b1_0.active,b1_0.average_rating,b1_0.borrow_fee,b1_0.category_id,b1_0.cover_image_url,b1_0.created_at,b1_0.description,b1_0.isbn,b1_0.publish_year,b1_0.publisher_id,b1_0.rating_count,b1_0.title,b1_0.updated_at,b1_0.version from books b1_0 where b1_0.id=?
2026-09-25T14:06:06.166+07:00 DEBUG 9912 --- [library_management] [   scheduling-1] org.hibernate.SQL                        : select b1_0.id,b1_0.active,b1_0.average_rating,b1_0.borrow_fee,b1_0.category_id,b1_0.cover_image_url,b1_0.created_at,b1_0.description,b1_0.isbn,b1_0.publish_year,b1_0.publisher_id,b1_0.rating_count,b1_0.title,b1_0.updated_at,b1_0.version from books b1_0 where b1_0.id=?
2026-09-25T14:06:06.170+07:00 DEBUG 9912 --- [library_management] [   scheduling-1] org.hibernate.SQL                        : select count(bc1_0.id) from book_copies bc1_0 where bc1_0.book_id=? and bc1_0.status=?
2026-09-25T14:06:06.171+07:00 DEBUG 9912 --- [library_management] [   scheduling-1] org.hibernate.SQL                        : select count(bc1_0.id) from book_copies bc1_0 where bc1_0.book_id=? and bc1_0.status=?
2026-09-25T14:06:06.174+07:00 DEBUG 9912 --- [library_management] [   scheduling-1] org.hibernate.SQL                        : select count(bc1_0.id) from book_copies bc1_0 where bc1_0.book_id=? and bc1_0.status=?
2026-09-25T14:06:21.181+07:00 DEBUG 9912 --- [library_management] [   scheduling-1] org.hibernate.SQL                        : select bas1_0.id,bas1_0.book_id,bas1_0.created_at,bas1_0.last_available_quantity,bas1_0.user_id from book_availability_subscriptions bas1_0
2026-09-25T14:06:21.183+07:00 DEBUG 9912 --- [library_management] [   scheduling-1] org.hibernate.SQL                        : select b1_0.id,b1_0.active,b1_0.average_rating,b1_0.borrow_fee,b1_0.category_id,b1_0.cover_image_url,b1_0.created_at,b1_0.description,b1_0.isbn,b1_0.publish_year,b1_0.publisher_id,b1_0.rating_count,b1_0.title,b1_0.updated_at,b1_0.version from books b1_0 where b1_0.id=?
2026-09-25T14:06:21.184+07:00 DEBUG 9912 --- [library_management] [   scheduling-1] org.hibernate.SQL                        : select u1_0.id,u1_0.active,u1_0.created_at,u1_0.email,u1_0.full_name,u1_0.password_hash,u1_0.phone,u1_0.role,u1_0.updated_at from users u1_0 where u1_0.id=?
2026-09-25T14:06:21.186+07:00 DEBUG 9912 --- [library_management] [   scheduling-1] org.hibernate.SQL                        : select b1_0.id,b1_0.active,b1_0.average_rating,b1_0.borrow_fee,b1_0.category_id,b1_0.cover_image_url,b1_0.created_at,b1_0.description,b1_0.isbn,b1_0.publish_year,b1_0.publisher_id,b1_0.rating_count,b1_0.title,b1_0.updated_at,b1_0.version from books b1_0 where b1_0.id=?
2026-09-25T14:06:21.188+07:00 DEBUG 9912 --- [library_management] [   scheduling-1] org.hibernate.SQL                        : select b1_0.id,b1_0.active,b1_0.average_rating,b1_0.borrow_fee,b1_0.category_id,b1_0.cover_image_url,b1_0.created_at,b1_0.description,b1_0.isbn,b1_0.publish_year,b1_0.publisher_id,b1_0.rating_count,b1_0.title,b1_0.updated_at,b1_0.version from books b1_0 where b1_0.id=?
2026-09-25T14:06:21.190+07:00 DEBUG 9912 --- [library_management] [   scheduling-1] org.hibernate.SQL                        : select count(bc1_0.id) from book_copies bc1_0 where bc1_0.book_id=? and bc1_0.status=?
2026-09-25T14:06:21.192+07:00 DEBUG 9912 --- [library_management] [   scheduling-1] org.hibernate.SQL                        : select count(bc1_0.id) from book_copies bc1_0 where bc1_0.book_id=? and bc1_0.status=?
2026-09-25T14:06:21.195+07:00 DEBUG 9912 --- [library_management] [   scheduling-1] org.hibernate.SQL                        : select count(bc1_0.id) from book_copies bc1_0 where bc1_0.book_id=? and bc1_0.status=?
2026-09-25T14:06:36.199+07:00 DEBUG 9912 --- [library_management] [   scheduling-1] org.hibernate.SQL                        : select bas1_0.id,bas1_0.book_id,bas1_0.created_at,bas1_0.last_available_quantity,bas1_0.user_id from book_availability_subscriptions bas1_0
2026-09-25T14:06:36.201+07:00 DEBUG 9912 --- [library_management] [   scheduling-1] org.hibernate.SQL                        : select b1_0.id,b1_0.active,b1_0.average_rating,b1_0.borrow_fee,b1_0.category_id,b1_0.cover_image_url,b1_0.created_at,b1_0.description,b1_0.isbn,b1_0.publish_year,b1_0.publisher_id,b1_0.rating_count,b1_0.title,b1_0.updated_at,b1_0.version from books b1_0 where b1_0.id=?
2026-09-25T14:06:36.203+07:00 DEBUG 9912 --- [library_management] [   scheduling-1] org.hibernate.SQL                        : select u1_0.id,u1_0.active,u1_0.created_at,u1_0.email,u1_0.full_name,u1_0.password_hash,u1_0.phone,u1_0.role,u1_0.updated_at from users u1_0 where u1_0.id=?
2026-09-25T14:06:36.205+07:00 DEBUG 9912 --- [library_management] [   scheduling-1] org.hibernate.SQL                        : select b1_0.id,b1_0.active,b1_0.average_rating,b1_0.borrow_fee,b1_0.category_id,b1_0.cover_image_url,b1_0.created_at,b1_0.description,b1_0.isbn,b1_0.publish_year,b1_0.publisher_id,b1_0.rating_count,b1_0.title,b1_0.updated_at,b1_0.version from books b1_0 where b1_0.id=?
2026-09-25T14:06:36.207+07:00 DEBUG 9912 --- [library_management] [   scheduling-1] org.hibernate.SQL                        : select b1_0.id,b1_0.active,b1_0.average_rating,b1_0.borrow_fee,b1_0.category_id,b1_0.cover_image_url,b1_0.created_at,b1_0.description,b1_0.isbn,b1_0.publish_year,b1_0.publisher_id,b1_0.rating_count,b1_0.title,b1_0.updated_at,b1_0.version from books b1_0 where b1_0.id=?
2026-09-25T14:06:36.209+07:00 DEBUG 9912 --- [library_management] [   scheduling-1] org.hibernate.SQL                        : select count(bc1_0.id) from book_copies bc1_0 where bc1_0.book_id=? and bc1_0.status=?
2026-09-25T14:06:36.212+07:00 DEBUG 9912 --- [library_management] [   scheduling-1] org.hibernate.SQL                        : select count(bc1_0.id) from book_copies bc1_0 where bc1_0.book_id=? and bc1_0.status=?
2026-09-25T14:06:36.214+07:00 DEBUG 9912 --- [library_management] [   scheduling-1] org.hibernate.SQL                        : select count(bc1_0.id) from book_copies bc1_0 where bc1_0.book_id=? and bc1_0.status=?
