
  .   ____          _            __ _ _
 /\\ / ___'_ __ _ _(_)_ __  __ _ \ \ \ \
( ( )\___ | '_ | '_| | '_ \/ _` | \ \ \ \
 \\/  ___)| |_)| | | | | || (_| |  ) ) ) )
  '  |____| .__|_| |_|_| |_\__, | / / / /
 =========|_|==============|___/=/_/_/_/

 :: Spring Boot ::                (v4.1.1)

2026-09-19T21:44:36.420+07:00  INFO 28556 --- [library_management] [           main] c.g.l.LibraryManagementApplication       : Starting LibraryManagementApplication v0.0.1-SNAPSHOT using Java 24.0.2 with PID 28556 (D:\learn_android_programming\project_mobile_group2\PROJECT-ANDROID-PROGRAMMING\code_api\library_management\target\library_management-0.0.1-SNAPSHOT.jar started by hai in D:\learn_android_programming\project_mobile_group2\PROJECT-ANDROID-PROGRAMMING\code_api\library_management)
2026-09-19T21:44:36.426+07:00  INFO 28556 --- [library_management] [           main] c.g.l.LibraryManagementApplication       : No active profile set, falling back to 1 default profile: "default"
2026-09-19T21:44:36.427+07:00 DEBUG 28556 --- [library_management] [           main] o.s.boot.SpringApplication               : Loading source class com.group_7.library_management.LibraryManagementApplication
2026-09-19T21:44:36.501+07:00 DEBUG 28556 --- [library_management] [           main] ConfigServletWebServerApplicationContext : Refreshing org.springframework.boot.web.server.servlet.context.AnnotationConfigServletWebServerApplicationContext@6ce86ce1
2026-09-19T21:44:37.644+07:00  INFO 28556 --- [library_management] [           main] .s.d.r.c.RepositoryConfigurationDelegate : Bootstrapping Spring Data JPA repositories in DEFAULT mode.
2026-09-19T21:44:37.666+07:00 DEBUG 28556 --- [library_management] [           main] o.s.b.a.AutoConfigurationPackages        : @EnableAutoConfiguration was declared on a class in the package 'com.group_7.library_management'. Automatic @Repository and @Entity scanning is enabled.
2026-09-19T21:44:37.739+07:00  INFO 28556 --- [library_management] [           main] .s.d.r.c.RepositoryConfigurationDelegate : Finished Spring Data repository scanning in 78 ms. Found 14 JPA repository interfaces.
2026-09-19T21:44:47.726+07:00 DEBUG 28556 --- [library_management] [           main] o.s.b.t.s.TomcatServletWebServerFactory  : Code archive: D:\learn_android_programming\project_mobile_group2\PROJECT-ANDROID-PROGRAMMING\code_api\library_management\target\library_management-0.0.1-SNAPSHOT.jar
2026-09-19T21:44:47.727+07:00 DEBUG 28556 --- [library_management] [           main] o.s.b.t.s.TomcatServletWebServerFactory  : Code archive: D:\learn_android_programming\project_mobile_group2\PROJECT-ANDROID-PROGRAMMING\code_api\library_management\target\library_management-0.0.1-SNAPSHOT.jar
2026-09-19T21:44:47.729+07:00 DEBUG 28556 --- [library_management] [           main] o.s.b.t.s.TomcatServletWebServerFactory  : None of the document roots [src/main/webapp, public, static] point to a directory and will be ignored.
2026-09-19T21:44:47.769+07:00  INFO 28556 --- [library_management] [           main] o.s.boot.tomcat.TomcatWebServer          : Tomcat initialized with port 8386 (http)
2026-09-19T21:44:47.796+07:00  INFO 28556 --- [library_management] [           main] o.apache.catalina.core.StandardService   : Starting service [Tomcat]
2026-09-19T21:44:47.797+07:00  INFO 28556 --- [library_management] [           main] o.apache.catalina.core.StandardEngine    : Starting Servlet engine: [Apache Tomcat/11.0.24]
2026-09-19T21:44:47.852+07:00 DEBUG 28556 --- [library_management] [           main] b.w.c.s.WebApplicationContextInitializer : Published root WebApplicationContext as ServletContext attribute with name [org.springframework.web.context.WebApplicationContext.ROOT]
2026-09-19T21:44:47.854+07:00  INFO 28556 --- [library_management] [           main] b.w.c.s.WebApplicationContextInitializer : Root WebApplicationContext: initialization completed in 11351 ms
2026-09-19T21:44:48.670+07:00  INFO 28556 --- [library_management] [           main] org.hibernate.orm.jpa                    : HHH008540: Processing PersistenceUnitInfo [name: default]
2026-09-19T21:44:49.012+07:00  INFO 28556 --- [library_management] [           main] org.hibernate.orm.core                   : HHH000001: Hibernate ORM core version 7.4.5.Final
2026-09-19T21:44:50.603+07:00  INFO 28556 --- [library_management] [           main] o.s.o.j.p.SpringPersistenceUnitInfo      : No LoadTimeWeaver setup: ignoring JPA class transformer
2026-09-19T21:44:50.660+07:00  INFO 28556 --- [library_management] [           main] com.zaxxer.hikari.HikariDataSource       : HikariPool-1 - Starting...
2026-09-19T21:44:51.037+07:00  INFO 28556 --- [library_management] [           main] com.zaxxer.hikari.pool.HikariPool        : HikariPool-1 - Added connection com.mysql.cj.jdbc.ConnectionImpl@4a7db5a
2026-09-19T21:44:51.041+07:00  INFO 28556 --- [library_management] [           main] com.zaxxer.hikari.HikariDataSource       : HikariPool-1 - Start completed.
2026-09-19T21:44:51.213+07:00  INFO 28556 --- [library_management] [           main] org.hibernate.orm.connections.pooling    : HHH10001005: Database info:
	Database JDBC URL [jdbc:mysql://localhost:3306/library_management?useSSL=false&allowPublicKeyRetrieval=true&serverTimezone=Asia/Ho_Chi_Minh]
	Database driver: MySQL Connector/J
	Database dialect: MySQLDialect
	Database version: 9.3
	Default catalog/schema: library_management/undefined
	Autocommit mode: undefined/unknown
	Isolation level: REPEATABLE_READ [default REPEATABLE_READ]
	JDBC fetch size: none
	Pool: DataSourceConnectionProvider
	Minimum pool size: undefined/unknown
	Maximum pool size: undefined/unknown
2026-09-19T21:44:54.060+07:00  INFO 28556 --- [library_management] [           main] org.hibernate.orm.core                   : HHH000489: No JTA platform available (set 'hibernate.transaction.jta.platform' to enable JTA platform integration)
2026-09-19T21:44:54.301+07:00 DEBUG 28556 --- [library_management] [           main] org.hibernate.SQL                        : alter table book_copies modify column status enum ('AVAILABLE','BORROWED','DAMAGED','LOST','MAINTENANCE','RESERVED') not null
2026-09-19T21:44:54.322+07:00 DEBUG 28556 --- [library_management] [           main] org.hibernate.SQL                        : alter table borrow_records modify column status enum ('BORROWED','CANCELLED','OVERDUE','REQUESTED','RETURNED') not null
2026-09-19T21:44:54.336+07:00 DEBUG 28556 --- [library_management] [           main] org.hibernate.SQL                        : alter table notifications modify column type enum ('BOOK','ERROR','INFO','SUCCESS','WARNING') not null
2026-09-19T21:44:54.350+07:00 DEBUG 28556 --- [library_management] [           main] org.hibernate.SQL                        : alter table registration_verifications modify column verification_channel enum ('EMAIL','SMS')
2026-09-19T21:44:54.366+07:00 DEBUG 28556 --- [library_management] [           main] org.hibernate.SQL                        : alter table users modify column role enum ('ADMIN','USER') not null
2026-09-19T21:44:54.464+07:00  INFO 28556 --- [library_management] [           main] j.LocalContainerEntityManagerFactoryBean : Initialized JPA EntityManagerFactory for persistence unit 'default'
2026-09-19T21:44:54.651+07:00  INFO 28556 --- [library_management] [           main] o.s.d.j.r.query.QueryEnhancerFactories   : Hibernate is in classpath; If applicable, HQL parser will be used.
2026-09-19T21:44:55.231+07:00 DEBUG 28556 --- [library_management] [           main] o.s.b.w.s.ServletContextInitializerBeans : Mapping filters: springSecurityFilterChain urls=[/*] order=-100, characterEncodingFilter urls=[/*] order=-2147483648, formContentFilter urls=[/*] order=-9900, requestContextFilter urls=[/*] order=-105, bearerTokenAuthenticationFilter urls=[/*] order=2147483647
2026-09-19T21:44:55.233+07:00 DEBUG 28556 --- [library_management] [           main] o.s.b.w.s.ServletContextInitializerBeans : Mapping servlets: dispatcherServlet urls=[/]
2026-09-19T21:44:55.299+07:00 DEBUG 28556 --- [library_management] [           main] o.s.b.s.f.OrderedRequestContextFilter    : Filter 'requestContextFilter' configured for use
2026-09-19T21:44:55.302+07:00 DEBUG 28556 --- [library_management] [           main] o.s.b.s.f.OrderedCharacterEncodingFilter : Filter 'characterEncodingFilter' configured for use
2026-09-19T21:44:55.303+07:00 DEBUG 28556 --- [library_management] [           main] .DelegatingFilterProxyRegistrationBean$1 : Filter 'springSecurityFilterChain' configured for use
2026-09-19T21:44:55.306+07:00 DEBUG 28556 --- [library_management] [           main] o.s.b.s.filter.OrderedFormContentFilter  : Filter 'formContentFilter' configured for use
2026-09-19T21:45:00.726+07:00  WARN 28556 --- [library_management] [           main] .s.a.UserDetailsServiceAutoConfiguration : 

Using generated security password: ef195c96-65ee-45cf-9e55-a683635d12e0

This generated password is for development use only. Your security configuration must be updated before running your application in production.

2026-09-19T21:45:00.753+07:00  INFO 28556 --- [library_management] [           main] r$InitializeUserDetailsManagerConfigurer : Global AuthenticationManager configured with UserDetailsService bean with name inMemoryUserDetailsManager
2026-09-19T21:45:01.786+07:00 DEBUG 28556 --- [library_management] [           main] s.w.s.m.m.a.RequestMappingHandlerMapping : 51 mappings in 'requestMappingHandlerMapping'
2026-09-19T21:45:01.920+07:00 DEBUG 28556 --- [library_management] [           main] o.s.w.s.handler.SimpleUrlHandlerMapping  : Patterns [/webjars/**, /**] in 'resourceHandlerMapping'
2026-09-19T21:45:02.092+07:00 DEBUG 28556 --- [library_management] [           main] s.w.s.m.m.a.RequestMappingHandlerAdapter : ControllerAdvice beans: 0 @ModelAttribute, 0 @InitBinder, 2 RequestBodyAdvice, 1 ResponseBodyAdvice
2026-09-19T21:45:02.312+07:00 DEBUG 28556 --- [library_management] [           main] .m.m.a.ExceptionHandlerExceptionResolver : ControllerAdvice beans: 1 @ExceptionHandler, 1 ResponseBodyAdvice
2026-09-19T21:45:02.745+07:00  INFO 28556 --- [library_management] [           main] o.s.boot.tomcat.TomcatWebServer          : Tomcat started on port 8386 (http) with context path '/'
2026-09-19T21:45:02.774+07:00 DEBUG 28556 --- [library_management] [           main] .s.b.a.l.ConditionEvaluationReportLogger : 


============================
CONDITIONS EVALUATION REPORT
============================


Positive matches:
-----------------

   AopAutoConfiguration matched:
      - @ConditionalOnBooleanProperty (spring.aop.auto=true) matched (OnPropertyCondition)

   AopAutoConfiguration.AspectJAutoProxyingConfiguration matched:
      - @ConditionalOnClass found required class 'org.aspectj.weaver.Advice' (OnClassCondition)

   AopAutoConfiguration.AspectJAutoProxyingConfiguration.CglibAutoProxyConfiguration matched:
      - @ConditionalOnBooleanProperty (spring.aop.proxy-target-class=true) matched (OnPropertyCondition)

   ApplicationAvailabilityAutoConfiguration#applicationAvailability matched:
      - @ConditionalOnMissingBean (types: org.springframework.boot.availability.ApplicationAvailability; SearchStrategy: all) did not find any beans (OnBeanCondition)

   DataJpaRepositoriesAutoConfiguration matched:
      - @ConditionalOnClass found required class 'org.springframework.data.jpa.repository.JpaRepository' (OnClassCondition)
      - @ConditionalOnBooleanProperty (spring.data.jpa.repositories.enabled=true) matched (OnPropertyCondition)
      - @ConditionalOnBean (types: javax.sql.DataSource; SearchStrategy: all) found bean 'dataSource'; @ConditionalOnMissingBean (types: org.springframework.data.jpa.repository.support.JpaRepositoryFactoryBean,org.springframework.data.jpa.repository.config.JpaRepositoryConfigExtension; SearchStrategy: all) did not find any beans (OnBeanCondition)

   DataSourceAutoConfiguration matched:
      - @ConditionalOnClass found required classes 'javax.sql.DataSource', 'org.springframework.jdbc.datasource.embedded.EmbeddedDatabaseType' (OnClassCondition)
      - @ConditionalOnMissingBean (types: io.r2dbc.spi.ConnectionFactory; SearchStrategy: all) did not find any beans (OnBeanCondition)

   DataSourceAutoConfiguration.PooledDataSourceConfiguration matched:
      - AnyNestedCondition 1 matched 1 did not; NestedCondition on DataSourceAutoConfiguration.PooledDataSourceCondition.PooledDataSourceAvailable PooledDataSource found supported DataSource; NestedCondition on DataSourceAutoConfiguration.PooledDataSourceCondition.ExplicitType @ConditionalOnProperty (spring.datasource.type) did not find property 'spring.datasource.type' (DataSourceAutoConfiguration.PooledDataSourceCondition)
      - @ConditionalOnMissingBean (types: javax.sql.DataSource,javax.sql.XADataSource; SearchStrategy: all) did not find any beans (OnBeanCondition)

   DataSourceAutoConfiguration.PooledDataSourceConfiguration#jdbcConnectionDetails matched:
      - @ConditionalOnMissingBean (types: org.springframework.boot.jdbc.autoconfigure.JdbcConnectionDetails; SearchStrategy: all) did not find any beans (OnBeanCondition)

   DataSourceConfiguration.Hikari matched:
      - @ConditionalOnClass found required class 'com.zaxxer.hikari.HikariDataSource' (OnClassCondition)
      - @ConditionalOnProperty (spring.datasource.type=com.zaxxer.hikari.HikariDataSource) matched (OnPropertyCondition)
      - @ConditionalOnMissingBean (types: javax.sql.DataSource; SearchStrategy: all) did not find any beans (OnBeanCondition)

   DataSourceInitializationAutoConfiguration matched:
      - @ConditionalOnClass found required class 'org.springframework.jdbc.datasource.init.DatabasePopulator' (OnClassCondition)
      - SQL InitializationDatabase Initialization default value is EMBEDDED (OnSqlInitializationCondition)
      - @ConditionalOnSingleCandidate (types: javax.sql.DataSource; SearchStrategy: all) found a single bean 'dataSource'; @ConditionalOnMissingBean (types: org.springframework.boot.sql.autoconfigure.init.ApplicationScriptDatabaseInitializer; SearchStrategy: all) did not find any beans (OnBeanCondition)

   DataSourcePoolMetadataProvidersConfiguration.HikariPoolDataSourceMetadataProviderConfiguration matched:
      - @ConditionalOnClass found required class 'com.zaxxer.hikari.HikariDataSource' (OnClassCondition)

   DataSourceTransactionManagerAutoConfiguration matched:
      - @ConditionalOnClass found required classes 'javax.sql.DataSource', 'org.springframework.jdbc.core.JdbcTemplate', 'org.springframework.transaction.TransactionManager' (OnClassCondition)

   DataSourceTransactionManagerAutoConfiguration.JdbcTransactionManagerConfiguration matched:
      - @ConditionalOnSingleCandidate (types: javax.sql.DataSource; SearchStrategy: all) found a single bean 'dataSource' (OnBeanCondition)

   DataWebAutoConfiguration matched:
      - @ConditionalOnClass found required classes 'org.springframework.data.web.PageableHandlerMethodArgumentResolver', 'org.springframework.web.servlet.config.annotation.WebMvcConfigurer' (OnClassCondition)
      - found 'session' scope (OnWebApplicationCondition)
      - @ConditionalOnMissingBean (types: org.springframework.data.web.PageableHandlerMethodArgumentResolver; SearchStrategy: all) did not find any beans (OnBeanCondition)

   DataWebAutoConfiguration#pageableCustomizer matched:
      - @ConditionalOnMissingBean (types: org.springframework.data.web.config.PageableHandlerMethodArgumentResolverCustomizer; SearchStrategy: all) did not find any beans (OnBeanCondition)

   DataWebAutoConfiguration#sortCustomizer matched:
      - @ConditionalOnMissingBean (types: org.springframework.data.web.config.SortHandlerMethodArgumentResolverCustomizer; SearchStrategy: all) did not find any beans (OnBeanCondition)

   DataWebAutoConfiguration#springDataWebSettings matched:
      - @ConditionalOnMissingBean (types: org.springframework.data.web.config.SpringDataWebSettings; SearchStrategy: all) did not find any beans (OnBeanCondition)

   DefaultTaskSchedulerConfiguration matched:
      - @ConditionalOnMissingBean (names: taskScheduler; SearchStrategy: all) did not find any beans (OnBeanCondition)

   DefaultTaskSchedulerConfiguration#taskScheduler matched:
      - @ConditionalOnBean (types: org.springframework.boot.task.ThreadPoolTaskSchedulerBuilder; SearchStrategy: all) found bean 'threadPoolTaskSchedulerBuilder' (OnBeanCondition)
      - @ConditionalOnThreading found PLATFORM (OnThreadingCondition)

   DispatcherServletAutoConfiguration matched:
      - @ConditionalOnClass found required class 'org.springframework.web.servlet.DispatcherServlet' (OnClassCondition)
      - found 'session' scope (OnWebApplicationCondition)

   DispatcherServletAutoConfiguration.DispatcherServletConfiguration matched:
      - @ConditionalOnClass found required class 'jakarta.servlet.ServletRegistration' (OnClassCondition)
      - Default DispatcherServlet did not find dispatcher servlet beans (DispatcherServletAutoConfiguration.DefaultDispatcherServletCondition)

   DispatcherServletAutoConfiguration.DispatcherServletRegistrationConfiguration matched:
      - @ConditionalOnClass found required class 'jakarta.servlet.ServletRegistration' (OnClassCondition)
      - DispatcherServlet Registration did not find servlet registration bean (DispatcherServletAutoConfiguration.DispatcherServletRegistrationCondition)

   DispatcherServletAutoConfiguration.DispatcherServletRegistrationConfiguration#dispatcherServletRegistration matched:
      - @ConditionalOnBean (names: dispatcherServlet types: org.springframework.web.servlet.DispatcherServlet; SearchStrategy: all) found bean 'dispatcherServlet' (OnBeanCondition)

   ErrorMvcAutoConfiguration matched:
      - @ConditionalOnClass found required classes 'jakarta.servlet.Servlet', 'org.springframework.web.servlet.DispatcherServlet' (OnClassCondition)
      - found 'session' scope (OnWebApplicationCondition)

   ErrorMvcAutoConfiguration#basicErrorController matched:
      - @ConditionalOnMissingBean (types: org.springframework.boot.webmvc.error.ErrorController; SearchStrategy: current) did not find any beans (OnBeanCondition)

   ErrorMvcAutoConfiguration#errorAttributes matched:
      - @ConditionalOnMissingBean (types: org.springframework.boot.webmvc.error.ErrorAttributes; SearchStrategy: current) did not find any beans (OnBeanCondition)

   ErrorMvcAutoConfiguration.DefaultErrorViewResolverConfiguration#conventionErrorViewResolver matched:
      - @ConditionalOnBean (types: org.springframework.web.servlet.DispatcherServlet; SearchStrategy: all) found bean 'dispatcherServlet'; @ConditionalOnMissingBean (types: org.springframework.boot.webmvc.autoconfigure.error.ErrorViewResolver; SearchStrategy: all) did not find any beans (OnBeanCondition)

   ErrorMvcAutoConfiguration.WhitelabelErrorViewConfiguration matched:
      - @ConditionalOnBooleanProperty (spring.web.error.whitelabel.enabled=true) matched (OnPropertyCondition)
      - ErrorTemplate Missing did not find error template view (ErrorMvcAutoConfiguration.ErrorTemplateMissingCondition)

   ErrorMvcAutoConfiguration.WhitelabelErrorViewConfiguration#beanNameViewResolver matched:
      - @ConditionalOnMissingBean (types: org.springframework.web.servlet.view.BeanNameViewResolver; SearchStrategy: all) did not find any beans (OnBeanCondition)

   ErrorMvcAutoConfiguration.WhitelabelErrorViewConfiguration#defaultErrorView matched:
      - @ConditionalOnMissingBean (names: error; SearchStrategy: all) did not find any beans (OnBeanCondition)

   HibernateJpaAutoConfiguration matched:
      - @ConditionalOnClass found required classes 'org.springframework.orm.jpa.LocalContainerEntityManagerFactoryBean', 'jakarta.persistence.EntityManager', 'org.hibernate.engine.spi.SessionImplementor' (OnClassCondition)

   HibernateJpaConfiguration matched:
      - @ConditionalOnSingleCandidate (types: javax.sql.DataSource; SearchStrategy: all) found a single bean 'dataSource' (OnBeanCondition)

   HttpEncodingAutoConfiguration matched:
      - @ConditionalOnClass found required class 'org.springframework.web.filter.CharacterEncodingFilter' (OnClassCondition)
      - found 'session' scope (OnWebApplicationCondition)
      - @ConditionalOnBooleanProperty (spring.servlet.encoding.enabled=true) matched (OnPropertyCondition)

   HttpEncodingAutoConfiguration#characterEncodingFilter matched:
      - @ConditionalOnMissingBean (types: org.springframework.web.filter.CharacterEncodingFilter; SearchStrategy: all) did not find any beans (OnBeanCondition)

   HttpMessageConvertersAutoConfiguration matched:
      - @ConditionalOnClass found required class 'org.springframework.http.converter.HttpMessageConverter' (OnClassCondition)
      - NoneNestedConditions 0 matched 1 did not; NestedCondition on HttpMessageConvertersAutoConfiguration.NotReactiveWebApplicationCondition.ReactiveWebApplication did not find reactive web application classes (HttpMessageConvertersAutoConfiguration.NotReactiveWebApplicationCondition)

   HttpMessageConvertersAutoConfiguration.StringHttpMessageConverterConfiguration#stringHttpMessageConvertersCustomizer matched:
      - @ConditionalOnMissingBean (types: org.springframework.http.converter.StringHttpMessageConverter; SearchStrategy: all) did not find any beans (OnBeanCondition)

   JacksonAutoConfiguration matched:
      - @ConditionalOnClass found required class 'tools.jackson.databind.json.JsonMapper' (OnClassCondition)

   JacksonAutoConfiguration#jacksonJsonMapper matched:
      - @ConditionalOnMissingBean (types: tools.jackson.databind.json.JsonMapper; SearchStrategy: all) did not find any beans (OnBeanCondition)

   JacksonAutoConfiguration#jsonFactory matched:
      - @ConditionalOnMissingBean (types: tools.jackson.core.json.JsonFactory; SearchStrategy: all) did not find any beans (OnBeanCondition)

   JacksonAutoConfiguration#jsonMapperBuilder matched:
      - @ConditionalOnMissingBean (types: tools.jackson.databind.json.JsonMapper$Builder; SearchStrategy: all) did not find any beans (OnBeanCondition)

   JacksonAutoConfiguration.JsonProblemDetailsConfiguration matched:
      - @ConditionalOnClass found required class 'org.springframework.http.ProblemDetail' (OnClassCondition)

   JacksonHttpMessageConvertersConfiguration.JacksonJsonHttpMessageConverterConfiguration matched:
      - @ConditionalOnClass found required class 'tools.jackson.databind.json.JsonMapper' (OnClassCondition)
      - @ConditionalOnProperty (spring.http.converters.preferred-json-mapper=jackson) matched (OnPropertyCondition)
      - @ConditionalOnBean (types: tools.jackson.databind.json.JsonMapper; SearchStrategy: all) found bean 'jacksonJsonMapper' (OnBeanCondition)

   JacksonHttpMessageConvertersConfiguration.JacksonJsonHttpMessageConverterConfiguration#jacksonJsonHttpMessageConvertersCustomizer matched:
      - @ConditionalOnMissingBean (types: org.springframework.http.converter.json.JacksonJsonHttpMessageConverter ignored: org.springframework.hateoas.server.mvc.TypeConstrainedJacksonJsonHttpMessageConverter,org.springframework.data.rest.webmvc.alps.AlpsJacksonJsonHttpMessageConverter; SearchStrategy: all) did not find any beans (OnBeanCondition)

   JdbcClientAutoConfiguration matched:
      - @ConditionalOnSingleCandidate (types: org.springframework.jdbc.core.namedparam.NamedParameterJdbcTemplate; SearchStrategy: all) found a single bean 'namedParameterJdbcTemplate'; @ConditionalOnMissingBean (types: org.springframework.jdbc.core.simple.JdbcClient; SearchStrategy: all) did not find any beans (OnBeanCondition)

   JdbcTemplateAutoConfiguration matched:
      - @ConditionalOnClass found required classes 'javax.sql.DataSource', 'org.springframework.jdbc.core.JdbcTemplate' (OnClassCondition)
      - @ConditionalOnSingleCandidate (types: javax.sql.DataSource; SearchStrategy: all) found a single bean 'dataSource' (OnBeanCondition)

   JdbcTemplateConfiguration matched:
      - @ConditionalOnMissingBean (types: org.springframework.jdbc.core.JdbcOperations; SearchStrategy: all) did not find any beans (OnBeanCondition)

   JpaBaseConfiguration#entityManagerFactory matched:
      - @ConditionalOnMissingBean (types: org.springframework.orm.jpa.LocalContainerEntityManagerFactoryBean,jakarta.persistence.EntityManagerFactory; SearchStrategy: all) did not find any beans (OnBeanCondition)

   JpaBaseConfiguration#entityManagerFactoryBuilder matched:
      - @ConditionalOnMissingBean (types: org.springframework.boot.jpa.EntityManagerFactoryBuilder; SearchStrategy: all) did not find any beans (OnBeanCondition)

   JpaBaseConfiguration#jpaVendorAdapter matched:
      - @ConditionalOnMissingBean (types: org.springframework.orm.jpa.JpaVendorAdapter; SearchStrategy: all) did not find any beans (OnBeanCondition)

   JpaBaseConfiguration#transactionManager matched:
      - @ConditionalOnMissingBean (types: org.springframework.transaction.TransactionManager; SearchStrategy: all) did not find any beans (OnBeanCondition)

   JpaBaseConfiguration.PersistenceManagedTypesConfiguration matched:
      - @ConditionalOnMissingBean (types: org.springframework.orm.jpa.LocalContainerEntityManagerFactoryBean,jakarta.persistence.EntityManagerFactory; SearchStrategy: all) did not find any beans (OnBeanCondition)

   JpaBaseConfiguration.PersistenceManagedTypesConfiguration#persistenceManagedTypes matched:
      - @ConditionalOnMissingBean (types: org.springframework.orm.jpa.persistenceunit.PersistenceManagedTypes; SearchStrategy: all) did not find any beans (OnBeanCondition)

   JtaAutoConfiguration matched:
      - @ConditionalOnClass found required class 'jakarta.transaction.Transaction' (OnClassCondition)
      - @ConditionalOnBooleanProperty (spring.jta.enabled=true) matched (OnPropertyCondition)

   LifecycleAutoConfiguration#defaultLifecycleProcessor matched:
      - @ConditionalOnMissingBean (names: lifecycleProcessor; SearchStrategy: current) did not find any beans (OnBeanCondition)

   MailSenderAutoConfiguration matched:
      - @ConditionalOnClass found required classes 'jakarta.mail.internet.MimeMessage', 'jakarta.activation.MimeType', 'org.springframework.mail.MailSender' (OnClassCondition)
      - AnyNestedCondition 1 matched 1 did not; NestedCondition on MailSenderAutoConfiguration.MailSenderCondition.JndiNameProperty @ConditionalOnProperty (spring.mail.jndi-name) did not find property 'spring.mail.jndi-name'; NestedCondition on MailSenderAutoConfiguration.MailSenderCondition.HostProperty @ConditionalOnProperty (spring.mail.host) matched (MailSenderAutoConfiguration.MailSenderCondition)
      - @ConditionalOnMissingBean (types: org.springframework.mail.MailSender; SearchStrategy: all) did not find any beans (OnBeanCondition)

   MailSenderPropertiesConfiguration matched:
      - @ConditionalOnProperty (spring.mail.host) matched (OnPropertyCondition)

   MailSenderPropertiesConfiguration#mailSender matched:
      - @ConditionalOnMissingBean (types: org.springframework.mail.javamail.JavaMailSender; SearchStrategy: all) did not find any beans (OnBeanCondition)

   MultipartAutoConfiguration matched:
      - @ConditionalOnClass found required classes 'jakarta.servlet.Servlet', 'org.springframework.web.multipart.support.StandardServletMultipartResolver', 'jakarta.servlet.MultipartConfigElement' (OnClassCondition)
      - found 'session' scope (OnWebApplicationCondition)
      - @ConditionalOnBooleanProperty (spring.servlet.multipart.enabled=true) matched (OnPropertyCondition)

   MultipartAutoConfiguration#multipartConfigElement matched:
      - @ConditionalOnMissingBean (types: jakarta.servlet.MultipartConfigElement; SearchStrategy: all) did not find any beans (OnBeanCondition)

   MultipartAutoConfiguration#multipartResolver matched:
      - @ConditionalOnMissingBean (types: org.springframework.web.multipart.MultipartResolver; SearchStrategy: all) did not find any beans (OnBeanCondition)

   NamedParameterJdbcTemplateConfiguration matched:
      - @ConditionalOnSingleCandidate (types: org.springframework.jdbc.core.JdbcTemplate; SearchStrategy: all) found a single bean 'jdbcTemplate'; @ConditionalOnMissingBean (types: org.springframework.jdbc.core.namedparam.NamedParameterJdbcOperations; SearchStrategy: all) did not find any beans (OnBeanCondition)

   PersistenceExceptionTranslationAutoConfiguration matched:
      - @ConditionalOnClass found required class 'org.springframework.dao.annotation.PersistenceExceptionTranslationPostProcessor' (OnClassCondition)

   PersistenceExceptionTranslationAutoConfiguration#persistenceExceptionTranslationPostProcessor matched:
      - @ConditionalOnBooleanProperty (spring.persistence.exceptiontranslation.enabled=true) matched (OnPropertyCondition)
      - @ConditionalOnMissingBean (types: org.springframework.dao.annotation.PersistenceExceptionTranslationPostProcessor; SearchStrategy: all) did not find any beans (OnBeanCondition)

   PropertyPlaceholderAutoConfiguration#propertySourcesPlaceholderConfigurer matched:
      - @ConditionalOnMissingBean (types: org.springframework.context.support.PropertySourcesPlaceholderConfigurer; SearchStrategy: current) did not find any beans (OnBeanCondition)

   SecurityAutoConfiguration matched:
      - @ConditionalOnClass found required class 'org.springframework.security.authentication.DefaultAuthenticationEventPublisher' (OnClassCondition)

   SecurityAutoConfiguration#authenticationEventPublisher matched:
      - @ConditionalOnMissingBean (types: org.springframework.security.authentication.AuthenticationEventPublisher; SearchStrategy: all) did not find any beans (OnBeanCondition)

   SecurityFilterAutoConfiguration matched:
      - @ConditionalOnClass found required classes 'org.springframework.security.web.context.AbstractSecurityWebApplicationInitializer', 'org.springframework.security.config.http.SessionCreationPolicy' (OnClassCondition)
      - found 'session' scope (OnWebApplicationCondition)

   SecurityFilterAutoConfiguration#securityFilterChainRegistration matched:
      - @ConditionalOnBean (names: springSecurityFilterChain; SearchStrategy: all) found bean 'springSecurityFilterChain' (OnBeanCondition)

   ServletWebSecurityAutoConfiguration matched:
      - @ConditionalOnClass found required class 'org.springframework.security.config.annotation.web.configuration.EnableWebSecurity' (OnClassCondition)
      - found 'session' scope (OnWebApplicationCondition)

   ServletWebSecurityAutoConfiguration.EnableWebSecurityConfiguration matched:
      - @ConditionalOnClass found required class 'org.springframework.security.config.annotation.web.configuration.EnableWebSecurity' (OnClassCondition)
      - @ConditionalOnMissingBean (names: springSecurityFilterChain; SearchStrategy: all) did not find any beans (OnBeanCondition)

   ServletWebSecurityAutoConfiguration.PathPatternRequestMatcherBuilderConfiguration matched:
      - @ConditionalOnClass found required class 'org.springframework.boot.webmvc.autoconfigure.DispatcherServletPath' (OnClassCondition)
      - @ConditionalOnBean (types: org.springframework.boot.webmvc.autoconfigure.DispatcherServletPath; SearchStrategy: all) found bean 'dispatcherServletRegistration' (OnBeanCondition)

   ServletWebSecurityAutoConfiguration.PathPatternRequestMatcherBuilderConfiguration#pathPatternRequestMatcherBuilder matched:
      - @ConditionalOnMissingBean (types: org.springframework.security.web.servlet.util.matcher.PathPatternRequestMatcher$Builder; SearchStrategy: all) did not find any beans (OnBeanCondition)

   SslAutoConfiguration#sslBundleRegistry matched:
      - @ConditionalOnMissingBean (types: org.springframework.boot.ssl.SslBundleRegistry,org.springframework.boot.ssl.SslBundles; SearchStrategy: all) did not find any beans (OnBeanCondition)

   TaskExecutionAutoConfiguration matched:
      - @ConditionalOnClass found required class 'org.springframework.scheduling.concurrent.ThreadPoolTaskExecutor' (OnClassCondition)

   TaskExecutorConfigurations.AsyncConfigurerConfiguration matched:
      - @ConditionalOnMissingBean (types: org.springframework.scheduling.annotation.AsyncConfigurer; SearchStrategy: all) did not find any beans (OnBeanCondition)

   TaskExecutorConfigurations.SimpleAsyncTaskExecutorBuilderConfiguration#simpleAsyncTaskExecutorBuilder matched:
      - @ConditionalOnMissingBean (types: org.springframework.boot.task.SimpleAsyncTaskExecutorBuilder; SearchStrategy: all) did not find any beans (OnBeanCondition)
      - @ConditionalOnThreading found PLATFORM (OnThreadingCondition)

   TaskExecutorConfigurations.TaskExecutorConfiguration matched:
      - AnyNestedCondition 1 matched 1 did not; NestedCondition on TaskExecutorConfigurations.OnExecutorCondition.ModelCondition @ConditionalOnProperty (spring.task.execution.mode=force) did not find property 'spring.task.execution.mode'; NestedCondition on TaskExecutorConfigurations.OnExecutorCondition.ExecutorBeanCondition @ConditionalOnMissingBean (types: java.util.concurrent.Executor; SearchStrategy: all) did not find any beans (TaskExecutorConfigurations.OnExecutorCondition)

   TaskExecutorConfigurations.TaskExecutorConfiguration#applicationTaskExecutor matched:
      - @ConditionalOnThreading found PLATFORM (OnThreadingCondition)

   TaskExecutorConfigurations.ThreadPoolTaskExecutorBuilderConfiguration#threadPoolTaskExecutorBuilder matched:
      - @ConditionalOnMissingBean (types: org.springframework.boot.task.ThreadPoolTaskExecutorBuilder; SearchStrategy: all) did not find any beans (OnBeanCondition)

   TaskSchedulingAutoConfiguration matched:
      - @ConditionalOnClass found required class 'org.springframework.scheduling.concurrent.ThreadPoolTaskScheduler' (OnClassCondition)

   TaskSchedulingAutoConfiguration#scheduledBeanLazyInitializationExcludeFilter matched:
      - @ConditionalOnBean (names: org.springframework.scheduling.config.internalScheduledAnnotationProcessor; SearchStrategy: all) found bean 'org.springframework.scheduling.config.internalScheduledAnnotationProcessor' (OnBeanCondition)

   TaskSchedulingConfigurations.SimpleAsyncTaskSchedulerBuilderConfiguration#simpleAsyncTaskSchedulerBuilder matched:
      - @ConditionalOnMissingBean (types: org.springframework.boot.task.SimpleAsyncTaskSchedulerBuilder; SearchStrategy: all) did not find any beans (OnBeanCondition)
      - @ConditionalOnThreading found PLATFORM (OnThreadingCondition)

   TaskSchedulingConfigurations.TaskSchedulerConfiguration matched:
      - @ConditionalOnBean (names: org.springframework.scheduling.config.internalScheduledAnnotationProcessor; SearchStrategy: all) found bean 'org.springframework.scheduling.config.internalScheduledAnnotationProcessor'; @ConditionalOnMissingBean (types: org.springframework.scheduling.TaskScheduler,java.util.concurrent.ScheduledExecutorService; SearchStrategy: all) did not find any beans (OnBeanCondition)

   TaskSchedulingConfigurations.ThreadPoolTaskSchedulerBuilderConfiguration#threadPoolTaskSchedulerBuilder matched:
      - @ConditionalOnMissingBean (types: org.springframework.boot.task.ThreadPoolTaskSchedulerBuilder; SearchStrategy: all) did not find any beans (OnBeanCondition)

   TomcatServletWebServerAutoConfiguration matched:
      - @ConditionalOnClass found required classes 'jakarta.servlet.ServletRequest', 'org.apache.catalina.startup.Tomcat', 'org.apache.coyote.UpgradeProtocol', 'org.springframework.boot.tomcat.servlet.TomcatServletWebServerFactory' (OnClassCondition)
      - found 'session' scope (OnWebApplicationCondition)

   TomcatServletWebServerAutoConfiguration#tomcatServletWebServerFactory matched:
      - @ConditionalOnMissingBean (types: org.springframework.boot.web.server.servlet.ServletWebServerFactory; SearchStrategy: current) did not find any beans (OnBeanCondition)

   TomcatWebServerConfiguration matched:
      - @ConditionalOnWarDeployment the application is not deployed as a WAR file. (OnWarDeploymentCondition)

   TomcatWebServerConfiguration.TomcatWebSocketConfiguration matched:
      - @ConditionalOnClass found required class 'org.apache.tomcat.websocket.server.WsSci' (OnClassCondition)

   TransactionAutoConfiguration matched:
      - @ConditionalOnClass found required class 'org.springframework.transaction.PlatformTransactionManager' (OnClassCondition)

   TransactionAutoConfiguration.EnableTransactionManagementConfiguration matched:
      - @ConditionalOnBean (types: org.springframework.transaction.TransactionManager; SearchStrategy: all) found bean 'transactionManager'; @ConditionalOnMissingBean (types: org.springframework.transaction.annotation.AbstractTransactionManagementConfiguration; SearchStrategy: all) did not find any beans (OnBeanCondition)

   TransactionAutoConfiguration.EnableTransactionManagementConfiguration.CglibAutoProxyConfiguration matched:
      - @ConditionalOnBooleanProperty (spring.aop.proxy-target-class=true) matched (OnPropertyCondition)

   TransactionAutoConfiguration.TransactionTemplateConfiguration matched:
      - @ConditionalOnSingleCandidate (types: org.springframework.transaction.PlatformTransactionManager; SearchStrategy: all) found a single bean 'transactionManager' (OnBeanCondition)

   TransactionAutoConfiguration.TransactionTemplateConfiguration#transactionTemplate matched:
      - @ConditionalOnMissingBean (types: org.springframework.transaction.support.TransactionOperations; SearchStrategy: all) did not find any beans (OnBeanCondition)

   TransactionManagerCustomizationAutoConfiguration matched:
      - @ConditionalOnClass found required class 'org.springframework.transaction.PlatformTransactionManager' (OnClassCondition)

   TransactionManagerCustomizationAutoConfiguration#platformTransactionManagerCustomizers matched:
      - @ConditionalOnMissingBean (types: org.springframework.boot.transaction.autoconfigure.TransactionManagerCustomizers; SearchStrategy: all) did not find any beans (OnBeanCondition)

   UserDetailsServiceAutoConfiguration matched:
      - @ConditionalOnClass found required class 'org.springframework.security.authentication.AuthenticationManager' (OnClassCondition)
      - found 'session' scope (OnWebApplicationCondition)
      - AnyNestedCondition 1 matched 2 did not; NestedCondition on MissingAlternativeUserDetailsManagerOrUserPropertiesConfigured.PasswordConfigured @ConditionalOnProperty (spring.security.user.password) did not find property 'spring.security.user.password'; NestedCondition on MissingAlternativeUserDetailsManagerOrUserPropertiesConfigured.NameConfigured @ConditionalOnProperty (spring.security.user.name) did not find property 'spring.security.user.name'; NestedCondition on MissingAlternativeUserDetailsManagerOrUserPropertiesConfigured.MissingAlternative @ConditionalOnMissingClass did not find unwanted classes 'org.springframework.security.oauth2.client.registration.ClientRegistrationRepository', 'org.springframework.security.oauth2.server.resource.introspection.OpaqueTokenIntrospector', 'org.springframework.security.saml2.provider.service.registration.RelyingPartyRegistrationRepository' (MissingAlternativeUserDetailsManagerOrUserPropertiesConfigured)
      - @ConditionalOnMissingBean (types: org.springframework.security.authentication.AuthenticationManager,org.springframework.security.authentication.AuthenticationProvider,org.springframework.security.core.userdetails.UserDetailsService,org.springframework.security.authentication.AuthenticationManagerResolver,org.springframework.security.oauth2.jwt.JwtDecoder; SearchStrategy: all) did not find any beans (OnBeanCondition)

   ValidationAutoConfiguration matched:
      - @ConditionalOnClass found required class 'jakarta.validation.executable.ExecutableValidator' (OnClassCondition)
      - @ConditionalOnResource found location classpath:META-INF/services/jakarta.validation.spi.ValidationProvider (OnResourceCondition)

   ValidationAutoConfiguration#defaultValidator matched:
      - @ConditionalOnMissingBean (types: jakarta.validation.Validator; SearchStrategy: all) did not find any beans (OnBeanCondition)

   ValidationAutoConfiguration#methodValidationPostProcessor matched:
      - @ConditionalOnMissingBean (types: org.springframework.validation.beanvalidation.MethodValidationPostProcessor; SearchStrategy: current) did not find any beans (OnBeanCondition)

   WebMvcAutoConfiguration matched:
      - @ConditionalOnClass found required classes 'jakarta.servlet.Servlet', 'org.springframework.web.servlet.DispatcherServlet', 'org.springframework.web.servlet.config.annotation.WebMvcConfigurer' (OnClassCondition)
      - found 'session' scope (OnWebApplicationCondition)
      - @ConditionalOnMissingBean (types: org.springframework.web.servlet.config.annotation.WebMvcConfigurationSupport; SearchStrategy: all) did not find any beans (OnBeanCondition)

   WebMvcAutoConfiguration#formContentFilter matched:
      - @ConditionalOnBooleanProperty (spring.mvc.formcontent.filter.enabled=true) matched (OnPropertyCondition)
      - @ConditionalOnMissingBean (types: org.springframework.web.filter.FormContentFilter; SearchStrategy: all) did not find any beans (OnBeanCondition)

   WebMvcAutoConfiguration.EnableWebMvcConfiguration#flashMapManager matched:
      - @ConditionalOnMissingBean (names: flashMapManager; SearchStrategy: all) did not find any beans (OnBeanCondition)

   WebMvcAutoConfiguration.EnableWebMvcConfiguration#localeResolver matched:
      - @ConditionalOnMissingBean (names: localeResolver; SearchStrategy: all) did not find any beans (OnBeanCondition)

   WebMvcAutoConfiguration.EnableWebMvcConfiguration#viewNameTranslator matched:
      - @ConditionalOnMissingBean (names: viewNameTranslator; SearchStrategy: all) did not find any beans (OnBeanCondition)

   WebMvcAutoConfiguration.WebMvcAutoConfigurationAdapter#defaultViewResolver matched:
      - @ConditionalOnMissingBean (types: org.springframework.web.servlet.view.InternalResourceViewResolver; SearchStrategy: all) did not find any beans (OnBeanCondition)

   WebMvcAutoConfiguration.WebMvcAutoConfigurationAdapter#requestContextFilter matched:
      - @ConditionalOnMissingBean (types: org.springframework.web.context.request.RequestContextListener,org.springframework.web.filter.RequestContextFilter; SearchStrategy: all) did not find any beans (OnBeanCondition)

   WebMvcAutoConfiguration.WebMvcAutoConfigurationAdapter#viewResolver matched:
      - @ConditionalOnBean (types: org.springframework.web.servlet.ViewResolver; SearchStrategy: all) found beans 'defaultViewResolver', 'beanNameViewResolver', 'mvcViewResolver'; @ConditionalOnMissingBean (names: viewResolver types: org.springframework.web.servlet.view.ContentNegotiatingViewResolver; SearchStrategy: all) did not find any beans (OnBeanCondition)


Negative matches:
-----------------

   AopAutoConfiguration.AspectJAutoProxyingConfiguration.JdkDynamicAutoProxyConfiguration:
      Did not match:
         - @ConditionalOnBooleanProperty (spring.aop.proxy-target-class=false) did not find property 'spring.aop.proxy-target-class' (OnPropertyCondition)

   AopAutoConfiguration.ClassProxyingConfiguration:
      Did not match:
         - @ConditionalOnMissingClass found unwanted class 'org.aspectj.weaver.Advice' (OnClassCondition)

   DataJpaRepositoriesAutoConfiguration#entityManagerFactoryBootstrapExecutorCustomizer:
      Did not match:
         - @ConditionalOnProperty (spring.data.jpa.repositories.bootstrap-mode=deferred) did not find property 'spring.data.jpa.repositories.bootstrap-mode' (OnPropertyCondition)

   DataRepositoryMetricsAutoConfiguration:
      Did not match:
         - @ConditionalOnBean did not find required type 'io.micrometer.core.instrument.MeterRegistry' (OnBeanCondition)

   DataSourceAutoConfiguration.EmbeddedDatabaseConfiguration:
      Did not match:
         - EmbeddedDataSource spring.datasource.url is set (DataSourceAutoConfiguration.EmbeddedDatabaseCondition)

   DataSourceCheckpointRestoreConfiguration:
      Did not match:
         - @ConditionalOnClass did not find required class 'org.crac.Resource' (OnClassCondition)

   DataSourceConfiguration.Dbcp2:
      Did not match:
         - @ConditionalOnClass did not find required class 'org.apache.commons.dbcp2.BasicDataSource' (OnClassCondition)

   DataSourceConfiguration.Generic:
      Did not match:
         - @ConditionalOnProperty (spring.datasource.type) did not find property 'spring.datasource.type' (OnPropertyCondition)

   DataSourceConfiguration.OracleUcp:
      Did not match:
         - @ConditionalOnClass did not find required classes 'oracle.ucp.jdbc.PoolDataSourceImpl', 'oracle.jdbc.OracleConnection' (OnClassCondition)

   DataSourceConfiguration.Tomcat:
      Did not match:
         - @ConditionalOnClass did not find required class 'org.apache.tomcat.jdbc.pool.DataSource' (OnClassCondition)

   DataSourceHealthContributorAutoConfiguration:
      Did not match:
         - @ConditionalOnClass did not find required class 'org.springframework.boot.health.autoconfigure.contributor.ConditionalOnEnabledHealthIndicator' (OnClassCondition)

   DataSourceJmxConfiguration:
      Did not match:
         - @ConditionalOnBooleanProperty (spring.jmx.enabled=true) did not find property 'spring.jmx.enabled' (OnPropertyCondition)

   DataSourcePoolMetadataProvidersConfiguration.CommonsDbcp2PoolDataSourceMetadataProviderConfiguration:
      Did not match:
         - @ConditionalOnClass did not find required class 'org.apache.commons.dbcp2.BasicDataSource' (OnClassCondition)

   DataSourcePoolMetadataProvidersConfiguration.OracleUcpPoolDataSourceMetadataProviderConfiguration:
      Did not match:
         - @ConditionalOnClass did not find required classes 'oracle.ucp.jdbc.PoolDataSource', 'oracle.jdbc.OracleConnection' (OnClassCondition)

   DataSourcePoolMetadataProvidersConfiguration.TomcatDataSourcePoolMetadataProviderConfiguration:
      Did not match:
         - @ConditionalOnClass did not find required class 'org.apache.tomcat.jdbc.pool.DataSource' (OnClassCondition)

   DataSourcePoolMetricsAutoConfiguration:
      Did not match:
         - @ConditionalOnClass did not find required class 'io.micrometer.core.instrument.MeterRegistry' (OnClassCondition)

   DataSourceTransactionManagerAutoConfiguration.JdbcTransactionManagerConfiguration#transactionManager:
      Did not match:
         - @ConditionalOnMissingBean (types: org.springframework.transaction.TransactionManager; SearchStrategy: all) found beans of type 'org.springframework.transaction.TransactionManager' transactionManager (OnBeanCondition)

   DefaultTaskSchedulerConfiguration#taskSchedulerVirtualThreads:
      Did not match:
         - @ConditionalOnThreading did not find VIRTUAL (OnThreadingCondition)
      Matched:
         - @ConditionalOnBean (types: org.springframework.boot.task.SimpleAsyncTaskSchedulerBuilder; SearchStrategy: all) found bean 'simpleAsyncTaskSchedulerBuilder' (OnBeanCondition)

   DispatcherServletAutoConfiguration.DispatcherServletConfiguration#multipartResolver:
      Did not match:
         - @ConditionalOnBean (types: org.springframework.web.multipart.MultipartResolver; SearchStrategy: all) did not find any beans of type org.springframework.web.multipart.MultipartResolver (OnBeanCondition)

   GsonHttpMessageConvertersConfiguration:
      Did not match:
         - @ConditionalOnClass did not find required class 'com.google.gson.Gson' (OnClassCondition)

   HibernateMetricsAutoConfiguration:
      Did not match:
         - @ConditionalOnClass did not find required class 'io.micrometer.core.instrument.MeterRegistry' (OnClassCondition)

   Jackson2HttpMessageConvertersConfiguration.MappingJackson2HttpMessageConverterConfiguration:
      Did not match:
         - @ConditionalOnClass did not find required class 'com.fasterxml.jackson.databind.ObjectMapper' (OnClassCondition)

   Jackson2HttpMessageConvertersConfiguration.MappingJackson2XmlHttpMessageConverterConfiguration:
      Did not match:
         - @ConditionalOnClass did not find required class 'com.fasterxml.jackson.dataformat.xml.XmlMapper' (OnClassCondition)

   JacksonAutoConfiguration.CborConfiguration:
      Did not match:
         - @ConditionalOnClass did not find required class 'tools.jackson.dataformat.cbor.CBORMapper' (OnClassCondition)

   JacksonAutoConfiguration.XmlConfiguration:
      Did not match:
         - @ConditionalOnClass did not find required class 'tools.jackson.dataformat.xml.XmlMapper' (OnClassCondition)

   JacksonHttpMessageConvertersConfiguration.JacksonXmlHttpMessageConverterConfiguration:
      Did not match:
         - @ConditionalOnClass did not find required class 'tools.jackson.dataformat.xml.XmlMapper' (OnClassCondition)

   JmxAutoConfiguration:
      Did not match:
         - @ConditionalOnBooleanProperty (spring.jmx.enabled=true) did not find property 'spring.jmx.enabled' (OnPropertyCondition)
      Matched:
         - @ConditionalOnClass found required class 'org.springframework.jmx.export.MBeanExporter' (OnClassCondition)

   JndiDataSourceAutoConfiguration:
      Did not match:
         - @ConditionalOnProperty (spring.datasource.jndi-name) did not find property 'spring.datasource.jndi-name' (OnPropertyCondition)
      Matched:
         - @ConditionalOnClass found required classes 'javax.sql.DataSource', 'org.springframework.jdbc.datasource.embedded.EmbeddedDatabaseType' (OnClassCondition)

   JndiJtaConfiguration:
      Did not match:
         - @ConditionalOnJndi JNDI environment is not available (OnJndiCondition)
      Matched:
         - @ConditionalOnClass found required class 'org.springframework.transaction.jta.JtaTransactionManager' (OnClassCondition)

   JpaBaseConfiguration.JpaWebConfiguration:
      Did not match:
         - @ConditionalOnBooleanProperty (spring.jpa.open-in-view=true) found different value in property 'spring.jpa.open-in-view' (OnPropertyCondition)
      Matched:
         - @ConditionalOnClass found required class 'org.springframework.web.servlet.config.annotation.WebMvcConfigurer' (OnClassCondition)
         - found 'session' scope (OnWebApplicationCondition)

   JsonbHttpMessageConvertersConfiguration:
      Did not match:
         - @ConditionalOnClass did not find required class 'jakarta.json.bind.Jsonb' (OnClassCondition)

   KotlinSerializationHttpMessageConvertersConfiguration:
      Did not match:
         - @ConditionalOnClass did not find required classes 'kotlinx.serialization.Serializable', 'kotlinx.serialization.json.Json' (OnClassCondition)

   LazyConnectionDataSourceConfiguration:
      Did not match:
         - @ConditionalOnProperty (spring.datasource.connection-fetch=lazy) did not find property 'spring.datasource.connection-fetch' (OnPropertyCondition)

   MailHealthContributorAutoConfiguration:
      Did not match:
         - @ConditionalOnClass did not find required class 'org.springframework.boot.health.autoconfigure.contributor.ConditionalOnEnabledHealthIndicator' (OnClassCondition)

   MailSenderJndiConfiguration:
      Did not match:
         - @ConditionalOnProperty (spring.mail.jndi-name) did not find property 'spring.mail.jndi-name' (OnPropertyCondition)
      Matched:
         - @ConditionalOnClass found required class 'jakarta.mail.Session' (OnClassCondition)

   MailSenderValidatorAutoConfiguration:
      Did not match:
         - @ConditionalOnBooleanProperty (spring.mail.test-connection=true) did not find property 'spring.mail.test-connection' (OnPropertyCondition)

   ManagementWebSecurityAutoConfiguration:
      Did not match:
         - @ConditionalOnClass did not find required class 'org.springframework.boot.actuate.autoconfigure.endpoint.web.WebEndpointAutoConfiguration' (OnClassCondition)

   MessageSourceAutoConfiguration:
      Did not match:
         - ResourceBundle did not find bundle with basename messages (MessageSourceAutoConfiguration.ResourceBundleCondition)

   ProjectInfoAutoConfiguration#buildProperties:
      Did not match:
         - @ConditionalOnResource did not find resource '${spring.info.build.location:classpath:META-INF/build-info.properties}' (OnResourceCondition)

   ProjectInfoAutoConfiguration#gitProperties:
      Did not match:
         - GitResource did not find git info at classpath:git.properties (ProjectInfoAutoConfiguration.GitResourceAvailableCondition)

   RSocketSecurityAutoConfiguration:
      Did not match:
         - @ConditionalOnClass did not find required class 'org.springframework.boot.rsocket.server.RSocketServerCustomizer' (OnClassCondition)

   ReactiveManagementWebSecurityAutoConfiguration:
      Did not match:
         - @ConditionalOnClass did not find required class 'org.springframework.boot.actuate.autoconfigure.endpoint.web.WebEndpointAutoConfiguration' (OnClassCondition)

   ReactiveUserDetailsServiceAutoConfiguration:
      Did not match:
         - AnyNestedCondition 0 matched 2 did not; NestedCondition on ReactiveUserDetailsServiceAutoConfiguration.RSocketEnabledOrReactiveWebApplication.ReactiveWebApplicationCondition did not find reactive web application classes; NestedCondition on ReactiveUserDetailsServiceAutoConfiguration.RSocketEnabledOrReactiveWebApplication.RSocketSecurityEnabledCondition @ConditionalOnBean (types: org.springframework.messaging.rsocket.annotation.support.RSocketMessageHandler; SearchStrategy: all) did not find any beans of type org.springframework.messaging.rsocket.annotation.support.RSocketMessageHandler (ReactiveUserDetailsServiceAutoConfiguration.RSocketEnabledOrReactiveWebApplication)
      Matched:
         - @ConditionalOnClass found required class 'org.springframework.security.authentication.ReactiveAuthenticationManager' (OnClassCondition)
         - AnyNestedCondition 1 matched 2 did not; NestedCondition on MissingAlternativeUserDetailsManagerOrUserPropertiesConfigured.PasswordConfigured @ConditionalOnProperty (spring.security.user.password) did not find property 'spring.security.user.password'; NestedCondition on MissingAlternativeUserDetailsManagerOrUserPropertiesConfigured.NameConfigured @ConditionalOnProperty (spring.security.user.name) did not find property 'spring.security.user.name'; NestedCondition on MissingAlternativeUserDetailsManagerOrUserPropertiesConfigured.MissingAlternative @ConditionalOnMissingClass did not find unwanted classes 'org.springframework.security.oauth2.client.registration.ClientRegistrationRepository', 'org.springframework.security.oauth2.server.resource.introspection.OpaqueTokenIntrospector', 'org.springframework.security.saml2.provider.service.registration.RelyingPartyRegistrationRepository' (MissingAlternativeUserDetailsManagerOrUserPropertiesConfigured)

   ReactiveWebSecurityAutoConfiguration:
      Did not match:
         - @ConditionalOnClass did not find required class 'reactor.core.publisher.Flux' (OnClassCondition)

   SecurityAutoConfiguration.SecurityDataConfiguration:
      Did not match:
         - @ConditionalOnClass did not find required class 'org.springframework.security.data.repository.query.SecurityEvaluationContextExtension' (OnClassCondition)

   ServletHttpExchangesAutoConfiguration:
      Did not match:
         - @ConditionalOnBean did not find required type 'org.springframework.boot.actuate.web.exchanges.HttpExchangeRepository' (OnBeanCondition)

   ServletManagementContextAutoConfiguration:
      Did not match:
         - @ConditionalOnClass did not find required class 'org.springframework.boot.actuate.autoconfigure.endpoint.web.WebEndpointProperties' (OnClassCondition)

   ServletMappingsAutoConfiguration:
      Did not match:
         - @ConditionalOnClass did not find required class 'org.springframework.boot.actuate.autoconfigure.endpoint.condition.ConditionalOnAvailableEndpoint' (OnClassCondition)

   ServletWebSecurityAutoConfiguration.SecurityFilterChainConfiguration:
      Did not match:
         - AllNestedConditions 1 matched 1 did not; NestedCondition on DefaultWebSecurityCondition.Beans @ConditionalOnMissingBean (types: org.springframework.security.web.SecurityFilterChain; SearchStrategy: all) found beans of type 'org.springframework.security.web.SecurityFilterChain' securityFilterChain; NestedCondition on DefaultWebSecurityCondition.Classes @ConditionalOnClass found required classes 'org.springframework.security.web.SecurityFilterChain', 'org.springframework.security.config.annotation.web.builders.HttpSecurity' (DefaultWebSecurityCondition)

   ServletWebServerConfiguration#forwardedHeaderFilter:
      Did not match:
         - @ConditionalOnProperty (server.forward-headers-strategy=framework) did not find property 'server.forward-headers-strategy' (OnPropertyCondition)

   SpringApplicationAdminJmxAutoConfiguration:
      Did not match:
         - @ConditionalOnBooleanProperty (spring.application.admin.enabled=true) did not find property 'spring.application.admin.enabled' (OnPropertyCondition)

   TaskExecutorConfigurations.AsyncConfigurerWrapperConfiguration:
      Did not match:
         - @ConditionalOnBean (types: org.springframework.scheduling.annotation.AsyncConfigurer; SearchStrategy: all) did not find any beans of type org.springframework.scheduling.annotation.AsyncConfigurer (OnBeanCondition)

   TaskExecutorConfigurations.SimpleAsyncTaskExecutorBuilderConfiguration#simpleAsyncTaskExecutorBuilderVirtualThreads:
      Did not match:
         - @ConditionalOnMissingBean (types: org.springframework.boot.task.SimpleAsyncTaskExecutorBuilder; SearchStrategy: all) found beans of type 'org.springframework.boot.task.SimpleAsyncTaskExecutorBuilder' simpleAsyncTaskExecutorBuilder (OnBeanCondition)

   TaskExecutorConfigurations.TaskExecutorConfiguration#applicationTaskExecutorVirtualThreads:
      Did not match:
         - @ConditionalOnThreading did not find VIRTUAL (OnThreadingCondition)

   TaskExecutorConfigurations.TaskExecutorContextPropagationConfiguration:
      Did not match:
         - @ConditionalOnClass did not find required class 'io.micrometer.context.ContextSnapshot' (OnClassCondition)

   TaskSchedulingConfigurations.SimpleAsyncTaskSchedulerBuilderConfiguration#simpleAsyncTaskSchedulerBuilderVirtualThreads:
      Did not match:
         - @ConditionalOnMissingBean (types: org.springframework.boot.task.SimpleAsyncTaskSchedulerBuilder; SearchStrategy: all) found beans of type 'org.springframework.boot.task.SimpleAsyncTaskSchedulerBuilder' simpleAsyncTaskSchedulerBuilder (OnBeanCondition)

   TomcatMetricsAutoConfiguration:
      Did not match:
         - @ConditionalOnClass did not find required class 'io.micrometer.core.instrument.binder.tomcat.TomcatMetrics' (OnClassCondition)

   TomcatReactiveManagementContextAutoConfiguration:
      Did not match:
         - @ConditionalOnClass did not find required class 'org.springframework.boot.actuate.autoconfigure.web.server.ManagementContextFactory' (OnClassCondition)

   TomcatReactiveWebServerAutoConfiguration:
      Did not match:
         - @ConditionalOnWebApplication did not find reactive web application classes (OnWebApplicationCondition)

   TomcatServletManagementContextAutoConfiguration:
      Did not match:
         - @ConditionalOnClass did not find required class 'org.springframework.boot.actuate.autoconfigure.web.server.ManagementContextFactory' (OnClassCondition)

   TomcatServletWebServerAutoConfiguration#tomcatForwardedHeaderFilterCustomizer:
      Did not match:
         - @ConditionalOnProperty (server.forward-headers-strategy=framework) did not find property 'server.forward-headers-strategy' (OnPropertyCondition)

   TomcatWebServerConfiguration#tomcatVirtualThreadsProtocolHandlerCustomizer:
      Did not match:
         - @ConditionalOnThreading did not find VIRTUAL (OnThreadingCondition)

   TransactionAutoConfiguration#transactionalOperator:
      Did not match:
         - @ConditionalOnSingleCandidate (types: org.springframework.transaction.ReactiveTransactionManager; SearchStrategy: all) did not find any beans (OnBeanCondition)

   TransactionAutoConfiguration.AspectJTransactionManagementConfiguration:
      Did not match:
         - @ConditionalOnBean (types: org.springframework.transaction.aspectj.AbstractTransactionAspect; SearchStrategy: all) did not find any beans of type org.springframework.transaction.aspectj.AbstractTransactionAspect (OnBeanCondition)

   TransactionAutoConfiguration.EnableTransactionManagementConfiguration.JdkDynamicAutoProxyConfiguration:
      Did not match:
         - @ConditionalOnBooleanProperty (spring.aop.proxy-target-class=false) did not find property 'spring.aop.proxy-target-class' (OnPropertyCondition)

   WebMvcAutoConfiguration#hiddenHttpMethodFilter:
      Did not match:
         - @ConditionalOnBooleanProperty (spring.mvc.hiddenmethod.filter.enabled=true) did not find property 'spring.mvc.hiddenmethod.filter.enabled' (OnPropertyCondition)

   WebMvcAutoConfiguration.ProblemDetailsErrorHandlingConfiguration:
      Did not match:
         - @ConditionalOnBooleanProperty (spring.mvc.problemdetails.enabled=true) did not find property 'spring.mvc.problemdetails.enabled' (OnPropertyCondition)

   WebMvcAutoConfiguration.ResourceChainCustomizerConfiguration:
      Did not match:
         - @ConditionalOnEnabledResourceChain did not find class org.webjars.WebJarVersionLocator (OnEnabledResourceChainCondition)

   WebMvcAutoConfiguration.WebMvcAutoConfigurationAdapter#beanNameViewResolver:
      Did not match:
         - @ConditionalOnMissingBean (types: org.springframework.web.servlet.view.BeanNameViewResolver; SearchStrategy: all) found beans of type 'org.springframework.web.servlet.view.BeanNameViewResolver' beanNameViewResolver (OnBeanCondition)

   WebMvcHealthEndpointExtensionAutoConfiguration:
      Did not match:
         - @ConditionalOnClass did not find required class 'org.springframework.boot.health.actuate.endpoint.HealthEndpoint' (OnClassCondition)

   WebMvcMappingsAutoConfiguration:
      Did not match:
         - @ConditionalOnClass did not find required class 'org.springframework.boot.actuate.autoconfigure.endpoint.condition.ConditionalOnAvailableEndpoint' (OnClassCondition)

   WebMvcObservationAutoConfiguration:
      Did not match:
         - @ConditionalOnClass did not find required class 'org.springframework.boot.micrometer.observation.autoconfigure.ObservationProperties' (OnClassCondition)

   XADataSourceAutoConfiguration:
      Did not match:
         - @ConditionalOnBean (types: org.springframework.boot.jdbc.XADataSourceWrapper; SearchStrategy: all) did not find any beans of type org.springframework.boot.jdbc.XADataSourceWrapper (OnBeanCondition)
      Matched:
         - @ConditionalOnClass found required classes 'javax.sql.DataSource', 'jakarta.transaction.TransactionManager', 'org.springframework.jdbc.datasource.embedded.EmbeddedDatabaseType' (OnClassCondition)


Exclusions:
-----------

    None


Unconditional classes:
----------------------

    org.springframework.boot.autoconfigure.context.ConfigurationPropertiesAutoConfiguration

    org.springframework.boot.autoconfigure.ssl.SslAutoConfiguration

    org.springframework.boot.autoconfigure.context.LifecycleAutoConfiguration

    org.springframework.boot.autoconfigure.context.PropertyPlaceholderAutoConfiguration

    org.springframework.boot.autoconfigure.availability.ApplicationAvailabilityAutoConfiguration

    org.springframework.boot.autoconfigure.info.ProjectInfoAutoConfiguration



2026-09-19T21:45:02.803+07:00  INFO 28556 --- [library_management] [           main] c.g.l.LibraryManagementApplication       : Started LibraryManagementApplication in 27.023 seconds (process running for 27.677)
2026-09-19T21:45:02.806+07:00 DEBUG 28556 --- [library_management] [           main] o.s.b.a.ApplicationAvailabilityBean      : Application availability state LivenessState changed to CORRECT
2026-09-19T21:45:02.811+07:00 DEBUG 28556 --- [library_management] [           main] o.s.b.a.ApplicationAvailabilityBean      : Application availability state ReadinessState changed to ACCEPTING_TRAFFIC
2026-09-19T21:45:02.953+07:00 DEBUG 28556 --- [library_management] [   scheduling-1] org.hibernate.SQL                        : select bas1_0.id,bas1_0.book_id,bas1_0.created_at,bas1_0.last_available_quantity,bas1_0.user_id from book_availability_subscriptions bas1_0
2026-09-19T21:45:02.999+07:00 DEBUG 28556 --- [library_management] [   scheduling-1] org.hibernate.SQL                        : select b1_0.id,b1_0.active,b1_0.average_rating,b1_0.borrow_fee,b1_0.category_id,b1_0.cover_image_url,b1_0.created_at,b1_0.description,b1_0.isbn,b1_0.publish_year,b1_0.publisher_id,b1_0.rating_count,b1_0.title,b1_0.updated_at,b1_0.version from books b1_0 where b1_0.id=?
2026-09-19T21:45:03.040+07:00 DEBUG 28556 --- [library_management] [   scheduling-1] org.hibernate.SQL                        : select u1_0.id,u1_0.active,u1_0.created_at,u1_0.email,u1_0.full_name,u1_0.password_hash,u1_0.phone,u1_0.role,u1_0.updated_at from users u1_0 where u1_0.id=?
2026-09-19T21:45:03.045+07:00 DEBUG 28556 --- [library_management] [   scheduling-1] org.hibernate.SQL                        : select b1_0.id,b1_0.active,b1_0.average_rating,b1_0.borrow_fee,b1_0.category_id,b1_0.cover_image_url,b1_0.created_at,b1_0.description,b1_0.isbn,b1_0.publish_year,b1_0.publisher_id,b1_0.rating_count,b1_0.title,b1_0.updated_at,b1_0.version from books b1_0 where b1_0.id=?
2026-09-19T21:45:03.164+07:00 DEBUG 28556 --- [library_management] [   scheduling-1] org.hibernate.SQL                        : select count(bc1_0.id) from book_copies bc1_0 where bc1_0.book_id=? and bc1_0.status=?
2026-09-19T21:45:03.174+07:00 DEBUG 28556 --- [library_management] [   scheduling-1] org.hibernate.SQL                        : select count(bc1_0.id) from book_copies bc1_0 where bc1_0.book_id=? and bc1_0.status=?
2026-09-19T21:45:04.996+07:00  INFO 28556 --- [library_management] [0.0-8386-exec-1] o.a.c.c.C.[Tomcat].[localhost].[/]       : Initializing Spring DispatcherServlet 'dispatcherServlet'
2026-09-19T21:45:04.998+07:00  INFO 28556 --- [library_management] [0.0-8386-exec-1] o.s.web.servlet.DispatcherServlet        : Initializing Servlet 'dispatcherServlet'
2026-09-19T21:45:04.999+07:00 DEBUG 28556 --- [library_management] [0.0-8386-exec-1] o.s.web.servlet.DispatcherServlet        : Detected StandardServletMultipartResolver
2026-09-19T21:45:05.000+07:00 DEBUG 28556 --- [library_management] [0.0-8386-exec-1] o.s.web.servlet.DispatcherServlet        : Detected AcceptHeaderLocaleResolver
2026-09-19T21:45:05.003+07:00 DEBUG 28556 --- [library_management] [0.0-8386-exec-1] o.s.web.servlet.DispatcherServlet        : Detected org.springframework.web.servlet.view.DefaultRequestToViewNameTranslator@219521f1
2026-09-19T21:45:05.004+07:00 DEBUG 28556 --- [library_management] [0.0-8386-exec-1] o.s.web.servlet.DispatcherServlet        : Detected org.springframework.web.servlet.support.SessionFlashMapManager@4c84615a
2026-09-19T21:45:05.005+07:00 DEBUG 28556 --- [library_management] [0.0-8386-exec-1] o.s.web.servlet.DispatcherServlet        : enableLoggingRequestDetails='false': request parameters and headers will be masked to prevent unsafe logging of potentially sensitive data
2026-09-19T21:45:05.006+07:00  INFO 28556 --- [library_management] [0.0-8386-exec-1] o.s.web.servlet.DispatcherServlet        : Completed initialization in 7 ms
2026-09-19T21:45:05.048+07:00 DEBUG 28556 --- [library_management] [0.0-8386-exec-1] o.s.web.servlet.DispatcherServlet        : GET "/api/v1/books/latest?limit=1", parameters={masked}
2026-09-19T21:45:05.062+07:00 DEBUG 28556 --- [library_management] [0.0-8386-exec-1] s.w.s.m.m.a.RequestMappingHandlerMapping : Mapped to com.group_7.library_management.controller.BookController#getLatestBooks(int)
2026-09-19T21:45:05.222+07:00 DEBUG 28556 --- [library_management] [0.0-8386-exec-1] org.hibernate.SQL                        : select b1_0.id,b1_0.active,a1_0.book_id,a1_1.id,a1_1.birth_date,a1_1.created_at,a1_1.death_date,a1_1.name,a1_1.nationality,a1_1.pen_name,a1_1.updated_at,b1_0.average_rating,b1_0.borrow_fee,b1_0.category_id,b1_0.c1_0_id,b1_0.c1_0_active,b1_0.c1_0_created_at,b1_0.c1_0_description,b1_0.c1_0_name,b1_0.c1_0_slug,b1_0.c1_0_updated_at,b1_0.cover_image_url,b1_0.created_at,b1_0.description,b1_0.isbn,b1_0.publish_year,b1_0.p1_0_id,b1_0.p1_0_address,b1_0.p1_0_created_at,b1_0.p1_0_email,b1_0.p1_0_name,b1_0.p1_0_phone,b1_0.p1_0_updated_at,b1_0.rating_count,b1_0.title,b1_0.updated_at,b1_0.version from (select b1_0.id,b1_0.version,b1_0.active,b1_0.average_rating,b1_0.borrow_fee,b1_0.category_id,b1_0.cover_image_url,b1_0.created_at,b1_0.description,b1_0.isbn,b1_0.publish_year,b1_0.publisher_id,b1_0.rating_count,b1_0.title,b1_0.updated_at,c1_0.id,c1_0.active,c1_0.created_at,c1_0.description,c1_0.name,c1_0.slug,c1_0.updated_at,p1_0.id,p1_0.address,p1_0.created_at,p1_0.email,p1_0.name,p1_0.phone,p1_0.updated_at from books b1_0 join categories c1_0 on c1_0.id=b1_0.category_id left join publishers p1_0 on p1_0.id=b1_0.publisher_id where b1_0.active=true order by b1_0.created_at desc,b1_0.id desc limit ?,?) b1_0(id,version,active,average_rating,borrow_fee,category_id,cover_image_url,created_at,description,isbn,publish_year,publisher_id,rating_count,title,updated_at,c1_0_id,c1_0_active,c1_0_created_at,c1_0_description,c1_0_name,c1_0_slug,c1_0_updated_at,p1_0_id,p1_0_address,p1_0_created_at,p1_0_email,p1_0_name,p1_0_phone,p1_0_updated_at) left join book_authors a1_0 on b1_0.id=a1_0.book_id left join authors a1_1 on a1_1.id=a1_0.author_id order by b1_0.created_at desc,b1_0.id desc
2026-09-19T21:45:05.253+07:00 DEBUG 28556 --- [library_management] [0.0-8386-exec-1] org.hibernate.SQL                        : select count(*) from books b1_0 where b1_0.active=true
2026-09-19T21:45:05.262+07:00 DEBUG 28556 --- [library_management] [0.0-8386-exec-1] org.hibernate.SQL                        : select count(bc1_0.id) from book_copies bc1_0 where bc1_0.book_id=?
2026-09-19T21:45:05.268+07:00 DEBUG 28556 --- [library_management] [0.0-8386-exec-1] org.hibernate.SQL                        : select count(bc1_0.id) from book_copies bc1_0 where bc1_0.book_id=? and bc1_0.status=?
2026-09-19T21:45:05.315+07:00 DEBUG 28556 --- [library_management] [0.0-8386-exec-1] m.m.a.RequestResponseBodyMethodProcessor : Using 'application/json', given [*/*] and supported [application/json, application/*+json]
2026-09-19T21:45:05.501+07:00 DEBUG 28556 --- [library_management] [0.0-8386-exec-1] m.m.a.RequestResponseBodyMethodProcessor : Writing [[BookResponse[id=102, isbn=9780062315007, title=Nhà gi? kim, author=Paulo Coelho, category=V?n h?c,  (truncated)...]
2026-09-19T21:45:05.651+07:00 DEBUG 28556 --- [library_management] [0.0-8386-exec-1] o.s.web.servlet.DispatcherServlet        : Completed 200 OK
2026-09-19T21:45:18.205+07:00 DEBUG 28556 --- [library_management] [   scheduling-1] org.hibernate.SQL                        : select bas1_0.id,bas1_0.book_id,bas1_0.created_at,bas1_0.last_available_quantity,bas1_0.user_id from book_availability_subscriptions bas1_0
2026-09-19T21:45:18.210+07:00 DEBUG 28556 --- [library_management] [   scheduling-1] org.hibernate.SQL                        : select b1_0.id,b1_0.active,b1_0.average_rating,b1_0.borrow_fee,b1_0.category_id,b1_0.cover_image_url,b1_0.created_at,b1_0.description,b1_0.isbn,b1_0.publish_year,b1_0.publisher_id,b1_0.rating_count,b1_0.title,b1_0.updated_at,b1_0.version from books b1_0 where b1_0.id=?
2026-09-19T21:45:18.217+07:00 DEBUG 28556 --- [library_management] [   scheduling-1] org.hibernate.SQL                        : select u1_0.id,u1_0.active,u1_0.created_at,u1_0.email,u1_0.full_name,u1_0.password_hash,u1_0.phone,u1_0.role,u1_0.updated_at from users u1_0 where u1_0.id=?
2026-09-19T21:45:18.221+07:00 DEBUG 28556 --- [library_management] [   scheduling-1] org.hibernate.SQL                        : select b1_0.id,b1_0.active,b1_0.average_rating,b1_0.borrow_fee,b1_0.category_id,b1_0.cover_image_url,b1_0.created_at,b1_0.description,b1_0.isbn,b1_0.publish_year,b1_0.publisher_id,b1_0.rating_count,b1_0.title,b1_0.updated_at,b1_0.version from books b1_0 where b1_0.id=?
2026-09-19T21:45:18.229+07:00 DEBUG 28556 --- [library_management] [   scheduling-1] org.hibernate.SQL                        : select count(bc1_0.id) from book_copies bc1_0 where bc1_0.book_id=? and bc1_0.status=?
2026-09-19T21:45:18.236+07:00 DEBUG 28556 --- [library_management] [   scheduling-1] org.hibernate.SQL                        : select count(bc1_0.id) from book_copies bc1_0 where bc1_0.book_id=? and bc1_0.status=?
2026-09-19T21:45:33.261+07:00 DEBUG 28556 --- [library_management] [   scheduling-1] org.hibernate.SQL                        : select bas1_0.id,bas1_0.book_id,bas1_0.created_at,bas1_0.last_available_quantity,bas1_0.user_id from book_availability_subscriptions bas1_0
2026-09-19T21:45:33.266+07:00 DEBUG 28556 --- [library_management] [   scheduling-1] org.hibernate.SQL                        : select b1_0.id,b1_0.active,b1_0.average_rating,b1_0.borrow_fee,b1_0.category_id,b1_0.cover_image_url,b1_0.created_at,b1_0.description,b1_0.isbn,b1_0.publish_year,b1_0.publisher_id,b1_0.rating_count,b1_0.title,b1_0.updated_at,b1_0.version from books b1_0 where b1_0.id=?
2026-09-19T21:45:33.270+07:00 DEBUG 28556 --- [library_management] [   scheduling-1] org.hibernate.SQL                        : select u1_0.id,u1_0.active,u1_0.created_at,u1_0.email,u1_0.full_name,u1_0.password_hash,u1_0.phone,u1_0.role,u1_0.updated_at from users u1_0 where u1_0.id=?
2026-09-19T21:45:33.279+07:00 DEBUG 28556 --- [library_management] [   scheduling-1] org.hibernate.SQL                        : select b1_0.id,b1_0.active,b1_0.average_rating,b1_0.borrow_fee,b1_0.category_id,b1_0.cover_image_url,b1_0.created_at,b1_0.description,b1_0.isbn,b1_0.publish_year,b1_0.publisher_id,b1_0.rating_count,b1_0.title,b1_0.updated_at,b1_0.version from books b1_0 where b1_0.id=?
2026-09-19T21:45:33.292+07:00 DEBUG 28556 --- [library_management] [   scheduling-1] org.hibernate.SQL                        : select count(bc1_0.id) from book_copies bc1_0 where bc1_0.book_id=? and bc1_0.status=?
2026-09-19T21:45:33.300+07:00 DEBUG 28556 --- [library_management] [   scheduling-1] org.hibernate.SQL                        : select count(bc1_0.id) from book_copies bc1_0 where bc1_0.book_id=? and bc1_0.status=?
2026-09-19T21:45:48.314+07:00 DEBUG 28556 --- [library_management] [   scheduling-1] org.hibernate.SQL                        : select bas1_0.id,bas1_0.book_id,bas1_0.created_at,bas1_0.last_available_quantity,bas1_0.user_id from book_availability_subscriptions bas1_0
2026-09-19T21:45:48.318+07:00 DEBUG 28556 --- [library_management] [   scheduling-1] org.hibernate.SQL                        : select b1_0.id,b1_0.active,b1_0.average_rating,b1_0.borrow_fee,b1_0.category_id,b1_0.cover_image_url,b1_0.created_at,b1_0.description,b1_0.isbn,b1_0.publish_year,b1_0.publisher_id,b1_0.rating_count,b1_0.title,b1_0.updated_at,b1_0.version from books b1_0 where b1_0.id=?
2026-09-19T21:45:48.322+07:00 DEBUG 28556 --- [library_management] [   scheduling-1] org.hibernate.SQL                        : select u1_0.id,u1_0.active,u1_0.created_at,u1_0.email,u1_0.full_name,u1_0.password_hash,u1_0.phone,u1_0.role,u1_0.updated_at from users u1_0 where u1_0.id=?
2026-09-19T21:45:48.327+07:00 DEBUG 28556 --- [library_management] [   scheduling-1] org.hibernate.SQL                        : select b1_0.id,b1_0.active,b1_0.average_rating,b1_0.borrow_fee,b1_0.category_id,b1_0.cover_image_url,b1_0.created_at,b1_0.description,b1_0.isbn,b1_0.publish_year,b1_0.publisher_id,b1_0.rating_count,b1_0.title,b1_0.updated_at,b1_0.version from books b1_0 where b1_0.id=?
2026-09-19T21:45:48.342+07:00 DEBUG 28556 --- [library_management] [   scheduling-1] org.hibernate.SQL                        : select count(bc1_0.id) from book_copies bc1_0 where bc1_0.book_id=? and bc1_0.status=?
2026-09-19T21:45:48.348+07:00 DEBUG 28556 --- [library_management] [   scheduling-1] org.hibernate.SQL                        : select count(bc1_0.id) from book_copies bc1_0 where bc1_0.book_id=? and bc1_0.status=?
2026-09-19T21:46:03.373+07:00 DEBUG 28556 --- [library_management] [   scheduling-1] org.hibernate.SQL                        : select bas1_0.id,bas1_0.book_id,bas1_0.created_at,bas1_0.last_available_quantity,bas1_0.user_id from book_availability_subscriptions bas1_0
2026-09-19T21:46:03.375+07:00 DEBUG 28556 --- [library_management] [   scheduling-1] org.hibernate.SQL                        : select b1_0.id,b1_0.active,b1_0.average_rating,b1_0.borrow_fee,b1_0.category_id,b1_0.cover_image_url,b1_0.created_at,b1_0.description,b1_0.isbn,b1_0.publish_year,b1_0.publisher_id,b1_0.rating_count,b1_0.title,b1_0.updated_at,b1_0.version from books b1_0 where b1_0.id=?
2026-09-19T21:46:03.379+07:00 DEBUG 28556 --- [library_management] [   scheduling-1] org.hibernate.SQL                        : select u1_0.id,u1_0.active,u1_0.created_at,u1_0.email,u1_0.full_name,u1_0.password_hash,u1_0.phone,u1_0.role,u1_0.updated_at from users u1_0 where u1_0.id=?
2026-09-19T21:46:03.386+07:00 DEBUG 28556 --- [library_management] [   scheduling-1] org.hibernate.SQL                        : select b1_0.id,b1_0.active,b1_0.average_rating,b1_0.borrow_fee,b1_0.category_id,b1_0.cover_image_url,b1_0.created_at,b1_0.description,b1_0.isbn,b1_0.publish_year,b1_0.publisher_id,b1_0.rating_count,b1_0.title,b1_0.updated_at,b1_0.version from books b1_0 where b1_0.id=?
2026-09-19T21:46:03.390+07:00 DEBUG 28556 --- [library_management] [   scheduling-1] org.hibernate.SQL                        : select count(bc1_0.id) from book_copies bc1_0 where bc1_0.book_id=? and bc1_0.status=?
2026-09-19T21:46:03.392+07:00 DEBUG 28556 --- [library_management] [   scheduling-1] org.hibernate.SQL                        : select count(bc1_0.id) from book_copies bc1_0 where bc1_0.book_id=? and bc1_0.status=?
2026-09-19T21:46:18.406+07:00 DEBUG 28556 --- [library_management] [   scheduling-1] org.hibernate.SQL                        : select bas1_0.id,bas1_0.book_id,bas1_0.created_at,bas1_0.last_available_quantity,bas1_0.user_id from book_availability_subscriptions bas1_0
2026-09-19T21:46:18.409+07:00 DEBUG 28556 --- [library_management] [   scheduling-1] org.hibernate.SQL                        : select b1_0.id,b1_0.active,b1_0.average_rating,b1_0.borrow_fee,b1_0.category_id,b1_0.cover_image_url,b1_0.created_at,b1_0.description,b1_0.isbn,b1_0.publish_year,b1_0.publisher_id,b1_0.rating_count,b1_0.title,b1_0.updated_at,b1_0.version from books b1_0 where b1_0.id=?
2026-09-19T21:46:18.414+07:00 DEBUG 28556 --- [library_management] [   scheduling-1] org.hibernate.SQL                        : select u1_0.id,u1_0.active,u1_0.created_at,u1_0.email,u1_0.full_name,u1_0.password_hash,u1_0.phone,u1_0.role,u1_0.updated_at from users u1_0 where u1_0.id=?
2026-09-19T21:46:18.416+07:00 DEBUG 28556 --- [library_management] [   scheduling-1] org.hibernate.SQL                        : select b1_0.id,b1_0.active,b1_0.average_rating,b1_0.borrow_fee,b1_0.category_id,b1_0.cover_image_url,b1_0.created_at,b1_0.description,b1_0.isbn,b1_0.publish_year,b1_0.publisher_id,b1_0.rating_count,b1_0.title,b1_0.updated_at,b1_0.version from books b1_0 where b1_0.id=?
2026-09-19T21:46:18.422+07:00 DEBUG 28556 --- [library_management] [   scheduling-1] org.hibernate.SQL                        : select count(bc1_0.id) from book_copies bc1_0 where bc1_0.book_id=? and bc1_0.status=?
2026-09-19T21:46:18.426+07:00 DEBUG 28556 --- [library_management] [   scheduling-1] org.hibernate.SQL                        : select count(bc1_0.id) from book_copies bc1_0 where bc1_0.book_id=? and bc1_0.status=?
2026-09-19T21:46:33.434+07:00 DEBUG 28556 --- [library_management] [   scheduling-1] org.hibernate.SQL                        : select bas1_0.id,bas1_0.book_id,bas1_0.created_at,bas1_0.last_available_quantity,bas1_0.user_id from book_availability_subscriptions bas1_0
2026-09-19T21:46:33.437+07:00 DEBUG 28556 --- [library_management] [   scheduling-1] org.hibernate.SQL                        : select b1_0.id,b1_0.active,b1_0.average_rating,b1_0.borrow_fee,b1_0.category_id,b1_0.cover_image_url,b1_0.created_at,b1_0.description,b1_0.isbn,b1_0.publish_year,b1_0.publisher_id,b1_0.rating_count,b1_0.title,b1_0.updated_at,b1_0.version from books b1_0 where b1_0.id=?
2026-09-19T21:46:33.440+07:00 DEBUG 28556 --- [library_management] [   scheduling-1] org.hibernate.SQL                        : select u1_0.id,u1_0.active,u1_0.created_at,u1_0.email,u1_0.full_name,u1_0.password_hash,u1_0.phone,u1_0.role,u1_0.updated_at from users u1_0 where u1_0.id=?
2026-09-19T21:46:33.443+07:00 DEBUG 28556 --- [library_management] [   scheduling-1] org.hibernate.SQL                        : select b1_0.id,b1_0.active,b1_0.average_rating,b1_0.borrow_fee,b1_0.category_id,b1_0.cover_image_url,b1_0.created_at,b1_0.description,b1_0.isbn,b1_0.publish_year,b1_0.publisher_id,b1_0.rating_count,b1_0.title,b1_0.updated_at,b1_0.version from books b1_0 where b1_0.id=?
2026-09-19T21:46:33.447+07:00 DEBUG 28556 --- [library_management] [   scheduling-1] org.hibernate.SQL                        : select count(bc1_0.id) from book_copies bc1_0 where bc1_0.book_id=? and bc1_0.status=?
2026-09-19T21:46:33.451+07:00 DEBUG 28556 --- [library_management] [   scheduling-1] org.hibernate.SQL                        : select count(bc1_0.id) from book_copies bc1_0 where bc1_0.book_id=? and bc1_0.status=?
2026-09-19T21:46:48.466+07:00 DEBUG 28556 --- [library_management] [   scheduling-1] org.hibernate.SQL                        : select bas1_0.id,bas1_0.book_id,bas1_0.created_at,bas1_0.last_available_quantity,bas1_0.user_id from book_availability_subscriptions bas1_0
2026-09-19T21:46:48.470+07:00 DEBUG 28556 --- [library_management] [   scheduling-1] org.hibernate.SQL                        : select b1_0.id,b1_0.active,b1_0.average_rating,b1_0.borrow_fee,b1_0.category_id,b1_0.cover_image_url,b1_0.created_at,b1_0.description,b1_0.isbn,b1_0.publish_year,b1_0.publisher_id,b1_0.rating_count,b1_0.title,b1_0.updated_at,b1_0.version from books b1_0 where b1_0.id=?
2026-09-19T21:46:48.473+07:00 DEBUG 28556 --- [library_management] [   scheduling-1] org.hibernate.SQL                        : select u1_0.id,u1_0.active,u1_0.created_at,u1_0.email,u1_0.full_name,u1_0.password_hash,u1_0.phone,u1_0.role,u1_0.updated_at from users u1_0 where u1_0.id=?
2026-09-19T21:46:48.476+07:00 DEBUG 28556 --- [library_management] [   scheduling-1] org.hibernate.SQL                        : select b1_0.id,b1_0.active,b1_0.average_rating,b1_0.borrow_fee,b1_0.category_id,b1_0.cover_image_url,b1_0.created_at,b1_0.description,b1_0.isbn,b1_0.publish_year,b1_0.publisher_id,b1_0.rating_count,b1_0.title,b1_0.updated_at,b1_0.version from books b1_0 where b1_0.id=?
2026-09-19T21:46:48.480+07:00 DEBUG 28556 --- [library_management] [   scheduling-1] org.hibernate.SQL                        : select count(bc1_0.id) from book_copies bc1_0 where bc1_0.book_id=? and bc1_0.status=?
2026-09-19T21:46:48.484+07:00 DEBUG 28556 --- [library_management] [   scheduling-1] org.hibernate.SQL                        : select count(bc1_0.id) from book_copies bc1_0 where bc1_0.book_id=? and bc1_0.status=?
2026-09-19T21:47:03.501+07:00 DEBUG 28556 --- [library_management] [   scheduling-1] org.hibernate.SQL                        : select bas1_0.id,bas1_0.book_id,bas1_0.created_at,bas1_0.last_available_quantity,bas1_0.user_id from book_availability_subscriptions bas1_0
2026-09-19T21:47:03.504+07:00 DEBUG 28556 --- [library_management] [   scheduling-1] org.hibernate.SQL                        : select b1_0.id,b1_0.active,b1_0.average_rating,b1_0.borrow_fee,b1_0.category_id,b1_0.cover_image_url,b1_0.created_at,b1_0.description,b1_0.isbn,b1_0.publish_year,b1_0.publisher_id,b1_0.rating_count,b1_0.title,b1_0.updated_at,b1_0.version from books b1_0 where b1_0.id=?
2026-09-19T21:47:03.507+07:00 DEBUG 28556 --- [library_management] [   scheduling-1] org.hibernate.SQL                        : select u1_0.id,u1_0.active,u1_0.created_at,u1_0.email,u1_0.full_name,u1_0.password_hash,u1_0.phone,u1_0.role,u1_0.updated_at from users u1_0 where u1_0.id=?
2026-09-19T21:47:03.511+07:00 DEBUG 28556 --- [library_management] [   scheduling-1] org.hibernate.SQL                        : select b1_0.id,b1_0.active,b1_0.average_rating,b1_0.borrow_fee,b1_0.category_id,b1_0.cover_image_url,b1_0.created_at,b1_0.description,b1_0.isbn,b1_0.publish_year,b1_0.publisher_id,b1_0.rating_count,b1_0.title,b1_0.updated_at,b1_0.version from books b1_0 where b1_0.id=?
2026-09-19T21:47:03.516+07:00 DEBUG 28556 --- [library_management] [   scheduling-1] org.hibernate.SQL                        : select count(bc1_0.id) from book_copies bc1_0 where bc1_0.book_id=? and bc1_0.status=?
2026-09-19T21:47:03.519+07:00 DEBUG 28556 --- [library_management] [   scheduling-1] org.hibernate.SQL                        : select count(bc1_0.id) from book_copies bc1_0 where bc1_0.book_id=? and bc1_0.status=?
2026-09-19T21:47:18.536+07:00 DEBUG 28556 --- [library_management] [   scheduling-1] org.hibernate.SQL                        : select bas1_0.id,bas1_0.book_id,bas1_0.created_at,bas1_0.last_available_quantity,bas1_0.user_id from book_availability_subscriptions bas1_0
2026-09-19T21:47:18.541+07:00 DEBUG 28556 --- [library_management] [   scheduling-1] org.hibernate.SQL                        : select b1_0.id,b1_0.active,b1_0.average_rating,b1_0.borrow_fee,b1_0.category_id,b1_0.cover_image_url,b1_0.created_at,b1_0.description,b1_0.isbn,b1_0.publish_year,b1_0.publisher_id,b1_0.rating_count,b1_0.title,b1_0.updated_at,b1_0.version from books b1_0 where b1_0.id=?
2026-09-19T21:47:18.545+07:00 DEBUG 28556 --- [library_management] [   scheduling-1] org.hibernate.SQL                        : select u1_0.id,u1_0.active,u1_0.created_at,u1_0.email,u1_0.full_name,u1_0.password_hash,u1_0.phone,u1_0.role,u1_0.updated_at from users u1_0 where u1_0.id=?
2026-09-19T21:47:18.548+07:00 DEBUG 28556 --- [library_management] [   scheduling-1] org.hibernate.SQL                        : select b1_0.id,b1_0.active,b1_0.average_rating,b1_0.borrow_fee,b1_0.category_id,b1_0.cover_image_url,b1_0.created_at,b1_0.description,b1_0.isbn,b1_0.publish_year,b1_0.publisher_id,b1_0.rating_count,b1_0.title,b1_0.updated_at,b1_0.version from books b1_0 where b1_0.id=?
2026-09-19T21:47:18.554+07:00 DEBUG 28556 --- [library_management] [   scheduling-1] org.hibernate.SQL                        : select count(bc1_0.id) from book_copies bc1_0 where bc1_0.book_id=? and bc1_0.status=?
2026-09-19T21:47:18.559+07:00 DEBUG 28556 --- [library_management] [   scheduling-1] org.hibernate.SQL                        : select count(bc1_0.id) from book_copies bc1_0 where bc1_0.book_id=? and bc1_0.status=?
2026-09-19T21:47:33.577+07:00 DEBUG 28556 --- [library_management] [   scheduling-1] org.hibernate.SQL                        : select bas1_0.id,bas1_0.book_id,bas1_0.created_at,bas1_0.last_available_quantity,bas1_0.user_id from book_availability_subscriptions bas1_0
2026-09-19T21:47:33.581+07:00 DEBUG 28556 --- [library_management] [   scheduling-1] org.hibernate.SQL                        : select b1_0.id,b1_0.active,b1_0.average_rating,b1_0.borrow_fee,b1_0.category_id,b1_0.cover_image_url,b1_0.created_at,b1_0.description,b1_0.isbn,b1_0.publish_year,b1_0.publisher_id,b1_0.rating_count,b1_0.title,b1_0.updated_at,b1_0.version from books b1_0 where b1_0.id=?
2026-09-19T21:47:33.586+07:00 DEBUG 28556 --- [library_management] [   scheduling-1] org.hibernate.SQL                        : select u1_0.id,u1_0.active,u1_0.created_at,u1_0.email,u1_0.full_name,u1_0.password_hash,u1_0.phone,u1_0.role,u1_0.updated_at from users u1_0 where u1_0.id=?
2026-09-19T21:47:33.589+07:00 DEBUG 28556 --- [library_management] [   scheduling-1] org.hibernate.SQL                        : select b1_0.id,b1_0.active,b1_0.average_rating,b1_0.borrow_fee,b1_0.category_id,b1_0.cover_image_url,b1_0.created_at,b1_0.description,b1_0.isbn,b1_0.publish_year,b1_0.publisher_id,b1_0.rating_count,b1_0.title,b1_0.updated_at,b1_0.version from books b1_0 where b1_0.id=?
2026-09-19T21:47:33.596+07:00 DEBUG 28556 --- [library_management] [   scheduling-1] org.hibernate.SQL                        : select count(bc1_0.id) from book_copies bc1_0 where bc1_0.book_id=? and bc1_0.status=?
2026-09-19T21:47:33.604+07:00 DEBUG 28556 --- [library_management] [   scheduling-1] org.hibernate.SQL                        : select count(bc1_0.id) from book_copies bc1_0 where bc1_0.book_id=? and bc1_0.status=?
2026-09-19T21:47:48.614+07:00 DEBUG 28556 --- [library_management] [   scheduling-1] org.hibernate.SQL                        : select bas1_0.id,bas1_0.book_id,bas1_0.created_at,bas1_0.last_available_quantity,bas1_0.user_id from book_availability_subscriptions bas1_0
2026-09-19T21:47:48.618+07:00 DEBUG 28556 --- [library_management] [   scheduling-1] org.hibernate.SQL                        : select b1_0.id,b1_0.active,b1_0.average_rating,b1_0.borrow_fee,b1_0.category_id,b1_0.cover_image_url,b1_0.created_at,b1_0.description,b1_0.isbn,b1_0.publish_year,b1_0.publisher_id,b1_0.rating_count,b1_0.title,b1_0.updated_at,b1_0.version from books b1_0 where b1_0.id=?
2026-09-19T21:47:48.621+07:00 DEBUG 28556 --- [library_management] [   scheduling-1] org.hibernate.SQL                        : select u1_0.id,u1_0.active,u1_0.created_at,u1_0.email,u1_0.full_name,u1_0.password_hash,u1_0.phone,u1_0.role,u1_0.updated_at from users u1_0 where u1_0.id=?
2026-09-19T21:47:48.623+07:00 DEBUG 28556 --- [library_management] [   scheduling-1] org.hibernate.SQL                        : select b1_0.id,b1_0.active,b1_0.average_rating,b1_0.borrow_fee,b1_0.category_id,b1_0.cover_image_url,b1_0.created_at,b1_0.description,b1_0.isbn,b1_0.publish_year,b1_0.publisher_id,b1_0.rating_count,b1_0.title,b1_0.updated_at,b1_0.version from books b1_0 where b1_0.id=?
2026-09-19T21:47:48.627+07:00 DEBUG 28556 --- [library_management] [   scheduling-1] org.hibernate.SQL                        : select count(bc1_0.id) from book_copies bc1_0 where bc1_0.book_id=? and bc1_0.status=?
2026-09-19T21:47:48.631+07:00 DEBUG 28556 --- [library_management] [   scheduling-1] org.hibernate.SQL                        : select count(bc1_0.id) from book_copies bc1_0 where bc1_0.book_id=? and bc1_0.status=?
2026-09-19T21:48:03.641+07:00 DEBUG 28556 --- [library_management] [   scheduling-1] org.hibernate.SQL                        : select bas1_0.id,bas1_0.book_id,bas1_0.created_at,bas1_0.last_available_quantity,bas1_0.user_id from book_availability_subscriptions bas1_0
2026-09-19T21:48:03.644+07:00 DEBUG 28556 --- [library_management] [   scheduling-1] org.hibernate.SQL                        : select b1_0.id,b1_0.active,b1_0.average_rating,b1_0.borrow_fee,b1_0.category_id,b1_0.cover_image_url,b1_0.created_at,b1_0.description,b1_0.isbn,b1_0.publish_year,b1_0.publisher_id,b1_0.rating_count,b1_0.title,b1_0.updated_at,b1_0.version from books b1_0 where b1_0.id=?
2026-09-19T21:48:03.646+07:00 DEBUG 28556 --- [library_management] [   scheduling-1] org.hibernate.SQL                        : select u1_0.id,u1_0.active,u1_0.created_at,u1_0.email,u1_0.full_name,u1_0.password_hash,u1_0.phone,u1_0.role,u1_0.updated_at from users u1_0 where u1_0.id=?
2026-09-19T21:48:03.648+07:00 DEBUG 28556 --- [library_management] [   scheduling-1] org.hibernate.SQL                        : select b1_0.id,b1_0.active,b1_0.average_rating,b1_0.borrow_fee,b1_0.category_id,b1_0.cover_image_url,b1_0.created_at,b1_0.description,b1_0.isbn,b1_0.publish_year,b1_0.publisher_id,b1_0.rating_count,b1_0.title,b1_0.updated_at,b1_0.version from books b1_0 where b1_0.id=?
2026-09-19T21:48:03.654+07:00 DEBUG 28556 --- [library_management] [   scheduling-1] org.hibernate.SQL                        : select count(bc1_0.id) from book_copies bc1_0 where bc1_0.book_id=? and bc1_0.status=?
2026-09-19T21:48:03.657+07:00 DEBUG 28556 --- [library_management] [   scheduling-1] org.hibernate.SQL                        : select count(bc1_0.id) from book_copies bc1_0 where bc1_0.book_id=? and bc1_0.status=?
2026-09-19T21:48:18.673+07:00 DEBUG 28556 --- [library_management] [   scheduling-1] org.hibernate.SQL                        : select bas1_0.id,bas1_0.book_id,bas1_0.created_at,bas1_0.last_available_quantity,bas1_0.user_id from book_availability_subscriptions bas1_0
2026-09-19T21:48:18.676+07:00 DEBUG 28556 --- [library_management] [   scheduling-1] org.hibernate.SQL                        : select b1_0.id,b1_0.active,b1_0.average_rating,b1_0.borrow_fee,b1_0.category_id,b1_0.cover_image_url,b1_0.created_at,b1_0.description,b1_0.isbn,b1_0.publish_year,b1_0.publisher_id,b1_0.rating_count,b1_0.title,b1_0.updated_at,b1_0.version from books b1_0 where b1_0.id=?
2026-09-19T21:48:18.680+07:00 DEBUG 28556 --- [library_management] [   scheduling-1] org.hibernate.SQL                        : select u1_0.id,u1_0.active,u1_0.created_at,u1_0.email,u1_0.full_name,u1_0.password_hash,u1_0.phone,u1_0.role,u1_0.updated_at from users u1_0 where u1_0.id=?
2026-09-19T21:48:18.683+07:00 DEBUG 28556 --- [library_management] [   scheduling-1] org.hibernate.SQL                        : select b1_0.id,b1_0.active,b1_0.average_rating,b1_0.borrow_fee,b1_0.category_id,b1_0.cover_image_url,b1_0.created_at,b1_0.description,b1_0.isbn,b1_0.publish_year,b1_0.publisher_id,b1_0.rating_count,b1_0.title,b1_0.updated_at,b1_0.version from books b1_0 where b1_0.id=?
2026-09-19T21:48:18.690+07:00 DEBUG 28556 --- [library_management] [   scheduling-1] org.hibernate.SQL                        : select count(bc1_0.id) from book_copies bc1_0 where bc1_0.book_id=? and bc1_0.status=?
2026-09-19T21:48:18.694+07:00 DEBUG 28556 --- [library_management] [   scheduling-1] org.hibernate.SQL                        : select count(bc1_0.id) from book_copies bc1_0 where bc1_0.book_id=? and bc1_0.status=?
2026-09-19T21:48:33.712+07:00 DEBUG 28556 --- [library_management] [   scheduling-1] org.hibernate.SQL                        : select bas1_0.id,bas1_0.book_id,bas1_0.created_at,bas1_0.last_available_quantity,bas1_0.user_id from book_availability_subscriptions bas1_0
2026-09-19T21:48:33.714+07:00 DEBUG 28556 --- [library_management] [   scheduling-1] org.hibernate.SQL                        : select b1_0.id,b1_0.active,b1_0.average_rating,b1_0.borrow_fee,b1_0.category_id,b1_0.cover_image_url,b1_0.created_at,b1_0.description,b1_0.isbn,b1_0.publish_year,b1_0.publisher_id,b1_0.rating_count,b1_0.title,b1_0.updated_at,b1_0.version from books b1_0 where b1_0.id=?
2026-09-19T21:48:33.716+07:00 DEBUG 28556 --- [library_management] [   scheduling-1] org.hibernate.SQL                        : select u1_0.id,u1_0.active,u1_0.created_at,u1_0.email,u1_0.full_name,u1_0.password_hash,u1_0.phone,u1_0.role,u1_0.updated_at from users u1_0 where u1_0.id=?
2026-09-19T21:48:33.720+07:00 DEBUG 28556 --- [library_management] [   scheduling-1] org.hibernate.SQL                        : select b1_0.id,b1_0.active,b1_0.average_rating,b1_0.borrow_fee,b1_0.category_id,b1_0.cover_image_url,b1_0.created_at,b1_0.description,b1_0.isbn,b1_0.publish_year,b1_0.publisher_id,b1_0.rating_count,b1_0.title,b1_0.updated_at,b1_0.version from books b1_0 where b1_0.id=?
2026-09-19T21:48:33.724+07:00 DEBUG 28556 --- [library_management] [   scheduling-1] org.hibernate.SQL                        : select count(bc1_0.id) from book_copies bc1_0 where bc1_0.book_id=? and bc1_0.status=?
2026-09-19T21:48:33.727+07:00 DEBUG 28556 --- [library_management] [   scheduling-1] org.hibernate.SQL                        : select count(bc1_0.id) from book_copies bc1_0 where bc1_0.book_id=? and bc1_0.status=?
2026-09-19T21:48:48.738+07:00 DEBUG 28556 --- [library_management] [   scheduling-1] org.hibernate.SQL                        : select bas1_0.id,bas1_0.book_id,bas1_0.created_at,bas1_0.last_available_quantity,bas1_0.user_id from book_availability_subscriptions bas1_0
2026-09-19T21:48:48.742+07:00 DEBUG 28556 --- [library_management] [   scheduling-1] org.hibernate.SQL                        : select b1_0.id,b1_0.active,b1_0.average_rating,b1_0.borrow_fee,b1_0.category_id,b1_0.cover_image_url,b1_0.created_at,b1_0.description,b1_0.isbn,b1_0.publish_year,b1_0.publisher_id,b1_0.rating_count,b1_0.title,b1_0.updated_at,b1_0.version from books b1_0 where b1_0.id=?
2026-09-19T21:48:48.746+07:00 DEBUG 28556 --- [library_management] [   scheduling-1] org.hibernate.SQL                        : select u1_0.id,u1_0.active,u1_0.created_at,u1_0.email,u1_0.full_name,u1_0.password_hash,u1_0.phone,u1_0.role,u1_0.updated_at from users u1_0 where u1_0.id=?
2026-09-19T21:48:48.749+07:00 DEBUG 28556 --- [library_management] [   scheduling-1] org.hibernate.SQL                        : select b1_0.id,b1_0.active,b1_0.average_rating,b1_0.borrow_fee,b1_0.category_id,b1_0.cover_image_url,b1_0.created_at,b1_0.description,b1_0.isbn,b1_0.publish_year,b1_0.publisher_id,b1_0.rating_count,b1_0.title,b1_0.updated_at,b1_0.version from books b1_0 where b1_0.id=?
2026-09-19T21:48:48.755+07:00 DEBUG 28556 --- [library_management] [   scheduling-1] org.hibernate.SQL                        : select count(bc1_0.id) from book_copies bc1_0 where bc1_0.book_id=? and bc1_0.status=?
2026-09-19T21:48:48.760+07:00 DEBUG 28556 --- [library_management] [   scheduling-1] org.hibernate.SQL                        : select count(bc1_0.id) from book_copies bc1_0 where bc1_0.book_id=? and bc1_0.status=?
2026-09-19T21:49:03.777+07:00 DEBUG 28556 --- [library_management] [   scheduling-1] org.hibernate.SQL                        : select bas1_0.id,bas1_0.book_id,bas1_0.created_at,bas1_0.last_available_quantity,bas1_0.user_id from book_availability_subscriptions bas1_0
2026-09-19T21:49:03.782+07:00 DEBUG 28556 --- [library_management] [   scheduling-1] org.hibernate.SQL                        : select b1_0.id,b1_0.active,b1_0.average_rating,b1_0.borrow_fee,b1_0.category_id,b1_0.cover_image_url,b1_0.created_at,b1_0.description,b1_0.isbn,b1_0.publish_year,b1_0.publisher_id,b1_0.rating_count,b1_0.title,b1_0.updated_at,b1_0.version from books b1_0 where b1_0.id=?
2026-09-19T21:49:03.785+07:00 DEBUG 28556 --- [library_management] [   scheduling-1] org.hibernate.SQL                        : select u1_0.id,u1_0.active,u1_0.created_at,u1_0.email,u1_0.full_name,u1_0.password_hash,u1_0.phone,u1_0.role,u1_0.updated_at from users u1_0 where u1_0.id=?
2026-09-19T21:49:03.789+07:00 DEBUG 28556 --- [library_management] [   scheduling-1] org.hibernate.SQL                        : select b1_0.id,b1_0.active,b1_0.average_rating,b1_0.borrow_fee,b1_0.category_id,b1_0.cover_image_url,b1_0.created_at,b1_0.description,b1_0.isbn,b1_0.publish_year,b1_0.publisher_id,b1_0.rating_count,b1_0.title,b1_0.updated_at,b1_0.version from books b1_0 where b1_0.id=?
2026-09-19T21:49:03.794+07:00 DEBUG 28556 --- [library_management] [   scheduling-1] org.hibernate.SQL                        : select count(bc1_0.id) from book_copies bc1_0 where bc1_0.book_id=? and bc1_0.status=?
2026-09-19T21:49:03.798+07:00 DEBUG 28556 --- [library_management] [   scheduling-1] org.hibernate.SQL                        : select count(bc1_0.id) from book_copies bc1_0 where bc1_0.book_id=? and bc1_0.status=?
2026-09-19T21:49:18.810+07:00 DEBUG 28556 --- [library_management] [   scheduling-1] org.hibernate.SQL                        : select bas1_0.id,bas1_0.book_id,bas1_0.created_at,bas1_0.last_available_quantity,bas1_0.user_id from book_availability_subscriptions bas1_0
2026-09-19T21:49:18.814+07:00 DEBUG 28556 --- [library_management] [   scheduling-1] org.hibernate.SQL                        : select b1_0.id,b1_0.active,b1_0.average_rating,b1_0.borrow_fee,b1_0.category_id,b1_0.cover_image_url,b1_0.created_at,b1_0.description,b1_0.isbn,b1_0.publish_year,b1_0.publisher_id,b1_0.rating_count,b1_0.title,b1_0.updated_at,b1_0.version from books b1_0 where b1_0.id=?
2026-09-19T21:49:18.818+07:00 DEBUG 28556 --- [library_management] [   scheduling-1] org.hibernate.SQL                        : select u1_0.id,u1_0.active,u1_0.created_at,u1_0.email,u1_0.full_name,u1_0.password_hash,u1_0.phone,u1_0.role,u1_0.updated_at from users u1_0 where u1_0.id=?
2026-09-19T21:49:18.820+07:00 DEBUG 28556 --- [library_management] [   scheduling-1] org.hibernate.SQL                        : select b1_0.id,b1_0.active,b1_0.average_rating,b1_0.borrow_fee,b1_0.category_id,b1_0.cover_image_url,b1_0.created_at,b1_0.description,b1_0.isbn,b1_0.publish_year,b1_0.publisher_id,b1_0.rating_count,b1_0.title,b1_0.updated_at,b1_0.version from books b1_0 where b1_0.id=?
2026-09-19T21:49:18.824+07:00 DEBUG 28556 --- [library_management] [   scheduling-1] org.hibernate.SQL                        : select count(bc1_0.id) from book_copies bc1_0 where bc1_0.book_id=? and bc1_0.status=?
2026-09-19T21:49:18.826+07:00 DEBUG 28556 --- [library_management] [   scheduling-1] org.hibernate.SQL                        : select count(bc1_0.id) from book_copies bc1_0 where bc1_0.book_id=? and bc1_0.status=?
2026-09-19T21:49:33.840+07:00 DEBUG 28556 --- [library_management] [   scheduling-1] org.hibernate.SQL                        : select bas1_0.id,bas1_0.book_id,bas1_0.created_at,bas1_0.last_available_quantity,bas1_0.user_id from book_availability_subscriptions bas1_0
2026-09-19T21:49:33.843+07:00 DEBUG 28556 --- [library_management] [   scheduling-1] org.hibernate.SQL                        : select b1_0.id,b1_0.active,b1_0.average_rating,b1_0.borrow_fee,b1_0.category_id,b1_0.cover_image_url,b1_0.created_at,b1_0.description,b1_0.isbn,b1_0.publish_year,b1_0.publisher_id,b1_0.rating_count,b1_0.title,b1_0.updated_at,b1_0.version from books b1_0 where b1_0.id=?
2026-09-19T21:49:33.847+07:00 DEBUG 28556 --- [library_management] [   scheduling-1] org.hibernate.SQL                        : select u1_0.id,u1_0.active,u1_0.created_at,u1_0.email,u1_0.full_name,u1_0.password_hash,u1_0.phone,u1_0.role,u1_0.updated_at from users u1_0 where u1_0.id=?
2026-09-19T21:49:33.851+07:00 DEBUG 28556 --- [library_management] [   scheduling-1] org.hibernate.SQL                        : select b1_0.id,b1_0.active,b1_0.average_rating,b1_0.borrow_fee,b1_0.category_id,b1_0.cover_image_url,b1_0.created_at,b1_0.description,b1_0.isbn,b1_0.publish_year,b1_0.publisher_id,b1_0.rating_count,b1_0.title,b1_0.updated_at,b1_0.version from books b1_0 where b1_0.id=?
2026-09-19T21:49:33.855+07:00 DEBUG 28556 --- [library_management] [   scheduling-1] org.hibernate.SQL                        : select count(bc1_0.id) from book_copies bc1_0 where bc1_0.book_id=? and bc1_0.status=?
2026-09-19T21:49:33.859+07:00 DEBUG 28556 --- [library_management] [   scheduling-1] org.hibernate.SQL                        : select count(bc1_0.id) from book_copies bc1_0 where bc1_0.book_id=? and bc1_0.status=?
2026-09-19T21:49:48.868+07:00 DEBUG 28556 --- [library_management] [   scheduling-1] org.hibernate.SQL                        : select bas1_0.id,bas1_0.book_id,bas1_0.created_at,bas1_0.last_available_quantity,bas1_0.user_id from book_availability_subscriptions bas1_0
2026-09-19T21:49:48.872+07:00 DEBUG 28556 --- [library_management] [   scheduling-1] org.hibernate.SQL                        : select b1_0.id,b1_0.active,b1_0.average_rating,b1_0.borrow_fee,b1_0.category_id,b1_0.cover_image_url,b1_0.created_at,b1_0.description,b1_0.isbn,b1_0.publish_year,b1_0.publisher_id,b1_0.rating_count,b1_0.title,b1_0.updated_at,b1_0.version from books b1_0 where b1_0.id=?
2026-09-19T21:49:48.875+07:00 DEBUG 28556 --- [library_management] [   scheduling-1] org.hibernate.SQL                        : select u1_0.id,u1_0.active,u1_0.created_at,u1_0.email,u1_0.full_name,u1_0.password_hash,u1_0.phone,u1_0.role,u1_0.updated_at from users u1_0 where u1_0.id=?
2026-09-19T21:49:48.878+07:00 DEBUG 28556 --- [library_management] [   scheduling-1] org.hibernate.SQL                        : select b1_0.id,b1_0.active,b1_0.average_rating,b1_0.borrow_fee,b1_0.category_id,b1_0.cover_image_url,b1_0.created_at,b1_0.description,b1_0.isbn,b1_0.publish_year,b1_0.publisher_id,b1_0.rating_count,b1_0.title,b1_0.updated_at,b1_0.version from books b1_0 where b1_0.id=?
2026-09-19T21:49:48.883+07:00 DEBUG 28556 --- [library_management] [   scheduling-1] org.hibernate.SQL                        : select count(bc1_0.id) from book_copies bc1_0 where bc1_0.book_id=? and bc1_0.status=?
2026-09-19T21:49:48.886+07:00 DEBUG 28556 --- [library_management] [   scheduling-1] org.hibernate.SQL                        : select count(bc1_0.id) from book_copies bc1_0 where bc1_0.book_id=? and bc1_0.status=?
2026-09-19T21:50:03.904+07:00 DEBUG 28556 --- [library_management] [   scheduling-1] org.hibernate.SQL                        : select bas1_0.id,bas1_0.book_id,bas1_0.created_at,bas1_0.last_available_quantity,bas1_0.user_id from book_availability_subscriptions bas1_0
2026-09-19T21:50:03.908+07:00 DEBUG 28556 --- [library_management] [   scheduling-1] org.hibernate.SQL                        : select b1_0.id,b1_0.active,b1_0.average_rating,b1_0.borrow_fee,b1_0.category_id,b1_0.cover_image_url,b1_0.created_at,b1_0.description,b1_0.isbn,b1_0.publish_year,b1_0.publisher_id,b1_0.rating_count,b1_0.title,b1_0.updated_at,b1_0.version from books b1_0 where b1_0.id=?
2026-09-19T21:50:03.912+07:00 DEBUG 28556 --- [library_management] [   scheduling-1] org.hibernate.SQL                        : select u1_0.id,u1_0.active,u1_0.created_at,u1_0.email,u1_0.full_name,u1_0.password_hash,u1_0.phone,u1_0.role,u1_0.updated_at from users u1_0 where u1_0.id=?
2026-09-19T21:50:03.918+07:00 DEBUG 28556 --- [library_management] [   scheduling-1] org.hibernate.SQL                        : select b1_0.id,b1_0.active,b1_0.average_rating,b1_0.borrow_fee,b1_0.category_id,b1_0.cover_image_url,b1_0.created_at,b1_0.description,b1_0.isbn,b1_0.publish_year,b1_0.publisher_id,b1_0.rating_count,b1_0.title,b1_0.updated_at,b1_0.version from books b1_0 where b1_0.id=?
2026-09-19T21:50:03.926+07:00 DEBUG 28556 --- [library_management] [   scheduling-1] org.hibernate.SQL                        : select count(bc1_0.id) from book_copies bc1_0 where bc1_0.book_id=? and bc1_0.status=?
2026-09-19T21:50:03.930+07:00 DEBUG 28556 --- [library_management] [   scheduling-1] org.hibernate.SQL                        : select count(bc1_0.id) from book_copies bc1_0 where bc1_0.book_id=? and bc1_0.status=?
2026-09-19T21:50:18.941+07:00 DEBUG 28556 --- [library_management] [   scheduling-1] org.hibernate.SQL                        : select bas1_0.id,bas1_0.book_id,bas1_0.created_at,bas1_0.last_available_quantity,bas1_0.user_id from book_availability_subscriptions bas1_0
2026-09-19T21:50:18.945+07:00 DEBUG 28556 --- [library_management] [   scheduling-1] org.hibernate.SQL                        : select b1_0.id,b1_0.active,b1_0.average_rating,b1_0.borrow_fee,b1_0.category_id,b1_0.cover_image_url,b1_0.created_at,b1_0.description,b1_0.isbn,b1_0.publish_year,b1_0.publisher_id,b1_0.rating_count,b1_0.title,b1_0.updated_at,b1_0.version from books b1_0 where b1_0.id=?
2026-09-19T21:50:18.948+07:00 DEBUG 28556 --- [library_management] [   scheduling-1] org.hibernate.SQL                        : select u1_0.id,u1_0.active,u1_0.created_at,u1_0.email,u1_0.full_name,u1_0.password_hash,u1_0.phone,u1_0.role,u1_0.updated_at from users u1_0 where u1_0.id=?
2026-09-19T21:50:18.952+07:00 DEBUG 28556 --- [library_management] [   scheduling-1] org.hibernate.SQL                        : select b1_0.id,b1_0.active,b1_0.average_rating,b1_0.borrow_fee,b1_0.category_id,b1_0.cover_image_url,b1_0.created_at,b1_0.description,b1_0.isbn,b1_0.publish_year,b1_0.publisher_id,b1_0.rating_count,b1_0.title,b1_0.updated_at,b1_0.version from books b1_0 where b1_0.id=?
2026-09-19T21:50:18.965+07:00 DEBUG 28556 --- [library_management] [   scheduling-1] org.hibernate.SQL                        : select count(bc1_0.id) from book_copies bc1_0 where bc1_0.book_id=? and bc1_0.status=?
2026-09-19T21:50:18.969+07:00 DEBUG 28556 --- [library_management] [   scheduling-1] org.hibernate.SQL                        : select count(bc1_0.id) from book_copies bc1_0 where bc1_0.book_id=? and bc1_0.status=?
2026-09-19T21:50:33.987+07:00 DEBUG 28556 --- [library_management] [   scheduling-1] org.hibernate.SQL                        : select bas1_0.id,bas1_0.book_id,bas1_0.created_at,bas1_0.last_available_quantity,bas1_0.user_id from book_availability_subscriptions bas1_0
2026-09-19T21:50:33.992+07:00 DEBUG 28556 --- [library_management] [   scheduling-1] org.hibernate.SQL                        : select b1_0.id,b1_0.active,b1_0.average_rating,b1_0.borrow_fee,b1_0.category_id,b1_0.cover_image_url,b1_0.created_at,b1_0.description,b1_0.isbn,b1_0.publish_year,b1_0.publisher_id,b1_0.rating_count,b1_0.title,b1_0.updated_at,b1_0.version from books b1_0 where b1_0.id=?
2026-09-19T21:50:33.998+07:00 DEBUG 28556 --- [library_management] [   scheduling-1] org.hibernate.SQL                        : select u1_0.id,u1_0.active,u1_0.created_at,u1_0.email,u1_0.full_name,u1_0.password_hash,u1_0.phone,u1_0.role,u1_0.updated_at from users u1_0 where u1_0.id=?
2026-09-19T21:50:34.003+07:00 DEBUG 28556 --- [library_management] [   scheduling-1] org.hibernate.SQL                        : select b1_0.id,b1_0.active,b1_0.average_rating,b1_0.borrow_fee,b1_0.category_id,b1_0.cover_image_url,b1_0.created_at,b1_0.description,b1_0.isbn,b1_0.publish_year,b1_0.publisher_id,b1_0.rating_count,b1_0.title,b1_0.updated_at,b1_0.version from books b1_0 where b1_0.id=?
2026-09-19T21:50:34.008+07:00 DEBUG 28556 --- [library_management] [   scheduling-1] org.hibernate.SQL                        : select count(bc1_0.id) from book_copies bc1_0 where bc1_0.book_id=? and bc1_0.status=?
2026-09-19T21:50:34.013+07:00 DEBUG 28556 --- [library_management] [   scheduling-1] org.hibernate.SQL                        : select count(bc1_0.id) from book_copies bc1_0 where bc1_0.book_id=? and bc1_0.status=?
2026-09-19T21:50:49.026+07:00 DEBUG 28556 --- [library_management] [   scheduling-1] org.hibernate.SQL                        : select bas1_0.id,bas1_0.book_id,bas1_0.created_at,bas1_0.last_available_quantity,bas1_0.user_id from book_availability_subscriptions bas1_0
2026-09-19T21:50:49.030+07:00 DEBUG 28556 --- [library_management] [   scheduling-1] org.hibernate.SQL                        : select b1_0.id,b1_0.active,b1_0.average_rating,b1_0.borrow_fee,b1_0.category_id,b1_0.cover_image_url,b1_0.created_at,b1_0.description,b1_0.isbn,b1_0.publish_year,b1_0.publisher_id,b1_0.rating_count,b1_0.title,b1_0.updated_at,b1_0.version from books b1_0 where b1_0.id=?
2026-09-19T21:50:49.034+07:00 DEBUG 28556 --- [library_management] [   scheduling-1] org.hibernate.SQL                        : select u1_0.id,u1_0.active,u1_0.created_at,u1_0.email,u1_0.full_name,u1_0.password_hash,u1_0.phone,u1_0.role,u1_0.updated_at from users u1_0 where u1_0.id=?
2026-09-19T21:50:49.037+07:00 DEBUG 28556 --- [library_management] [   scheduling-1] org.hibernate.SQL                        : select b1_0.id,b1_0.active,b1_0.average_rating,b1_0.borrow_fee,b1_0.category_id,b1_0.cover_image_url,b1_0.created_at,b1_0.description,b1_0.isbn,b1_0.publish_year,b1_0.publisher_id,b1_0.rating_count,b1_0.title,b1_0.updated_at,b1_0.version from books b1_0 where b1_0.id=?
2026-09-19T21:50:49.042+07:00 DEBUG 28556 --- [library_management] [   scheduling-1] org.hibernate.SQL                        : select count(bc1_0.id) from book_copies bc1_0 where bc1_0.book_id=? and bc1_0.status=?
2026-09-19T21:50:49.046+07:00 DEBUG 28556 --- [library_management] [   scheduling-1] org.hibernate.SQL                        : select count(bc1_0.id) from book_copies bc1_0 where bc1_0.book_id=? and bc1_0.status=?
2026-09-19T21:51:04.059+07:00 DEBUG 28556 --- [library_management] [   scheduling-1] org.hibernate.SQL                        : select bas1_0.id,bas1_0.book_id,bas1_0.created_at,bas1_0.last_available_quantity,bas1_0.user_id from book_availability_subscriptions bas1_0
2026-09-19T21:51:04.063+07:00 DEBUG 28556 --- [library_management] [   scheduling-1] org.hibernate.SQL                        : select b1_0.id,b1_0.active,b1_0.average_rating,b1_0.borrow_fee,b1_0.category_id,b1_0.cover_image_url,b1_0.created_at,b1_0.description,b1_0.isbn,b1_0.publish_year,b1_0.publisher_id,b1_0.rating_count,b1_0.title,b1_0.updated_at,b1_0.version from books b1_0 where b1_0.id=?
2026-09-19T21:51:04.065+07:00 DEBUG 28556 --- [library_management] [   scheduling-1] org.hibernate.SQL                        : select u1_0.id,u1_0.active,u1_0.created_at,u1_0.email,u1_0.full_name,u1_0.password_hash,u1_0.phone,u1_0.role,u1_0.updated_at from users u1_0 where u1_0.id=?
2026-09-19T21:51:04.068+07:00 DEBUG 28556 --- [library_management] [   scheduling-1] org.hibernate.SQL                        : select b1_0.id,b1_0.active,b1_0.average_rating,b1_0.borrow_fee,b1_0.category_id,b1_0.cover_image_url,b1_0.created_at,b1_0.description,b1_0.isbn,b1_0.publish_year,b1_0.publisher_id,b1_0.rating_count,b1_0.title,b1_0.updated_at,b1_0.version from books b1_0 where b1_0.id=?
2026-09-19T21:51:04.072+07:00 DEBUG 28556 --- [library_management] [   scheduling-1] org.hibernate.SQL                        : select count(bc1_0.id) from book_copies bc1_0 where bc1_0.book_id=? and bc1_0.status=?
2026-09-19T21:51:04.075+07:00 DEBUG 28556 --- [library_management] [   scheduling-1] org.hibernate.SQL                        : select count(bc1_0.id) from book_copies bc1_0 where bc1_0.book_id=? and bc1_0.status=?
2026-09-19T21:51:19.095+07:00 DEBUG 28556 --- [library_management] [   scheduling-1] org.hibernate.SQL                        : select bas1_0.id,bas1_0.book_id,bas1_0.created_at,bas1_0.last_available_quantity,bas1_0.user_id from book_availability_subscriptions bas1_0
2026-09-19T21:51:19.098+07:00 DEBUG 28556 --- [library_management] [   scheduling-1] org.hibernate.SQL                        : select b1_0.id,b1_0.active,b1_0.average_rating,b1_0.borrow_fee,b1_0.category_id,b1_0.cover_image_url,b1_0.created_at,b1_0.description,b1_0.isbn,b1_0.publish_year,b1_0.publisher_id,b1_0.rating_count,b1_0.title,b1_0.updated_at,b1_0.version from books b1_0 where b1_0.id=?
2026-09-19T21:51:19.101+07:00 DEBUG 28556 --- [library_management] [   scheduling-1] org.hibernate.SQL                        : select u1_0.id,u1_0.active,u1_0.created_at,u1_0.email,u1_0.full_name,u1_0.password_hash,u1_0.phone,u1_0.role,u1_0.updated_at from users u1_0 where u1_0.id=?
2026-09-19T21:51:19.104+07:00 DEBUG 28556 --- [library_management] [   scheduling-1] org.hibernate.SQL                        : select b1_0.id,b1_0.active,b1_0.average_rating,b1_0.borrow_fee,b1_0.category_id,b1_0.cover_image_url,b1_0.created_at,b1_0.description,b1_0.isbn,b1_0.publish_year,b1_0.publisher_id,b1_0.rating_count,b1_0.title,b1_0.updated_at,b1_0.version from books b1_0 where b1_0.id=?
2026-09-19T21:51:19.108+07:00 DEBUG 28556 --- [library_management] [   scheduling-1] org.hibernate.SQL                        : select count(bc1_0.id) from book_copies bc1_0 where bc1_0.book_id=? and bc1_0.status=?
2026-09-19T21:51:19.112+07:00 DEBUG 28556 --- [library_management] [   scheduling-1] org.hibernate.SQL                        : select count(bc1_0.id) from book_copies bc1_0 where bc1_0.book_id=? and bc1_0.status=?
2026-09-19T21:51:34.133+07:00 DEBUG 28556 --- [library_management] [   scheduling-1] org.hibernate.SQL                        : select bas1_0.id,bas1_0.book_id,bas1_0.created_at,bas1_0.last_available_quantity,bas1_0.user_id from book_availability_subscriptions bas1_0
2026-09-19T21:51:34.138+07:00 DEBUG 28556 --- [library_management] [   scheduling-1] org.hibernate.SQL                        : select b1_0.id,b1_0.active,b1_0.average_rating,b1_0.borrow_fee,b1_0.category_id,b1_0.cover_image_url,b1_0.created_at,b1_0.description,b1_0.isbn,b1_0.publish_year,b1_0.publisher_id,b1_0.rating_count,b1_0.title,b1_0.updated_at,b1_0.version from books b1_0 where b1_0.id=?
2026-09-19T21:51:34.141+07:00 DEBUG 28556 --- [library_management] [   scheduling-1] org.hibernate.SQL                        : select u1_0.id,u1_0.active,u1_0.created_at,u1_0.email,u1_0.full_name,u1_0.password_hash,u1_0.phone,u1_0.role,u1_0.updated_at from users u1_0 where u1_0.id=?
2026-09-19T21:51:34.144+07:00 DEBUG 28556 --- [library_management] [   scheduling-1] org.hibernate.SQL                        : select b1_0.id,b1_0.active,b1_0.average_rating,b1_0.borrow_fee,b1_0.category_id,b1_0.cover_image_url,b1_0.created_at,b1_0.description,b1_0.isbn,b1_0.publish_year,b1_0.publisher_id,b1_0.rating_count,b1_0.title,b1_0.updated_at,b1_0.version from books b1_0 where b1_0.id=?
2026-09-19T21:51:34.148+07:00 DEBUG 28556 --- [library_management] [   scheduling-1] org.hibernate.SQL                        : select count(bc1_0.id) from book_copies bc1_0 where bc1_0.book_id=? and bc1_0.status=?
2026-09-19T21:51:34.152+07:00 DEBUG 28556 --- [library_management] [   scheduling-1] org.hibernate.SQL                        : select count(bc1_0.id) from book_copies bc1_0 where bc1_0.book_id=? and bc1_0.status=?
2026-09-19T21:51:49.169+07:00 DEBUG 28556 --- [library_management] [   scheduling-1] org.hibernate.SQL                        : select bas1_0.id,bas1_0.book_id,bas1_0.created_at,bas1_0.last_available_quantity,bas1_0.user_id from book_availability_subscriptions bas1_0
2026-09-19T21:51:49.173+07:00 DEBUG 28556 --- [library_management] [   scheduling-1] org.hibernate.SQL                        : select b1_0.id,b1_0.active,b1_0.average_rating,b1_0.borrow_fee,b1_0.category_id,b1_0.cover_image_url,b1_0.created_at,b1_0.description,b1_0.isbn,b1_0.publish_year,b1_0.publisher_id,b1_0.rating_count,b1_0.title,b1_0.updated_at,b1_0.version from books b1_0 where b1_0.id=?
2026-09-19T21:51:49.176+07:00 DEBUG 28556 --- [library_management] [   scheduling-1] org.hibernate.SQL                        : select u1_0.id,u1_0.active,u1_0.created_at,u1_0.email,u1_0.full_name,u1_0.password_hash,u1_0.phone,u1_0.role,u1_0.updated_at from users u1_0 where u1_0.id=?
2026-09-19T21:51:49.180+07:00 DEBUG 28556 --- [library_management] [   scheduling-1] org.hibernate.SQL                        : select b1_0.id,b1_0.active,b1_0.average_rating,b1_0.borrow_fee,b1_0.category_id,b1_0.cover_image_url,b1_0.created_at,b1_0.description,b1_0.isbn,b1_0.publish_year,b1_0.publisher_id,b1_0.rating_count,b1_0.title,b1_0.updated_at,b1_0.version from books b1_0 where b1_0.id=?
2026-09-19T21:51:49.186+07:00 DEBUG 28556 --- [library_management] [   scheduling-1] org.hibernate.SQL                        : select count(bc1_0.id) from book_copies bc1_0 where bc1_0.book_id=? and bc1_0.status=?
2026-09-19T21:51:49.191+07:00 DEBUG 28556 --- [library_management] [   scheduling-1] org.hibernate.SQL                        : select count(bc1_0.id) from book_copies bc1_0 where bc1_0.book_id=? and bc1_0.status=?
2026-09-19T21:52:04.198+07:00 DEBUG 28556 --- [library_management] [   scheduling-1] org.hibernate.SQL                        : select bas1_0.id,bas1_0.book_id,bas1_0.created_at,bas1_0.last_available_quantity,bas1_0.user_id from book_availability_subscriptions bas1_0
2026-09-19T21:52:04.202+07:00 DEBUG 28556 --- [library_management] [   scheduling-1] org.hibernate.SQL                        : select b1_0.id,b1_0.active,b1_0.average_rating,b1_0.borrow_fee,b1_0.category_id,b1_0.cover_image_url,b1_0.created_at,b1_0.description,b1_0.isbn,b1_0.publish_year,b1_0.publisher_id,b1_0.rating_count,b1_0.title,b1_0.updated_at,b1_0.version from books b1_0 where b1_0.id=?
2026-09-19T21:52:04.206+07:00 DEBUG 28556 --- [library_management] [   scheduling-1] org.hibernate.SQL                        : select u1_0.id,u1_0.active,u1_0.created_at,u1_0.email,u1_0.full_name,u1_0.password_hash,u1_0.phone,u1_0.role,u1_0.updated_at from users u1_0 where u1_0.id=?
2026-09-19T21:52:04.209+07:00 DEBUG 28556 --- [library_management] [   scheduling-1] org.hibernate.SQL                        : select b1_0.id,b1_0.active,b1_0.average_rating,b1_0.borrow_fee,b1_0.category_id,b1_0.cover_image_url,b1_0.created_at,b1_0.description,b1_0.isbn,b1_0.publish_year,b1_0.publisher_id,b1_0.rating_count,b1_0.title,b1_0.updated_at,b1_0.version from books b1_0 where b1_0.id=?
2026-09-19T21:52:04.215+07:00 DEBUG 28556 --- [library_management] [   scheduling-1] org.hibernate.SQL                        : select count(bc1_0.id) from book_copies bc1_0 where bc1_0.book_id=? and bc1_0.status=?
2026-09-19T21:52:04.219+07:00 DEBUG 28556 --- [library_management] [   scheduling-1] org.hibernate.SQL                        : select count(bc1_0.id) from book_copies bc1_0 where bc1_0.book_id=? and bc1_0.status=?
2026-09-19T21:52:19.240+07:00 DEBUG 28556 --- [library_management] [   scheduling-1] org.hibernate.SQL                        : select bas1_0.id,bas1_0.book_id,bas1_0.created_at,bas1_0.last_available_quantity,bas1_0.user_id from book_availability_subscriptions bas1_0
2026-09-19T21:52:19.243+07:00 DEBUG 28556 --- [library_management] [   scheduling-1] org.hibernate.SQL                        : select b1_0.id,b1_0.active,b1_0.average_rating,b1_0.borrow_fee,b1_0.category_id,b1_0.cover_image_url,b1_0.created_at,b1_0.description,b1_0.isbn,b1_0.publish_year,b1_0.publisher_id,b1_0.rating_count,b1_0.title,b1_0.updated_at,b1_0.version from books b1_0 where b1_0.id=?
2026-09-19T21:52:19.246+07:00 DEBUG 28556 --- [library_management] [   scheduling-1] org.hibernate.SQL                        : select u1_0.id,u1_0.active,u1_0.created_at,u1_0.email,u1_0.full_name,u1_0.password_hash,u1_0.phone,u1_0.role,u1_0.updated_at from users u1_0 where u1_0.id=?
2026-09-19T21:52:19.248+07:00 DEBUG 28556 --- [library_management] [   scheduling-1] org.hibernate.SQL                        : select b1_0.id,b1_0.active,b1_0.average_rating,b1_0.borrow_fee,b1_0.category_id,b1_0.cover_image_url,b1_0.created_at,b1_0.description,b1_0.isbn,b1_0.publish_year,b1_0.publisher_id,b1_0.rating_count,b1_0.title,b1_0.updated_at,b1_0.version from books b1_0 where b1_0.id=?
2026-09-19T21:52:19.258+07:00 DEBUG 28556 --- [library_management] [   scheduling-1] org.hibernate.SQL                        : select count(bc1_0.id) from book_copies bc1_0 where bc1_0.book_id=? and bc1_0.status=?
2026-09-19T21:52:19.262+07:00 DEBUG 28556 --- [library_management] [   scheduling-1] org.hibernate.SQL                        : select count(bc1_0.id) from book_copies bc1_0 where bc1_0.book_id=? and bc1_0.status=?
2026-09-19T21:52:34.272+07:00 DEBUG 28556 --- [library_management] [   scheduling-1] org.hibernate.SQL                        : select bas1_0.id,bas1_0.book_id,bas1_0.created_at,bas1_0.last_available_quantity,bas1_0.user_id from book_availability_subscriptions bas1_0
2026-09-19T21:52:34.275+07:00 DEBUG 28556 --- [library_management] [   scheduling-1] org.hibernate.SQL                        : select b1_0.id,b1_0.active,b1_0.average_rating,b1_0.borrow_fee,b1_0.category_id,b1_0.cover_image_url,b1_0.created_at,b1_0.description,b1_0.isbn,b1_0.publish_year,b1_0.publisher_id,b1_0.rating_count,b1_0.title,b1_0.updated_at,b1_0.version from books b1_0 where b1_0.id=?
2026-09-19T21:52:34.277+07:00 DEBUG 28556 --- [library_management] [   scheduling-1] org.hibernate.SQL                        : select u1_0.id,u1_0.active,u1_0.created_at,u1_0.email,u1_0.full_name,u1_0.password_hash,u1_0.phone,u1_0.role,u1_0.updated_at from users u1_0 where u1_0.id=?
2026-09-19T21:52:34.279+07:00 DEBUG 28556 --- [library_management] [   scheduling-1] org.hibernate.SQL                        : select b1_0.id,b1_0.active,b1_0.average_rating,b1_0.borrow_fee,b1_0.category_id,b1_0.cover_image_url,b1_0.created_at,b1_0.description,b1_0.isbn,b1_0.publish_year,b1_0.publisher_id,b1_0.rating_count,b1_0.title,b1_0.updated_at,b1_0.version from books b1_0 where b1_0.id=?
2026-09-19T21:52:34.282+07:00 DEBUG 28556 --- [library_management] [   scheduling-1] org.hibernate.SQL                        : select count(bc1_0.id) from book_copies bc1_0 where bc1_0.book_id=? and bc1_0.status=?
2026-09-19T21:52:34.285+07:00 DEBUG 28556 --- [library_management] [   scheduling-1] org.hibernate.SQL                        : select count(bc1_0.id) from book_copies bc1_0 where bc1_0.book_id=? and bc1_0.status=?
2026-09-19T21:52:49.298+07:00 DEBUG 28556 --- [library_management] [   scheduling-1] org.hibernate.SQL                        : select bas1_0.id,bas1_0.book_id,bas1_0.created_at,bas1_0.last_available_quantity,bas1_0.user_id from book_availability_subscriptions bas1_0
2026-09-19T21:52:49.302+07:00 DEBUG 28556 --- [library_management] [   scheduling-1] org.hibernate.SQL                        : select b1_0.id,b1_0.active,b1_0.average_rating,b1_0.borrow_fee,b1_0.category_id,b1_0.cover_image_url,b1_0.created_at,b1_0.description,b1_0.isbn,b1_0.publish_year,b1_0.publisher_id,b1_0.rating_count,b1_0.title,b1_0.updated_at,b1_0.version from books b1_0 where b1_0.id=?
2026-09-19T21:52:49.305+07:00 DEBUG 28556 --- [library_management] [   scheduling-1] org.hibernate.SQL                        : select u1_0.id,u1_0.active,u1_0.created_at,u1_0.email,u1_0.full_name,u1_0.password_hash,u1_0.phone,u1_0.role,u1_0.updated_at from users u1_0 where u1_0.id=?
2026-09-19T21:52:49.309+07:00 DEBUG 28556 --- [library_management] [   scheduling-1] org.hibernate.SQL                        : select b1_0.id,b1_0.active,b1_0.average_rating,b1_0.borrow_fee,b1_0.category_id,b1_0.cover_image_url,b1_0.created_at,b1_0.description,b1_0.isbn,b1_0.publish_year,b1_0.publisher_id,b1_0.rating_count,b1_0.title,b1_0.updated_at,b1_0.version from books b1_0 where b1_0.id=?
2026-09-19T21:52:49.314+07:00 DEBUG 28556 --- [library_management] [   scheduling-1] org.hibernate.SQL                        : select count(bc1_0.id) from book_copies bc1_0 where bc1_0.book_id=? and bc1_0.status=?
2026-09-19T21:52:49.318+07:00 DEBUG 28556 --- [library_management] [   scheduling-1] org.hibernate.SQL                        : select count(bc1_0.id) from book_copies bc1_0 where bc1_0.book_id=? and bc1_0.status=?
2026-09-19T21:53:04.326+07:00 DEBUG 28556 --- [library_management] [   scheduling-1] org.hibernate.SQL                        : select bas1_0.id,bas1_0.book_id,bas1_0.created_at,bas1_0.last_available_quantity,bas1_0.user_id from book_availability_subscriptions bas1_0
2026-09-19T21:53:04.328+07:00 DEBUG 28556 --- [library_management] [   scheduling-1] org.hibernate.SQL                        : select b1_0.id,b1_0.active,b1_0.average_rating,b1_0.borrow_fee,b1_0.category_id,b1_0.cover_image_url,b1_0.created_at,b1_0.description,b1_0.isbn,b1_0.publish_year,b1_0.publisher_id,b1_0.rating_count,b1_0.title,b1_0.updated_at,b1_0.version from books b1_0 where b1_0.id=?
2026-09-19T21:53:04.330+07:00 DEBUG 28556 --- [library_management] [   scheduling-1] org.hibernate.SQL                        : select u1_0.id,u1_0.active,u1_0.created_at,u1_0.email,u1_0.full_name,u1_0.password_hash,u1_0.phone,u1_0.role,u1_0.updated_at from users u1_0 where u1_0.id=?
2026-09-19T21:53:04.333+07:00 DEBUG 28556 --- [library_management] [   scheduling-1] org.hibernate.SQL                        : select b1_0.id,b1_0.active,b1_0.average_rating,b1_0.borrow_fee,b1_0.category_id,b1_0.cover_image_url,b1_0.created_at,b1_0.description,b1_0.isbn,b1_0.publish_year,b1_0.publisher_id,b1_0.rating_count,b1_0.title,b1_0.updated_at,b1_0.version from books b1_0 where b1_0.id=?
2026-09-19T21:53:04.336+07:00 DEBUG 28556 --- [library_management] [   scheduling-1] org.hibernate.SQL                        : select count(bc1_0.id) from book_copies bc1_0 where bc1_0.book_id=? and bc1_0.status=?
2026-09-19T21:53:04.341+07:00 DEBUG 28556 --- [library_management] [   scheduling-1] org.hibernate.SQL                        : select count(bc1_0.id) from book_copies bc1_0 where bc1_0.book_id=? and bc1_0.status=?
2026-09-19T21:53:19.348+07:00 DEBUG 28556 --- [library_management] [   scheduling-1] org.hibernate.SQL                        : select bas1_0.id,bas1_0.book_id,bas1_0.created_at,bas1_0.last_available_quantity,bas1_0.user_id from book_availability_subscriptions bas1_0
2026-09-19T21:53:19.350+07:00 DEBUG 28556 --- [library_management] [   scheduling-1] org.hibernate.SQL                        : select b1_0.id,b1_0.active,b1_0.average_rating,b1_0.borrow_fee,b1_0.category_id,b1_0.cover_image_url,b1_0.created_at,b1_0.description,b1_0.isbn,b1_0.publish_year,b1_0.publisher_id,b1_0.rating_count,b1_0.title,b1_0.updated_at,b1_0.version from books b1_0 where b1_0.id=?
2026-09-19T21:53:19.353+07:00 DEBUG 28556 --- [library_management] [   scheduling-1] org.hibernate.SQL                        : select u1_0.id,u1_0.active,u1_0.created_at,u1_0.email,u1_0.full_name,u1_0.password_hash,u1_0.phone,u1_0.role,u1_0.updated_at from users u1_0 where u1_0.id=?
2026-09-19T21:53:19.355+07:00 DEBUG 28556 --- [library_management] [   scheduling-1] org.hibernate.SQL                        : select b1_0.id,b1_0.active,b1_0.average_rating,b1_0.borrow_fee,b1_0.category_id,b1_0.cover_image_url,b1_0.created_at,b1_0.description,b1_0.isbn,b1_0.publish_year,b1_0.publisher_id,b1_0.rating_count,b1_0.title,b1_0.updated_at,b1_0.version from books b1_0 where b1_0.id=?
2026-09-19T21:53:19.361+07:00 DEBUG 28556 --- [library_management] [   scheduling-1] org.hibernate.SQL                        : select count(bc1_0.id) from book_copies bc1_0 where bc1_0.book_id=? and bc1_0.status=?
2026-09-19T21:53:19.365+07:00 DEBUG 28556 --- [library_management] [   scheduling-1] org.hibernate.SQL                        : select count(bc1_0.id) from book_copies bc1_0 where bc1_0.book_id=? and bc1_0.status=?
2026-09-19T21:53:34.372+07:00 DEBUG 28556 --- [library_management] [   scheduling-1] org.hibernate.SQL                        : select bas1_0.id,bas1_0.book_id,bas1_0.created_at,bas1_0.last_available_quantity,bas1_0.user_id from book_availability_subscriptions bas1_0
2026-09-19T21:53:34.376+07:00 DEBUG 28556 --- [library_management] [   scheduling-1] org.hibernate.SQL                        : select b1_0.id,b1_0.active,b1_0.average_rating,b1_0.borrow_fee,b1_0.category_id,b1_0.cover_image_url,b1_0.created_at,b1_0.description,b1_0.isbn,b1_0.publish_year,b1_0.publisher_id,b1_0.rating_count,b1_0.title,b1_0.updated_at,b1_0.version from books b1_0 where b1_0.id=?
2026-09-19T21:53:34.380+07:00 DEBUG 28556 --- [library_management] [   scheduling-1] org.hibernate.SQL                        : select u1_0.id,u1_0.active,u1_0.created_at,u1_0.email,u1_0.full_name,u1_0.password_hash,u1_0.phone,u1_0.role,u1_0.updated_at from users u1_0 where u1_0.id=?
2026-09-19T21:53:34.383+07:00 DEBUG 28556 --- [library_management] [   scheduling-1] org.hibernate.SQL                        : select b1_0.id,b1_0.active,b1_0.average_rating,b1_0.borrow_fee,b1_0.category_id,b1_0.cover_image_url,b1_0.created_at,b1_0.description,b1_0.isbn,b1_0.publish_year,b1_0.publisher_id,b1_0.rating_count,b1_0.title,b1_0.updated_at,b1_0.version from books b1_0 where b1_0.id=?
2026-09-19T21:53:34.387+07:00 DEBUG 28556 --- [library_management] [   scheduling-1] org.hibernate.SQL                        : select count(bc1_0.id) from book_copies bc1_0 where bc1_0.book_id=? and bc1_0.status=?
2026-09-19T21:53:34.390+07:00 DEBUG 28556 --- [library_management] [   scheduling-1] org.hibernate.SQL                        : select count(bc1_0.id) from book_copies bc1_0 where bc1_0.book_id=? and bc1_0.status=?
2026-09-19T21:53:49.396+07:00 DEBUG 28556 --- [library_management] [   scheduling-1] org.hibernate.SQL                        : select bas1_0.id,bas1_0.book_id,bas1_0.created_at,bas1_0.last_available_quantity,bas1_0.user_id from book_availability_subscriptions bas1_0
2026-09-19T21:53:49.399+07:00 DEBUG 28556 --- [library_management] [   scheduling-1] org.hibernate.SQL                        : select b1_0.id,b1_0.active,b1_0.average_rating,b1_0.borrow_fee,b1_0.category_id,b1_0.cover_image_url,b1_0.created_at,b1_0.description,b1_0.isbn,b1_0.publish_year,b1_0.publisher_id,b1_0.rating_count,b1_0.title,b1_0.updated_at,b1_0.version from books b1_0 where b1_0.id=?
2026-09-19T21:53:49.402+07:00 DEBUG 28556 --- [library_management] [   scheduling-1] org.hibernate.SQL                        : select u1_0.id,u1_0.active,u1_0.created_at,u1_0.email,u1_0.full_name,u1_0.password_hash,u1_0.phone,u1_0.role,u1_0.updated_at from users u1_0 where u1_0.id=?
2026-09-19T21:53:49.404+07:00 DEBUG 28556 --- [library_management] [   scheduling-1] org.hibernate.SQL                        : select b1_0.id,b1_0.active,b1_0.average_rating,b1_0.borrow_fee,b1_0.category_id,b1_0.cover_image_url,b1_0.created_at,b1_0.description,b1_0.isbn,b1_0.publish_year,b1_0.publisher_id,b1_0.rating_count,b1_0.title,b1_0.updated_at,b1_0.version from books b1_0 where b1_0.id=?
2026-09-19T21:53:49.408+07:00 DEBUG 28556 --- [library_management] [   scheduling-1] org.hibernate.SQL                        : select count(bc1_0.id) from book_copies bc1_0 where bc1_0.book_id=? and bc1_0.status=?
2026-09-19T21:53:49.411+07:00 DEBUG 28556 --- [library_management] [   scheduling-1] org.hibernate.SQL                        : select count(bc1_0.id) from book_copies bc1_0 where bc1_0.book_id=? and bc1_0.status=?
2026-09-19T21:54:04.420+07:00 DEBUG 28556 --- [library_management] [   scheduling-1] org.hibernate.SQL                        : select bas1_0.id,bas1_0.book_id,bas1_0.created_at,bas1_0.last_available_quantity,bas1_0.user_id from book_availability_subscriptions bas1_0
2026-09-19T21:54:04.422+07:00 DEBUG 28556 --- [library_management] [   scheduling-1] org.hibernate.SQL                        : select b1_0.id,b1_0.active,b1_0.average_rating,b1_0.borrow_fee,b1_0.category_id,b1_0.cover_image_url,b1_0.created_at,b1_0.description,b1_0.isbn,b1_0.publish_year,b1_0.publisher_id,b1_0.rating_count,b1_0.title,b1_0.updated_at,b1_0.version from books b1_0 where b1_0.id=?
2026-09-19T21:54:04.426+07:00 DEBUG 28556 --- [library_management] [   scheduling-1] org.hibernate.SQL                        : select u1_0.id,u1_0.active,u1_0.created_at,u1_0.email,u1_0.full_name,u1_0.password_hash,u1_0.phone,u1_0.role,u1_0.updated_at from users u1_0 where u1_0.id=?
2026-09-19T21:54:04.430+07:00 DEBUG 28556 --- [library_management] [   scheduling-1] org.hibernate.SQL                        : select b1_0.id,b1_0.active,b1_0.average_rating,b1_0.borrow_fee,b1_0.category_id,b1_0.cover_image_url,b1_0.created_at,b1_0.description,b1_0.isbn,b1_0.publish_year,b1_0.publisher_id,b1_0.rating_count,b1_0.title,b1_0.updated_at,b1_0.version from books b1_0 where b1_0.id=?
2026-09-19T21:54:04.436+07:00 DEBUG 28556 --- [library_management] [   scheduling-1] org.hibernate.SQL                        : select count(bc1_0.id) from book_copies bc1_0 where bc1_0.book_id=? and bc1_0.status=?
2026-09-19T21:54:04.441+07:00 DEBUG 28556 --- [library_management] [   scheduling-1] org.hibernate.SQL                        : select count(bc1_0.id) from book_copies bc1_0 where bc1_0.book_id=? and bc1_0.status=?
2026-09-19T21:54:19.448+07:00 DEBUG 28556 --- [library_management] [   scheduling-1] org.hibernate.SQL                        : select bas1_0.id,bas1_0.book_id,bas1_0.created_at,bas1_0.last_available_quantity,bas1_0.user_id from book_availability_subscriptions bas1_0
2026-09-19T21:54:19.450+07:00 DEBUG 28556 --- [library_management] [   scheduling-1] org.hibernate.SQL                        : select b1_0.id,b1_0.active,b1_0.average_rating,b1_0.borrow_fee,b1_0.category_id,b1_0.cover_image_url,b1_0.created_at,b1_0.description,b1_0.isbn,b1_0.publish_year,b1_0.publisher_id,b1_0.rating_count,b1_0.title,b1_0.updated_at,b1_0.version from books b1_0 where b1_0.id=?
2026-09-19T21:54:19.451+07:00 DEBUG 28556 --- [library_management] [   scheduling-1] org.hibernate.SQL                        : select u1_0.id,u1_0.active,u1_0.created_at,u1_0.email,u1_0.full_name,u1_0.password_hash,u1_0.phone,u1_0.role,u1_0.updated_at from users u1_0 where u1_0.id=?
2026-09-19T21:54:19.452+07:00 DEBUG 28556 --- [library_management] [   scheduling-1] org.hibernate.SQL                        : select b1_0.id,b1_0.active,b1_0.average_rating,b1_0.borrow_fee,b1_0.category_id,b1_0.cover_image_url,b1_0.created_at,b1_0.description,b1_0.isbn,b1_0.publish_year,b1_0.publisher_id,b1_0.rating_count,b1_0.title,b1_0.updated_at,b1_0.version from books b1_0 where b1_0.id=?
2026-09-19T21:54:19.454+07:00 DEBUG 28556 --- [library_management] [   scheduling-1] org.hibernate.SQL                        : select count(bc1_0.id) from book_copies bc1_0 where bc1_0.book_id=? and bc1_0.status=?
2026-09-19T21:54:19.456+07:00 DEBUG 28556 --- [library_management] [   scheduling-1] org.hibernate.SQL                        : select count(bc1_0.id) from book_copies bc1_0 where bc1_0.book_id=? and bc1_0.status=?
2026-09-19T21:54:34.462+07:00 DEBUG 28556 --- [library_management] [   scheduling-1] org.hibernate.SQL                        : select bas1_0.id,bas1_0.book_id,bas1_0.created_at,bas1_0.last_available_quantity,bas1_0.user_id from book_availability_subscriptions bas1_0
2026-09-19T21:54:34.466+07:00 DEBUG 28556 --- [library_management] [   scheduling-1] org.hibernate.SQL                        : select b1_0.id,b1_0.active,b1_0.average_rating,b1_0.borrow_fee,b1_0.category_id,b1_0.cover_image_url,b1_0.created_at,b1_0.description,b1_0.isbn,b1_0.publish_year,b1_0.publisher_id,b1_0.rating_count,b1_0.title,b1_0.updated_at,b1_0.version from books b1_0 where b1_0.id=?
2026-09-19T21:54:34.468+07:00 DEBUG 28556 --- [library_management] [   scheduling-1] org.hibernate.SQL                        : select u1_0.id,u1_0.active,u1_0.created_at,u1_0.email,u1_0.full_name,u1_0.password_hash,u1_0.phone,u1_0.role,u1_0.updated_at from users u1_0 where u1_0.id=?
2026-09-19T21:54:34.471+07:00 DEBUG 28556 --- [library_management] [   scheduling-1] org.hibernate.SQL                        : select b1_0.id,b1_0.active,b1_0.average_rating,b1_0.borrow_fee,b1_0.category_id,b1_0.cover_image_url,b1_0.created_at,b1_0.description,b1_0.isbn,b1_0.publish_year,b1_0.publisher_id,b1_0.rating_count,b1_0.title,b1_0.updated_at,b1_0.version from books b1_0 where b1_0.id=?
2026-09-19T21:54:34.475+07:00 DEBUG 28556 --- [library_management] [   scheduling-1] org.hibernate.SQL                        : select count(bc1_0.id) from book_copies bc1_0 where bc1_0.book_id=? and bc1_0.status=?
2026-09-19T21:54:34.478+07:00 DEBUG 28556 --- [library_management] [   scheduling-1] org.hibernate.SQL                        : select count(bc1_0.id) from book_copies bc1_0 where bc1_0.book_id=? and bc1_0.status=?
